trade_id,bot_id,algo_id,ticker,entry_price,exit_price,entry_time,exit_time,entry_trigger_price,exit_trigger_price,entry_trigger_time,exit_trigger_time,trade_size,trade_direction,trade_pnl,trade_status
1,4,2,TSLA,346.23,346.85,2025-02-11 20:50:31.625626,2025-02-11 20:50:42.884448,,346.85,,2025-02-11 20:50:42.884448,10000.00,SHORT,-0.62,closed
2,4,2,TSLA,346.26,346.63,2025-02-11 20:50:53.903746,2025-02-11 20:51:50.749822,,346.63,,2025-02-11 20:51:50.749822,10000.00,SHORT,-0.37,closed
3,4,2,TSLA,346.24,346.87,2025-02-11 20:52:05.441612,2025-02-11 20:52:31.176666,,346.87,,2025-02-11 20:52:31.176666,10000.00,SHORT,-0.63,closed
4,4,2,TSLA,346.27,346.60,2025-02-11 20:52:43.419923,2025-02-11 20:53:19.724613,,346.60,,2025-02-11 20:53:19.724613,10000.00,SHORT,-0.33,closed
5,4,2,TSLA,346.23,346.74,2025-02-11 20:54:17.433371,2025-02-11 20:54:32.702726,,346.74,,2025-02-11 20:54:32.702726,10000.00,SHORT,-0.51,closed
6,4,2,TSLA,346.39,345.85,2025-02-11 20:54:43.908246,2025-02-11 20:57:13.680965,,345.85,,2025-02-11 20:57:13.680965,10000.00,SHORT,0.54,closed
7,4,2,TSLA,345.59,344.77,2025-02-11 20:57:28.705981,2025-02-11 21:00:12.746352,,344.77,,2025-02-11 21:00:12.746352,10000.00,SHORT,0.82,closed
11,4,2,TSLA,344.54,345.15,2025-02-11 21:01:01.604503,2025-02-11 21:01:35.106130,,345.15,,2025-02-11 21:01:35.106130,10000.00,SHORT,-0.61,closed
12,4,2,TSLA,344.77,343.20,2025-02-11 21:02:20.694657,2025-02-11 21:06:06.373981,,343.20,,2025-02-11 21:06:06.373981,10000.00,SHORT,1.57,closed
13,3,2,COIN,278.18,277.70,2025-02-11 21:02:36.203483,2025-02-11 21:03:36.155103,,277.70,,2025-02-11 21:03:36.155103,10000.00,LONG,-0.48,closed
14,2,1,COIN,277.88,277.95,2025-02-11 21:03:12.681579,2025-02-11 21:04:09.795840,,277.95,,2025-02-11 21:04:09.795840,10000.00,SHORT,-0.07,closed
15,2,1,COIN,277.59,276.85,2025-02-11 21:04:13.812964,2025-02-11 21:05:07.264106,,276.85,,2025-02-11 21:05:07.264106,10000.00,SHORT,0.74,closed
17,2,1,COIN,276.13,276.56,2025-02-11 21:05:18.532632,2025-02-11 21:06:06.120968,,276.56,,2025-02-11 21:06:06.120968,10000.00,SHORT,-0.43,closed
19,3,2,COIN,276.51,276.11,2025-02-11 21:06:14.135729,2025-02-11 21:06:18.639233,,276.11,,2025-02-11 21:06:18.639233,10000.00,LONG,-0.40,closed
20,4,2,TSLA,342.87,342.94,2025-02-11 21:06:17.386671,2025-02-11 21:09:05.444804,,342.94,,2025-02-11 21:09:05.444804,10000.00,SHORT,-0.07,closed
21,3,2,COIN,276.70,276.13,2025-02-11 21:06:20.146231,2025-02-11 21:06:40.321715,,276.13,,2025-02-11 21:06:40.321715,10000.00,LONG,-0.57,closed
22,2,1,COIN,276.39,276.75,2025-02-11 21:06:27.409485,2025-02-11 21:06:44.356186,,276.75,,2025-02-11 21:06:44.356186,10000.00,SHORT,-0.36,closed
23,3,2,COIN,276.56,276.00,2025-02-11 21:06:43.097690,2025-02-11 21:07:16.908405,,276.00,,2025-02-11 21:07:16.908405,10000.00,LONG,-0.56,closed
24,2,1,COIN,276.51,276.13,2025-02-11 21:07:14.906881,2025-02-11 21:09:04.187666,,276.13,,2025-02-11 21:09:04.187666,10000.00,SHORT,0.38,closed
25,3,2,COIN,276.54,275.91,2025-02-11 21:07:21.750909,2025-02-11 21:07:46.820643,,275.91,,2025-02-11 21:07:46.820643,10000.00,LONG,-0.63,closed
27,3,2,COIN,276.13,276.20,2025-02-11 21:09:04.187666,2025-02-11 21:10:02.575585,,276.20,,2025-02-11 21:10:02.575585,10000.00,LONG,0.07,closed
28,4,2,TSLA,342.33,342.77,2025-02-11 21:09:36.994681,2025-02-11 21:11:18.937023,,342.77,,2025-02-11 21:11:18.937023,10000.00,SHORT,-0.44,closed
29,2,1,COIN,276.43,275.43,2025-02-11 21:10:08.413797,2025-02-11 21:12:45.694926,,275.43,,2025-02-11 21:12:45.694926,10000.00,SHORT,1.00,closed
30,3,2,COIN,276.69,276.02,2025-02-11 21:10:11.422353,2025-02-11 21:10:23.696412,,276.02,,2025-02-11 21:10:23.696412,10000.00,LONG,-0.67,closed
32,3,2,COIN,276.32,275.84,2025-02-11 21:11:01.909229,2025-02-11 21:11:23.949229,,275.84,,2025-02-11 21:11:23.949229,10000.00,LONG,-0.48,closed
33,4,2,TSLA,342.31,342.63,2025-02-11 21:11:29.962352,2025-02-11 21:12:27.882886,,342.63,,2025-02-11 21:12:27.882886,10000.00,SHORT,-0.32,closed
35,3,2,COIN,275.41,275.04,2025-02-11 21:12:44.667776,2025-02-11 21:13:09.953682,,275.04,,2025-02-11 21:13:09.953682,10000.00,LONG,-0.37,closed
36,2,1,COIN,275.04,275.47,2025-02-11 21:13:09.953682,2025-02-11 21:13:48.081819,,275.47,,2025-02-11 21:13:48.081819,10000.00,SHORT,-0.43,closed
37,4,2,TSLA,342.21,342.85,2025-02-11 21:13:21.721832,2025-02-11 21:14:05.129658,,342.85,,2025-02-11 21:14:05.129658,10000.00,SHORT,-0.64,closed
38,3,2,COIN,275.23,276.32,2025-02-11 21:13:34.320751,2025-02-11 21:16:34.052354,,276.32,,2025-02-11 21:16:34.052354,10000.00,LONG,1.09,closed
39,2,1,COIN,275.11,275.80,2025-02-11 21:13:54.354659,2025-02-11 21:15:01.509859,,275.80,,2025-02-11 21:15:01.509859,10000.00,SHORT,-0.69,closed
41,2,1,COIN,276.53,276.60,2025-02-11 21:16:31.292644,2025-02-11 21:17:50.335902,,276.60,,2025-02-11 21:17:50.335902,10000.00,SHORT,-0.07,closed
42,3,2,COIN,276.80,276.15,2025-02-11 21:16:39.302701,2025-02-11 21:17:00.455067,,276.15,,2025-02-11 21:17:00.455067,10000.00,LONG,-0.65,closed
43,4,2,TSLA,343.59,343.85,2025-02-11 21:16:41.053248,2025-02-11 21:19:49.250938,,343.85,,2025-02-11 21:19:49.250938,10000.00,SHORT,-0.26,closed
44,3,2,COIN,276.50,276.29,2025-02-11 21:17:46.323725,2025-02-11 21:19:36.510354,,276.29,,2025-02-11 21:19:36.510354,10000.00,LONG,-0.21,closed
46,2,1,COIN,276.30,276.79,2025-02-11 21:18:47.664425,2025-02-11 21:19:41.000638,,276.79,,2025-02-11 21:19:41.000638,10000.00,SHORT,-0.49,closed
47,3,2,COIN,276.62,276.44,2025-02-11 21:19:39.741216,2025-02-11 21:20:25.309877,,276.44,,2025-02-11 21:20:25.309877,10000.00,LONG,-0.18,closed
48,2,1,COIN,276.82,277.01,2025-02-11 21:20:04.027817,2025-02-11 21:20:27.415902,,277.01,,2025-02-11 21:20:27.415902,10000.00,SHORT,-0.19,closed
49,3,2,COIN,277.02,276.44,2025-02-11 21:20:27.163670,2025-02-11 21:20:30.916758,,276.44,,2025-02-11 21:20:30.916758,10000.00,LONG,-0.58,closed
50,2,1,COIN,276.43,276.86,2025-02-11 21:20:30.416720,2025-02-11 21:20:43.688215,,276.86,,2025-02-11 21:20:43.688215,10000.00,SHORT,-0.43,closed
51,3,2,COIN,276.91,276.31,2025-02-11 21:20:35.437780,2025-02-11 21:20:40.455751,,276.31,,2025-02-11 21:20:40.455751,10000.00,LONG,-0.60,closed
52,3,2,COIN,276.81,276.23,2025-02-11 21:20:41.433916,2025-02-11 21:20:44.436305,,276.23,,2025-02-11 21:20:44.436305,10000.00,LONG,-0.58,closed
53,4,2,TSLA,343.74,343.69,2025-02-11 21:20:43.937059,2025-02-11 21:21:18.432256,,343.69,,2025-02-11 21:21:18.432256,10000.00,SHORT,0.05,closed
54,2,1,COIN,276.23,276.48,2025-02-11 21:20:44.436305,2025-02-11 21:21:28.778773,,276.48,,2025-02-11 21:21:28.778773,10000.00,SHORT,-0.25,closed
56,2,1,COIN,276.11,276.60,2025-02-11 21:21:33.808871,2025-02-11 21:22:53.055215,,276.60,,2025-02-11 21:22:53.055215,10000.00,SHORT,-0.49,closed
57,4,2,TSLA,343.86,344.11,2025-02-11 21:21:42.813352,2025-02-11 21:22:58.586519,,344.11,,2025-02-11 21:22:58.586519,10000.00,SHORT,-0.25,closed
58,3,2,COIN,276.39,276.03,2025-02-11 21:21:53.818954,2025-02-11 21:24:46.020196,,276.03,,2025-02-11 21:24:46.020196,10000.00,LONG,-0.36,closed
60,2,1,COIN,276.30,276.17,2025-02-11 21:22:53.583369,2025-02-11 21:25:46.158727,,276.17,,2025-02-11 21:25:46.158727,10000.00,SHORT,0.13,closed
61,4,2,TSLA,343.97,344.66,2025-02-11 21:23:42.271578,2025-02-11 21:24:13.520130,,344.66,,2025-02-11 21:24:13.520130,10000.00,SHORT,-0.69,closed
62,2,1,COIN,276.12,276.12,2025-02-11 21:23:53.292922,2025-02-11 21:25:52.157211,,276.12,,2025-02-11 21:25:52.157211,10000.00,SHORT,0.00,closed
63,4,2,TSLA,344.20,344.14,2025-02-11 21:24:22.725101,2025-02-11 21:26:11.938277,,344.14,,2025-02-11 21:26:11.938277,10000.00,SHORT,0.06,closed
64,3,2,COIN,276.31,275.67,2025-02-11 21:24:47.001546,2025-02-11 21:24:55.267640,,275.67,,2025-02-11 21:24:55.267640,10000.00,LONG,-0.64,closed
65,2,1,COIN,275.81,275.84,2025-02-11 21:25:47.153067,2025-02-11 21:29:35.758380,,275.84,,2025-02-11 21:29:35.758380,10000.00,SHORT,-0.03,closed
66,3,2,COIN,275.82,275.54,2025-02-11 21:25:57.916031,2025-02-11 21:27:03.769764,,275.54,,2025-02-11 21:27:03.769764,10000.00,LONG,-0.28,closed
67,2,1,COIN,275.76,275.82,2025-02-11 21:26:04.927012,2025-02-11 21:29:33.250526,,275.82,,2025-02-11 21:29:33.250526,10000.00,SHORT,-0.06,closed
69,4,2,TSLA,343.67,344.03,2025-02-11 21:26:20.955082,2025-02-11 21:28:15.423868,,344.03,,2025-02-11 21:28:15.423868,10000.00,SHORT,-0.36,closed
71,3,2,COIN,275.91,275.28,2025-02-11 21:27:04.792978,2025-02-11 21:28:04.123809,,275.28,,2025-02-11 21:28:04.123809,10000.00,LONG,-0.63,closed
73,4,2,TSLA,343.91,344.54,2025-02-11 21:28:35.177301,2025-02-11 21:29:10.958175,,344.54,,2025-02-11 21:29:10.958175,10000.00,SHORT,-0.63,closed
74,3,2,COIN,275.63,275.30,2025-02-11 21:28:45.984441,2025-02-11 21:30:00.799693,,275.30,,2025-02-11 21:30:00.799693,10000.00,LONG,-0.33,closed
75,4,2,TSLA,343.91,344.56,2025-02-11 21:29:34.275384,2025-02-11 21:31:08.406116,,344.56,,2025-02-11 21:31:08.406116,10000.00,SHORT,-0.65,closed
76,2,1,COIN,275.39,275.90,2025-02-11 21:29:37.759962,2025-02-11 21:30:23.089570,,275.90,,2025-02-11 21:30:23.089570,10000.00,SHORT,-0.51,closed
77,2,1,COIN,275.40,275.75,2025-02-11 21:29:43.272930,2025-02-11 21:30:11.574907,,275.75,,2025-02-11 21:30:11.574907,10000.00,SHORT,-0.35,closed
78,3,2,COIN,275.68,275.79,2025-02-11 21:30:04.813091,2025-02-11 21:31:37.727478,,275.79,,2025-02-11 21:31:37.727478,10000.00,LONG,0.11,closed
80,2,1,COIN,275.59,276.19,2025-02-11 21:30:35.340815,2025-02-11 21:31:11.516229,,276.19,,2025-02-11 21:31:11.516229,10000.00,SHORT,-0.60,closed
81,2,1,COIN,275.59,276.19,2025-02-11 21:30:35.340815,2025-02-11 21:31:11.516229,,276.19,,2025-02-11 21:31:11.516229,10000.00,SHORT,-0.60,closed
82,2,1,COIN,275.93,276.09,2025-02-11 21:31:32.262409,2025-02-11 21:33:08.415391,,276.09,,2025-02-11 21:33:08.415391,10000.00,SHORT,-0.16,closed
83,2,1,COIN,275.93,275.95,2025-02-11 21:31:32.262409,2025-02-11 21:35:58.525703,,275.95,,2025-02-11 21:35:58.525703,10000.00,SHORT,-0.02,closed
84,3,2,COIN,276.14,275.72,2025-02-11 21:31:47.528670,2025-02-11 21:32:34.353966,,275.72,,2025-02-11 21:32:34.353966,10000.00,LONG,-0.42,closed
85,4,2,TSLA,343.99,344.00,2025-02-11 21:31:57.045352,2025-02-11 21:32:19.101843,,344.00,,2025-02-11 21:32:19.101843,10000.00,SHORT,-0.01,closed
86,4,2,TSLA,344.07,344.65,2025-02-11 21:32:35.367193,2025-02-11 21:33:39.239107,,344.65,,2025-02-11 21:33:39.239107,10000.00,SHORT,-0.58,closed
88,3,2,COIN,275.91,275.47,2025-02-11 21:32:57.645062,2025-02-11 21:34:16.547808,,275.47,,2025-02-11 21:34:16.547808,10000.00,LONG,-0.44,closed
89,2,1,COIN,275.69,275.93,2025-02-11 21:33:12.520169,2025-02-11 21:37:11.135013,,275.93,,2025-02-11 21:37:11.135013,10000.00,SHORT,-0.24,closed
91,4,2,TSLA,344.28,342.80,2025-02-11 21:34:37.919315,2025-02-11 21:42:44.710730,,342.80,,2025-02-11 21:42:44.710730,10000.00,SHORT,1.48,closed
92,3,2,COIN,275.76,275.33,2025-02-11 21:34:58.676912,2025-02-11 21:36:37.329888,,275.33,,2025-02-11 21:36:37.329888,10000.00,LONG,-0.43,closed
93,2,1,COIN,275.57,275.94,2025-02-11 21:36:10.538635,2025-02-11 21:36:54.362117,,275.94,,2025-02-11 21:36:54.362117,10000.00,SHORT,-0.37,closed
94,3,2,COIN,275.75,275.67,2025-02-11 21:36:52.857276,2025-02-11 21:38:00.228962,,275.67,,2025-02-11 21:38:00.228962,10000.00,LONG,-0.08,closed
95,2,1,COIN,275.64,276.23,2025-02-11 21:37:12.135374,2025-02-11 21:37:17.141459,,276.23,,2025-02-11 21:37:17.141459,10000.00,SHORT,-0.59,closed
96,2,1,COIN,275.64,276.22,2025-02-11 21:37:12.135374,2025-02-11 21:37:16.640483,,276.22,,2025-02-11 21:37:16.640483,10000.00,SHORT,-0.58,closed
98,3,2,COIN,275.88,275.55,2025-02-11 21:38:00.954370,2025-02-11 21:39:26.267669,,275.55,,2025-02-11 21:39:26.267669,10000.00,LONG,-0.33,closed
99,2,1,COIN,275.57,276.16,2025-02-11 21:38:03.458321,2025-02-11 21:38:42.073116,,276.16,,2025-02-11 21:38:42.073116,10000.00,SHORT,-0.59,closed
100,2,1,COIN,275.57,276.06,2025-02-11 21:38:03.458321,2025-02-11 21:38:37.586205,,276.06,,2025-02-11 21:38:37.586205,10000.00,SHORT,-0.49,closed
101,2,1,COIN,275.91,275.71,2025-02-11 21:38:40.378304,2025-02-11 21:41:04.099655,,275.71,,2025-02-11 21:41:04.099655,10000.00,SHORT,0.20,closed
102,2,1,COIN,275.84,275.71,2025-02-11 21:38:54.004476,2025-02-11 21:40:59.841337,,275.71,,2025-02-11 21:40:59.841337,10000.00,SHORT,0.13,closed
103,3,2,COIN,275.88,275.14,2025-02-11 21:39:31.276976,2025-02-11 21:40:21.101651,,275.14,,2025-02-11 21:40:21.101651,10000.00,LONG,-0.74,closed
104,3,2,COIN,275.64,275.22,2025-02-11 21:40:56.357926,2025-02-11 21:41:31.839622,,275.22,,2025-02-11 21:41:31.839622,10000.00,LONG,-0.42,closed
105,2,1,COIN,275.37,275.92,2025-02-11 21:41:01.091229,2025-02-11 21:41:19.120353,,275.92,,2025-02-11 21:41:19.120353,10000.00,SHORT,-0.55,closed
106,2,1,COIN,275.42,275.62,2025-02-11 21:41:08.602878,2025-02-11 21:42:06.145637,,275.62,,2025-02-11 21:42:06.145637,10000.00,SHORT,-0.20,closed
108,2,1,COIN,275.30,275.62,2025-02-11 21:41:35.094768,2025-02-11 21:42:05.673731,,275.62,,2025-02-11 21:42:05.673731,10000.00,SHORT,-0.32,closed
109,3,2,COIN,275.64,275.90,2025-02-11 21:42:07.896859,2025-02-11 21:47:32.197699,,275.90,,2025-02-11 21:47:32.197699,10000.00,LONG,0.26,closed
110,2,1,COIN,275.56,276.20,2025-02-11 21:43:25.559484,2025-02-11 21:45:35.503567,,276.20,,2025-02-11 21:45:35.503567,10000.00,SHORT,-0.64,closed
111,2,1,COIN,275.60,276.20,2025-02-11 21:43:52.670084,2025-02-11 21:45:35.503567,,276.20,,2025-02-11 21:45:35.503567,10000.00,SHORT,-0.60,closed
112,4,2,TSLA,343.11,343.88,2025-02-11 21:44:17.874159,2025-02-11 21:44:46.170721,,343.88,,2025-02-11 21:44:46.170721,10000.00,SHORT,-0.77,closed
113,2,1,COIN,275.76,276.36,2025-02-11 21:45:49.277677,2025-02-11 21:47:05.416613,,276.36,,2025-02-11 21:47:05.416613,10000.00,SHORT,-0.60,closed
114,2,1,COIN,275.70,276.30,2025-02-11 21:45:49.526554,2025-02-11 21:46:33.853137,,276.30,,2025-02-11 21:46:33.853137,10000.00,SHORT,-0.60,closed
115,4,2,TSLA,344.24,340.29,2025-02-11 21:46:29.341713,2025-02-11 21:57:07.088409,,340.29,,2025-02-11 21:57:07.088409,10000.00,SHORT,3.95,closed
116,2,1,COIN,276.05,276.08,2025-02-11 21:46:47.121705,2025-02-11 21:49:37.156375,,276.08,,2025-02-11 21:49:37.156375,10000.00,SHORT,-0.03,closed
117,2,1,COIN,276.02,276.10,2025-02-11 21:47:29.191809,2025-02-11 21:49:40.912595,,276.10,,2025-02-11 21:49:40.912595,10000.00,SHORT,-0.08,closed
118,3,2,COIN,275.82,275.54,2025-02-11 21:48:43.821596,2025-02-11 21:50:38.506425,,275.54,,2025-02-11 21:50:38.506425,10000.00,LONG,-0.28,closed
120,2,1,COIN,275.54,276.12,2025-02-11 21:50:38.506425,2025-02-11 21:50:51.781233,,276.12,,2025-02-11 21:50:51.781233,10000.00,SHORT,-0.58,closed
121,2,1,COIN,275.54,276.12,2025-02-11 21:50:38.506425,2025-02-11 21:50:51.781233,,276.12,,2025-02-11 21:50:51.781233,10000.00,SHORT,-0.58,closed
122,3,2,COIN,276.00,276.10,2025-02-11 21:50:43.034134,2025-02-11 21:56:51.310164,,276.10,,2025-02-11 21:56:51.310164,10000.00,LONG,0.10,closed
123,2,1,COIN,275.95,276.51,2025-02-11 21:50:58.549429,2025-02-11 21:51:53.637882,,276.51,,2025-02-11 21:51:53.637882,10000.00,SHORT,-0.56,closed
124,2,1,COIN,275.95,276.51,2025-02-11 21:50:58.549429,2025-02-11 21:51:53.637882,,276.51,,2025-02-11 21:51:53.637882,10000.00,SHORT,-0.56,closed
125,2,1,COIN,276.19,276.64,2025-02-11 21:52:12.424792,2025-02-11 21:54:41.677669,,276.64,,2025-02-11 21:54:41.677669,10000.00,SHORT,-0.45,closed
126,2,1,COIN,276.19,276.64,2025-02-11 21:52:12.424792,2025-02-11 21:54:41.677669,,276.64,,2025-02-11 21:54:41.677669,10000.00,SHORT,-0.45,closed
128,2,1,COIN,276.33,274.67,2025-02-11 21:55:14.734133,2025-02-11 22:00:20.497512,,274.67,,2025-02-11 22:00:20.497512,10000.00,SHORT,1.66,closed
129,2,1,COIN,276.33,273.42,2025-02-11 21:55:14.734133,2025-02-11 22:06:39.550618,,273.42,,2025-02-11 22:06:39.550618,10000.00,SHORT,2.91,closed
131,3,2,COIN,275.91,275.50,2025-02-11 21:57:54.921205,2025-02-11 21:59:12.838105,,275.50,,2025-02-11 21:59:12.838105,10000.00,LONG,-0.41,closed
132,4,2,TSLA,340.15,339.88,2025-02-11 21:58:21.005644,2025-02-11 22:00:28.698013,,339.88,,2025-02-11 22:00:28.698013,10000.00,SHORT,0.27,closed
134,2,1,COIN,274.41,273.42,2025-02-11 22:00:21.754766,2025-02-11 22:06:39.550618,,273.42,,2025-02-11 22:06:39.550618,10000.00,SHORT,0.99,closed
135,3,2,COIN,274.39,273.84,2025-02-11 22:01:35.923202,2025-02-11 22:01:40.929912,,273.84,,2025-02-11 22:01:40.929912,10000.00,LONG,-0.55,closed
136,3,2,COIN,274.20,273.63,2025-02-11 22:02:02.216949,2025-02-11 22:04:29.834848,,273.63,,2025-02-11 22:04:29.834848,10000.00,LONG,-0.57,closed
137,4,2,TSLA,340.21,338.95,2025-02-11 22:02:10.980594,2025-02-11 22:06:34.293947,,338.95,,2025-02-11 22:06:34.293947,10000.00,SHORT,1.26,closed
140,3,2,COIN,273.47,272.92,2025-02-11 22:06:48.819668,2025-02-11 22:07:00.587010,,272.92,,2025-02-11 22:07:00.587010,10000.00,LONG,-0.55,closed
141,2,1,COIN,273.03,273.46,2025-02-11 22:06:50.068999,2025-02-11 22:09:13.558114,,273.46,,2025-02-11 22:09:13.558114,10000.00,SHORT,-0.43,closed
142,2,1,COIN,273.28,273.44,2025-02-11 22:06:50.568866,2025-02-11 22:09:11.302314,,273.44,,2025-02-11 22:09:11.302314,10000.00,SHORT,-0.16,closed
143,3,2,COIN,273.06,273.18,2025-02-11 22:07:17.866647,2025-02-11 22:11:38.612150,,273.18,,2025-02-11 22:11:38.612150,10000.00,LONG,0.12,closed
144,4,2,TSLA,338.93,336.48,2025-02-11 22:07:44.411540,2025-02-11 22:19:38.015426,,336.48,,2025-02-11 22:19:38.015426,10000.00,SHORT,2.45,closed
147,2,1,COIN,273.40,273.00,2025-02-11 22:10:15.229572,2025-02-11 22:14:59.819439,,273.00,,2025-02-11 22:14:59.819439,10000.00,SHORT,0.40,closed
148,2,1,COIN,273.40,273.00,2025-02-11 22:10:15.229572,2025-02-11 22:14:59.819439,,273.00,,2025-02-11 22:14:59.819439,10000.00,SHORT,0.40,closed
149,3,2,COIN,273.29,272.78,2025-02-11 22:12:41.715546,2025-02-11 22:13:13.763993,,272.78,,2025-02-11 22:13:13.763993,10000.00,LONG,-0.51,closed
152,3,2,COIN,272.93,272.76,2025-02-11 22:14:47.299447,2025-02-11 22:16:41.227265,,272.76,,2025-02-11 22:16:41.227265,10000.00,LONG,-0.17,closed
153,2,1,COIN,272.99,273.09,2025-02-11 22:16:28.956393,2025-02-11 22:18:23.643982,,273.09,,2025-02-11 22:18:23.643982,10000.00,SHORT,-0.10,closed
154,2,1,COIN,272.99,273.09,2025-02-11 22:16:28.956393,2025-02-11 22:18:23.643982,,273.09,,2025-02-11 22:18:23.643982,10000.00,SHORT,-0.10,closed
155,3,2,COIN,272.69,272.94,2025-02-11 22:17:44.079790,2025-02-11 22:21:32.080610,,272.94,,2025-02-11 22:21:32.080610,10000.00,LONG,0.25,closed
156,2,1,COIN,272.88,273.59,2025-02-11 22:19:22.990686,2025-02-11 22:20:16.585237,,273.59,,2025-02-11 22:20:16.585237,10000.00,SHORT,-0.71,closed
157,2,1,COIN,272.88,273.59,2025-02-11 22:19:22.990686,2025-02-11 22:20:16.585237,,273.59,,2025-02-11 22:20:16.585237,10000.00,SHORT,-0.71,closed
159,2,1,COIN,273.22,271.16,2025-02-11 22:21:09.918342,2025-02-11 22:33:51.204490,,271.16,,2025-02-11 22:33:51.204490,10000.00,SHORT,2.06,closed
160,2,1,COIN,273.22,271.14,2025-02-11 22:21:09.918342,2025-02-11 22:33:50.958424,,271.14,,2025-02-11 22:33:50.958424,10000.00,SHORT,2.08,closed
161,4,2,TSLA,337.41,337.55,2025-02-11 22:21:28.326776,2025-02-11 22:22:28.200820,,337.55,,2025-02-11 22:22:28.200820,10000.00,SHORT,-0.14,closed
163,3,2,COIN,273.28,272.67,2025-02-11 22:22:21.188910,2025-02-11 22:23:42.072418,,272.67,,2025-02-11 22:23:42.072418,10000.00,LONG,-0.61,closed
164,4,2,TSLA,337.58,337.04,2025-02-11 22:23:43.070200,2025-02-11 22:27:08.671769,,337.04,,2025-02-11 22:27:08.671769,10000.00,SHORT,0.54,closed
165,3,2,COIN,272.74,272.30,2025-02-11 22:24:46.923435,2025-02-11 22:26:54.901048,,272.30,,2025-02-11 22:26:54.901048,10000.00,LONG,-0.44,closed
167,3,2,COIN,272.46,272.06,2025-02-11 22:27:16.182856,2025-02-11 22:29:19.129358,,272.06,,2025-02-11 22:29:19.129358,10000.00,LONG,-0.40,closed
168,4,2,TSLA,337.16,337.37,2025-02-11 22:29:01.101393,2025-02-11 22:33:09.126469,,337.37,,2025-02-11 22:33:09.126469,10000.00,SHORT,-0.21,closed
169,3,2,COIN,272.07,271.32,2025-02-11 22:30:18.912814,2025-02-11 22:31:02.800669,,271.32,,2025-02-11 22:31:02.800669,10000.00,LONG,-0.75,closed
172,3,2,COIN,270.79,271.10,2025-02-11 22:32:54.099187,2025-02-11 22:43:26.371422,,271.10,,2025-02-11 22:43:26.371422,10000.00,LONG,0.31,closed
173,4,2,TSLA,337.30,336.55,2025-02-11 22:34:09.741924,2025-02-11 22:38:37.071513,,336.55,,2025-02-11 22:38:37.071513,10000.00,SHORT,0.75,closed
174,2,1,COIN,271.12,271.66,2025-02-11 22:35:38.436751,2025-02-11 22:36:19.050236,,271.66,,2025-02-11 22:36:19.050236,10000.00,SHORT,-0.54,closed
175,2,1,COIN,271.10,271.65,2025-02-11 22:35:38.937264,2025-02-11 22:36:18.546978,,271.65,,2025-02-11 22:36:18.546978,10000.00,SHORT,-0.55,closed
176,2,1,COIN,271.29,271.60,2025-02-11 22:37:12.155334,2025-02-11 22:44:41.521589,,271.60,,2025-02-11 22:44:41.521589,10000.00,SHORT,-0.31,closed
177,2,1,COIN,271.29,271.66,2025-02-11 22:37:12.155334,2025-02-11 22:44:46.024496,,271.66,,2025-02-11 22:44:46.024496,10000.00,SHORT,-0.37,closed
179,4,2,TSLA,336.70,336.08,2025-02-11 22:39:40.693861,2025-02-11 22:44:13.461336,,336.08,,2025-02-11 22:44:13.461336,10000.00,SHORT,0.62,closed
181,3,2,COIN,271.29,271.80,2025-02-11 22:44:23.986664,2025-02-11 22:49:06.816125,,271.80,,2025-02-11 22:49:06.816125,10000.00,LONG,0.51,closed
182,4,2,TSLA,335.93,336.57,2025-02-11 22:45:09.822868,2025-02-11 22:45:53.679280,,336.57,,2025-02-11 22:45:53.679280,10000.00,SHORT,-0.64,closed
183,2,1,COIN,271.59,272.10,2025-02-11 22:45:48.418271,2025-02-11 22:47:51.916936,,272.10,,2025-02-11 22:47:51.916936,10000.00,SHORT,-0.51,closed
184,2,1,COIN,271.56,272.22,2025-02-11 22:45:48.673052,2025-02-11 22:47:53.169592,,272.22,,2025-02-11 22:47:53.169592,10000.00,SHORT,-0.66,closed
185,4,2,TSLA,336.19,336.00,2025-02-11 22:46:28.746530,2025-02-11 22:49:38.401630,,336.00,,2025-02-11 22:49:38.401630,10000.00,SHORT,0.19,closed
188,2,1,COIN,272.11,272.41,2025-02-11 22:49:00.819272,2025-02-11 22:51:01.806754,,272.41,,2025-02-11 22:51:01.806754,10000.00,SHORT,-0.30,closed
189,2,1,COIN,272.11,272.41,2025-02-11 22:49:01.554380,2025-02-11 22:51:01.306834,,272.41,,2025-02-11 22:51:01.306834,10000.00,SHORT,-0.30,closed
190,3,2,COIN,272.12,271.80,2025-02-11 22:49:40.902725,2025-02-11 22:52:32.196881,,271.80,,2025-02-11 22:52:32.196881,10000.00,LONG,-0.32,closed
191,4,2,TSLA,336.23,335.80,2025-02-11 22:51:03.566108,2025-02-11 22:54:38.035076,,335.80,,2025-02-11 22:54:38.035076,10000.00,SHORT,0.43,closed
192,2,1,COIN,272.04,268.75,2025-02-11 22:51:33.879259,2025-02-11 23:07:51.619478,,268.75,,2025-02-11 23:07:51.619478,10000.00,SHORT,3.29,closed
193,2,1,COIN,272.03,268.75,2025-02-11 22:51:34.624110,2025-02-11 23:07:51.619478,,268.75,,2025-02-11 23:07:51.619478,10000.00,SHORT,3.28,closed
195,3,2,COIN,272.00,271.41,2025-02-11 22:53:00.269716,2025-02-11 22:54:51.558166,,271.41,,2025-02-11 22:54:51.558166,10000.00,LONG,-0.59,closed
196,4,2,TSLA,335.27,335.81,2025-02-11 22:55:12.572613,2025-02-11 22:56:08.428747,,335.81,,2025-02-11 22:56:08.428747,10000.00,SHORT,-0.54,closed
198,4,2,TSLA,335.59,336.27,2025-02-11 22:57:04.021803,2025-02-11 22:57:56.591258,,336.27,,2025-02-11 22:57:56.591258,10000.00,SHORT,-0.68,closed
199,3,2,COIN,270.98,270.28,2025-02-11 22:57:06.020217,2025-02-11 22:58:54.456424,,270.28,,2025-02-11 22:58:54.456424,10000.00,LONG,-0.70,closed
201,4,2,TSLA,336.00,336.09,2025-02-11 22:58:52.990212,2025-02-11 23:00:57.161125,,336.09,,2025-02-11 23:00:57.161125,10000.00,SHORT,-0.09,closed
202,3,2,COIN,270.45,269.81,2025-02-11 22:59:53.799763,2025-02-11 23:00:23.355886,,269.81,,2025-02-11 23:00:23.355886,10000.00,LONG,-0.64,closed
205,3,2,COIN,270.18,269.62,2025-02-11 23:01:04.925499,2025-02-11 23:01:22.183732,,269.62,,2025-02-11 23:01:22.183732,10000.00,LONG,-0.56,closed
206,4,2,TSLA,335.88,333.77,2025-02-11 23:01:12.437112,2025-02-11 23:06:05.177507,,333.77,,2025-02-11 23:06:05.177507,10000.00,SHORT,2.11,closed
207,3,2,COIN,269.59,269.09,2025-02-11 23:02:28.041082,2025-02-11 23:05:06.319453,,269.09,,2025-02-11 23:05:06.319453,10000.00,LONG,-0.50,closed
209,3,2,COIN,269.27,268.77,2025-02-11 23:05:08.827301,2025-02-11 23:06:30.474249,,268.77,,2025-02-11 23:06:30.474249,10000.00,LONG,-0.50,closed
211,4,2,TSLA,333.57,333.99,2025-02-11 23:06:21.208667,2025-02-11 23:06:54.769491,,333.99,,2025-02-11 23:06:54.769491,10000.00,SHORT,-0.42,closed
212,4,2,TSLA,333.60,334.10,2025-02-11 23:07:09.791581,2025-02-11 23:10:26.347253,,334.10,,2025-02-11 23:10:26.347253,10000.00,SHORT,-0.50,closed
213,3,2,COIN,268.41,268.44,2025-02-11 23:07:32.582403,2025-02-11 23:08:04.638332,,268.44,,2025-02-11 23:08:04.638332,10000.00,LONG,0.03,closed
214,2,1,COIN,268.45,268.72,2025-02-11 23:08:03.132163,2025-02-11 23:09:29.293284,,268.72,,2025-02-11 23:09:29.293284,10000.00,SHORT,-0.27,closed
215,2,1,COIN,268.45,268.72,2025-02-11 23:08:03.132163,2025-02-11 23:09:29.293284,,268.72,,2025-02-11 23:09:29.293284,10000.00,SHORT,-0.27,closed
216,3,2,COIN,268.62,268.36,2025-02-11 23:08:05.384457,2025-02-11 23:08:56.302395,,268.36,,2025-02-11 23:08:56.302395,10000.00,LONG,-0.26,closed
217,3,2,COIN,268.80,268.97,2025-02-11 23:09:35.799357,2025-02-11 23:11:51.481413,,268.97,,2025-02-11 23:11:51.481413,10000.00,LONG,0.17,closed
218,2,1,COIN,268.52,269.06,2025-02-11 23:09:39.056227,2025-02-11 23:10:08.317837,,269.06,,2025-02-11 23:10:08.317837,10000.00,SHORT,-0.54,closed
219,2,1,COIN,268.52,269.06,2025-02-11 23:09:39.056227,2025-02-11 23:10:08.317837,,269.06,,2025-02-11 23:10:08.317837,10000.00,SHORT,-0.54,closed
220,2,1,COIN,268.89,269.45,2025-02-11 23:11:04.479540,2025-02-11 23:11:24.982889,,269.45,,2025-02-11 23:11:24.982889,10000.00,SHORT,-0.56,closed
221,2,1,COIN,268.89,269.45,2025-02-11 23:11:04.479540,2025-02-11 23:11:24.982889,,269.45,,2025-02-11 23:11:24.982889,10000.00,SHORT,-0.56,closed
222,4,2,TSLA,334.01,333.76,2025-02-11 23:11:47.473185,2025-02-11 23:12:46.313587,,333.76,,2025-02-11 23:12:46.313587,10000.00,SHORT,0.25,closed
223,2,1,COIN,268.80,269.08,2025-02-11 23:11:50.734375,2025-02-11 23:12:57.831113,,269.08,,2025-02-11 23:12:57.831113,10000.00,SHORT,-0.28,closed
224,2,1,COIN,268.97,269.08,2025-02-11 23:11:51.481413,2025-02-11 23:12:57.831113,,269.08,,2025-02-11 23:12:57.831113,10000.00,SHORT,-0.11,closed
225,3,2,COIN,268.95,270.43,2025-02-11 23:12:49.314448,2025-02-11 23:30:35.746107,,270.43,,2025-02-11 23:30:35.746107,10000.00,LONG,1.48,closed
226,4,2,TSLA,333.58,333.54,2025-02-11 23:12:56.324863,2025-02-11 23:16:53.230556,,333.54,,2025-02-11 23:16:53.230556,10000.00,SHORT,0.04,closed
227,2,1,COIN,268.80,269.29,2025-02-11 23:13:01.586944,2025-02-11 23:15:29.705661,,269.29,,2025-02-11 23:15:29.705661,10000.00,SHORT,-0.49,closed
228,2,1,COIN,268.80,269.29,2025-02-11 23:13:01.586944,2025-02-11 23:15:29.705661,,269.29,,2025-02-11 23:15:29.705661,10000.00,SHORT,-0.49,closed
230,2,1,COIN,269.31,269.88,2025-02-11 23:16:44.213959,2025-02-11 23:17:23.376438,,269.88,,2025-02-11 23:17:23.376438,10000.00,SHORT,-0.57,closed
231,2,1,COIN,269.36,269.90,2025-02-11 23:16:48.969242,2025-02-11 23:17:58.293139,,269.90,,2025-02-11 23:17:58.293139,10000.00,SHORT,-0.54,closed
234,2,1,COIN,269.62,270.15,2025-02-11 23:17:51.541376,2025-02-11 23:23:47.281631,,270.15,,2025-02-11 23:23:47.281631,10000.00,SHORT,-0.53,closed
235,4,2,TSLA,333.47,333.49,2025-02-11 23:17:56.036901,2025-02-11 23:18:51.472747,,333.49,,2025-02-11 23:18:51.472747,10000.00,SHORT,-0.02,closed
237,2,1,COIN,269.76,270.40,2025-02-11 23:18:52.224948,2025-02-11 23:23:47.528874,,270.40,,2025-02-11 23:23:47.528874,10000.00,SHORT,-0.64,closed
238,4,2,TSLA,333.34,334.05,2025-02-11 23:19:05.998574,2025-02-11 23:21:16.548949,,334.05,,2025-02-11 23:21:16.548949,10000.00,SHORT,-0.71,closed
239,4,2,TSLA,334.67,334.88,2025-02-11 23:24:21.586724,2025-02-11 23:27:39.986260,,334.88,,2025-02-11 23:27:39.986260,10000.00,SHORT,-0.21,closed
240,2,1,COIN,270.20,270.78,2025-02-11 23:24:55.889939,2025-02-11 23:29:16.379408,,270.78,,2025-02-11 23:29:16.379408,10000.00,SHORT,-0.58,closed
241,2,1,COIN,270.20,270.78,2025-02-11 23:24:55.889939,2025-02-11 23:29:16.379408,,270.78,,2025-02-11 23:29:16.379408,10000.00,SHORT,-0.58,closed
243,4,2,TSLA,335.02,,2025-02-11 23:29:16.629185,,,,,,10000.00,SHORT,,open
244,2,1,COIN,270.66,,2025-02-11 23:29:53.931877,,,,,,10000.00,SHORT,,open
245,2,1,COIN,270.66,,2025-02-11 23:29:53.931877,,,,,,10000.00,SHORT,,open
276,2,1,COIN,270.20,293.50,2025-02-11 23:31:10.508166,2025-02-14 18:35:24.578476,,293.50,,2025-02-14 18:35:24.578476,10000.00,SHORT,-23.30,closed
277,4,2,COIN,270.20,293.50,2025-02-11 23:31:10.508166,2025-02-14 18:35:24.578476,,293.50,,2025-02-14 18:35:24.578476,10000.00,SHORT,-23.30,closed
278,1,1,COIN,270.20,292.73,2025-02-11 23:31:10.508166,2025-02-14 18:35:27.030343,,292.73,,2025-02-14 18:35:27.030343,10000.00,LONG,22.53,closed
279,3,2,COIN,270.20,292.73,2025-02-11 23:31:10.508166,2025-02-14 18:35:27.030343,,292.73,,2025-02-14 18:35:27.030343,10000.00,LONG,22.53,closed
280,2,1,COIN,292.73,293.49,2025-02-14 18:35:27.030343,2025-02-14 18:36:33.857581,,293.49,,2025-02-14 18:36:33.857581,10000.00,SHORT,-0.76,closed
281,3,2,COIN,292.73,292.80,2025-02-14 18:35:27.030343,2025-02-14 18:39:16.281435,,292.80,,2025-02-14 18:39:16.281435,10000.00,LONG,0.07,closed
282,1,1,COIN,292.73,292.80,2025-02-14 18:35:27.030343,2025-02-14 18:39:16.281435,,292.80,,2025-02-14 18:39:16.281435,10000.00,LONG,0.07,closed
283,5,1,TSLA,360.65,360.70,2025-02-14 18:35:31.536993,2025-02-14 18:43:28.311206,,360.70,,2025-02-14 18:43:28.311206,10000.00,LONG,500.00,closed
284,7,2,TSLA,361.00,360.70,2025-02-14 18:36:13.083737,2025-02-14 18:43:28.311206,,360.70,,2025-02-14 18:43:28.311206,10000.00,LONG,-0.30,closed
285,2,1,COIN,293.03,293.28,2025-02-14 18:37:07.644219,2025-02-14 18:40:41.875983,,293.28,,2025-02-14 18:40:41.875983,10000.00,SHORT,-0.25,closed
286,6,1,TSLA,361.05,361.13,2025-02-14 18:38:13.964675,2025-02-14 18:53:10.472019,,361.13,,2025-02-14 18:53:10.472019,10000.00,SHORT,-0.08,closed
287,3,2,COIN,292.80,292.66,2025-02-14 18:39:16.281435,2025-02-14 18:42:14.728853,,292.66,,2025-02-14 18:42:14.728853,10000.00,LONG,-0.14,closed
288,1,1,COIN,292.80,292.66,2025-02-14 18:39:16.281435,2025-02-14 18:42:14.728853,,292.66,,2025-02-14 18:42:14.728853,10000.00,LONG,-0.14,closed
289,4,2,COIN,292.55,293.28,2025-02-14 18:39:19.284533,2025-02-14 18:40:41.875983,,293.28,,2025-02-14 18:40:41.875983,10000.00,SHORT,-0.73,closed
290,2,1,COIN,293.10,292.32,2025-02-14 18:42:01.463143,2025-02-14 18:44:11.861580,,292.32,,2025-02-14 18:44:11.861580,10000.00,SHORT,0.78,closed
291,4,2,COIN,292.80,292.32,2025-02-14 18:42:04.967258,2025-02-14 18:43:58.095068,,292.32,,2025-02-14 18:43:58.095068,10000.00,SHORT,0.48,closed
292,3,2,COIN,292.66,292.20,2025-02-14 18:42:14.728853,2025-02-14 18:42:52.769356,,292.20,,2025-02-14 18:42:52.769356,10000.00,LONG,-0.46,closed
293,1,1,COIN,292.63,292.20,2025-02-14 18:42:15.979934,2025-02-14 18:42:52.769356,,292.20,,2025-02-14 18:42:52.769356,10000.00,LONG,-0.43,closed
294,3,2,COIN,292.20,291.62,2025-02-14 18:42:52.769356,2025-02-14 18:43:48.583476,,291.62,,2025-02-14 18:43:48.583476,10000.00,LONG,-0.58,closed
295,1,1,COIN,292.20,291.62,2025-02-14 18:42:52.769356,2025-02-14 18:43:48.583476,,291.62,,2025-02-14 18:43:48.583476,10000.00,LONG,-0.58,closed
296,3,2,COIN,291.62,292.05,2025-02-14 18:43:48.583476,2025-02-14 18:44:23.873917,,292.05,,2025-02-14 18:44:23.873917,10000.00,LONG,0.43,closed
297,1,1,COIN,291.62,292.15,2025-02-14 18:43:48.583476,2025-02-14 18:44:23.373294,,292.15,,2025-02-14 18:44:23.373294,10000.00,LONG,0.53,closed
298,4,2,COIN,291.62,292.32,2025-02-14 18:43:58.345614,2025-02-14 18:44:11.861580,,292.32,,2025-02-14 18:44:11.861580,10000.00,SHORT,-0.70,closed
299,5,1,TSLA,360.96,360.57,2025-02-14 18:44:08.606937,2025-02-14 18:51:00.823068,,360.57,,2025-02-14 18:51:00.823068,10000.00,LONG,-3900.00,closed
300,4,2,COIN,291.88,292.79,2025-02-14 18:44:13.863106,2025-02-14 18:44:20.869553,,292.79,,2025-02-14 18:44:20.869553,10000.00,SHORT,-0.91,closed
301,1,1,COIN,292.05,291.80,2025-02-14 18:44:23.873917,2025-02-14 18:44:37.638351,,291.80,,2025-02-14 18:44:37.638351,10000.00,LONG,-0.25,closed
302,3,2,COIN,292.05,291.75,2025-02-14 18:44:23.873917,2025-02-14 18:44:33.383770,,291.75,,2025-02-14 18:44:33.383770,10000.00,LONG,-0.30,closed
303,4,2,COIN,291.75,292.70,2025-02-14 18:44:33.383770,2025-02-14 18:44:35.136138,,292.70,,2025-02-14 18:44:35.136138,10000.00,SHORT,-0.95,closed
304,2,1,COIN,291.75,292.70,2025-02-14 18:44:33.383770,2025-02-14 18:44:35.136138,,292.70,,2025-02-14 18:44:35.136138,10000.00,SHORT,-0.95,closed
305,3,2,COIN,292.70,291.80,2025-02-14 18:44:35.136138,2025-02-14 18:44:37.638351,,291.80,,2025-02-14 18:44:37.638351,10000.00,LONG,-0.90,closed
306,2,1,COIN,291.80,292.66,2025-02-14 18:44:37.638351,2025-02-14 18:44:42.643558,,292.66,,2025-02-14 18:44:42.643558,10000.00,SHORT,-0.86,closed
307,4,2,COIN,291.80,292.66,2025-02-14 18:44:37.638351,2025-02-14 18:44:42.643558,,292.66,,2025-02-14 18:44:42.643558,10000.00,SHORT,-0.86,closed
308,1,1,COIN,291.80,291.82,2025-02-14 18:44:37.638351,2025-02-14 18:44:45.898006,,291.82,,2025-02-14 18:44:45.898006,10000.00,LONG,0.02,closed
309,3,2,COIN,291.80,291.82,2025-02-14 18:44:37.638351,2025-02-14 18:44:45.898006,,291.82,,2025-02-14 18:44:45.898006,10000.00,LONG,0.02,closed
310,3,2,COIN,291.82,291.80,2025-02-14 18:44:45.898006,2025-02-14 18:44:55.407673,,291.80,,2025-02-14 18:44:55.407673,10000.00,LONG,-0.02,closed
311,1,1,COIN,291.86,291.80,2025-02-14 18:44:47.900025,2025-02-14 18:45:29.446570,,291.80,,2025-02-14 18:45:29.446570,10000.00,LONG,-0.06,closed
312,7,2,TSLA,361.23,360.57,2025-02-14 18:44:49.902065,2025-02-14 18:51:00.823068,,360.57,,2025-02-14 18:51:00.823068,10000.00,LONG,-0.66,closed
313,3,2,COIN,292.40,291.80,2025-02-14 18:44:55.658252,2025-02-14 18:45:29.446570,,291.80,,2025-02-14 18:45:29.446570,10000.00,LONG,-0.60,closed
314,3,2,COIN,291.80,291.04,2025-02-14 18:45:29.446570,2025-02-14 18:45:43.213929,,291.04,,2025-02-14 18:45:43.213929,10000.00,LONG,-0.76,closed
315,1,1,COIN,291.80,291.16,2025-02-14 18:45:29.446570,2025-02-14 18:45:41.462331,,291.16,,2025-02-14 18:45:41.462331,10000.00,LONG,-0.64,closed
316,4,2,COIN,291.50,290.99,2025-02-14 18:45:41.211660,2025-02-14 18:51:56.189415,,290.99,,2025-02-14 18:51:56.189415,10000.00,SHORT,0.51,closed
317,2,1,COIN,291.16,290.99,2025-02-14 18:45:41.462331,2025-02-14 18:51:56.189415,,290.99,,2025-02-14 18:51:56.189415,10000.00,SHORT,0.17,closed
318,1,1,COIN,291.31,290.90,2025-02-14 18:45:42.463305,2025-02-14 18:49:16.705245,,290.90,,2025-02-14 18:49:16.705245,10000.00,LONG,-0.41,closed
319,3,2,COIN,291.04,290.90,2025-02-14 18:45:43.213929,2025-02-14 18:49:16.705245,,290.90,,2025-02-14 18:49:16.705245,10000.00,LONG,-0.14,closed
320,1,1,COIN,290.90,290.46,2025-02-14 18:49:16.705245,2025-02-14 18:51:43.122332,,290.46,,2025-02-14 18:51:43.122332,10000.00,LONG,-0.44,closed
321,3,2,COIN,290.90,290.48,2025-02-14 18:49:16.705245,2025-02-14 18:51:43.622712,,290.48,,2025-02-14 18:51:43.622712,10000.00,LONG,-0.42,closed
322,1,1,COIN,290.48,290.32,2025-02-14 18:51:43.622712,2025-02-14 18:51:53.382794,,290.32,,2025-02-14 18:51:53.382794,10000.00,LONG,-0.16,closed
323,3,2,COIN,290.48,290.32,2025-02-14 18:51:43.622712,2025-02-14 18:51:53.382794,,290.32,,2025-02-14 18:51:53.382794,10000.00,LONG,-0.16,closed
324,5,1,TSLA,360.58,359.88,2025-02-14 18:51:48.377725,2025-02-14 19:00:01.640849,,359.88,,2025-02-14 19:00:01.640849,10000.00,LONG,-7000.00,closed
325,1,1,COIN,290.32,290.31,2025-02-14 18:51:53.382794,2025-02-14 18:51:58.890182,,290.31,,2025-02-14 18:51:58.890182,10000.00,LONG,-0.01,closed
326,3,2,COIN,290.32,290.31,2025-02-14 18:51:53.382794,2025-02-14 18:51:58.890182,,290.31,,2025-02-14 18:51:58.890182,10000.00,LONG,-0.01,closed
327,2,1,COIN,290.23,291.00,2025-02-14 18:51:58.639455,2025-02-14 18:52:05.897781,,291.00,,2025-02-14 18:52:05.897781,10000.00,SHORT,-0.77,closed
328,4,2,COIN,290.31,291.00,2025-02-14 18:51:58.890182,2025-02-14 18:52:05.897781,,291.00,,2025-02-14 18:52:05.897781,10000.00,SHORT,-0.69,closed
329,3,2,COIN,290.31,290.68,2025-02-14 18:51:58.890182,2025-02-14 18:52:20.915272,,290.68,,2025-02-14 18:52:20.915272,10000.00,LONG,0.37,closed
330,1,1,COIN,290.31,290.87,2025-02-14 18:51:58.890182,2025-02-14 18:52:17.411077,,290.87,,2025-02-14 18:52:17.411077,10000.00,LONG,0.56,closed
331,1,1,COIN,291.50,290.68,2025-02-14 18:52:18.662659,2025-02-14 18:52:20.915272,,290.68,,2025-02-14 18:52:20.915272,10000.00,LONG,-0.82,closed
332,2,1,COIN,290.68,291.39,2025-02-14 18:52:20.915272,2025-02-14 18:52:25.669787,,291.39,,2025-02-14 18:52:25.669787,10000.00,SHORT,-0.71,closed
333,1,1,COIN,290.69,290.77,2025-02-14 18:52:21.416612,2025-02-14 18:52:26.921110,,290.77,,2025-02-14 18:52:26.921110,10000.00,LONG,0.08,closed
334,3,2,COIN,291.49,290.74,2025-02-14 18:52:22.167370,2025-02-14 18:52:22.917214,,290.74,,2025-02-14 18:52:22.917214,10000.00,LONG,-0.75,closed
335,3,2,COIN,290.77,291.34,2025-02-14 18:52:23.918127,2025-02-14 18:55:26.629576,,291.34,,2025-02-14 18:55:26.629576,10000.00,LONG,0.57,closed
336,2,1,COIN,290.77,291.50,2025-02-14 18:52:26.921110,2025-02-14 18:52:34.680410,,291.50,,2025-02-14 18:52:34.680410,10000.00,SHORT,-0.73,closed
337,1,1,COIN,290.79,291.34,2025-02-14 18:52:27.672103,2025-02-14 18:55:26.629576,,291.34,,2025-02-14 18:55:26.629576,10000.00,LONG,0.55,closed
338,2,1,COIN,291.25,291.99,2025-02-14 18:53:35.751072,2025-02-14 18:55:19.871935,,291.99,,2025-02-14 18:55:19.871935,10000.00,SHORT,-0.74,closed
339,4,2,COIN,291.02,291.97,2025-02-14 18:53:36.305174,2025-02-14 18:55:41.897915,,291.97,,2025-02-14 18:55:41.897915,10000.00,SHORT,-0.95,closed
340,7,2,TSLA,361.40,359.88,2025-02-14 18:54:31.315768,2025-02-14 19:00:01.640849,,359.88,,2025-02-14 19:00:01.640849,10000.00,LONG,-1.52,closed
341,1,1,COIN,291.34,291.40,2025-02-14 18:55:26.629576,2025-02-14 18:56:00.169263,,291.40,,2025-02-14 18:56:00.169263,10000.00,LONG,0.06,closed
342,3,2,COIN,291.34,291.40,2025-02-14 18:55:26.629576,2025-02-14 18:56:00.169263,,291.40,,2025-02-14 18:56:00.169263,10000.00,LONG,0.06,closed
343,1,1,COIN,291.40,291.20,2025-02-14 18:56:00.169263,2025-02-14 19:00:02.142474,,291.20,,2025-02-14 19:00:02.142474,10000.00,LONG,-0.20,closed
344,3,2,COIN,291.40,291.90,2025-02-14 18:56:00.169263,2025-02-14 18:57:12.438815,,291.90,,2025-02-14 18:57:12.438815,10000.00,LONG,0.50,closed
345,6,1,TSLA,361.60,361.80,2025-02-14 18:56:11.682722,2025-02-14 19:00:05.645985,,361.80,,2025-02-14 19:00:05.645985,10000.00,SHORT,-0.20,closed
346,2,1,COIN,291.61,292.60,2025-02-14 18:56:43.704462,2025-02-14 18:57:11.687840,,292.60,,2025-02-14 18:57:11.687840,10000.00,SHORT,-0.99,closed
347,4,2,COIN,291.61,292.60,2025-02-14 18:56:43.704462,2025-02-14 18:57:11.687840,,292.60,,2025-02-14 18:57:11.687840,10000.00,SHORT,-0.99,closed
348,3,2,COIN,291.90,291.20,2025-02-14 18:57:12.438815,2025-02-14 19:00:02.142474,,291.20,,2025-02-14 19:00:02.142474,10000.00,LONG,-0.70,closed
349,2,1,COIN,292.40,292.63,2025-02-14 18:58:27.546626,2025-02-14 19:00:01.640849,,292.63,,2025-02-14 19:00:01.640849,10000.00,SHORT,-0.23,closed
350,4,2,COIN,292.11,292.63,2025-02-14 18:58:37.559656,2025-02-14 19:00:01.640849,,292.63,,2025-02-14 19:00:01.640849,10000.00,SHORT,-0.52,closed
351,1,1,COIN,291.00,292.48,2025-02-14 19:00:03.142982,2025-02-14 19:00:09.150204,,292.48,,2025-02-14 19:00:09.150204,10000.00,LONG,1.48,closed
352,3,2,COIN,291.00,292.48,2025-02-14 19:00:03.142982,2025-02-14 19:00:09.150204,,292.48,,2025-02-14 19:00:09.150204,10000.00,LONG,1.48,closed
353,2,1,COIN,291.76,296.70,2025-02-14 19:00:03.644198,2025-02-14 19:00:05.395315,,296.70,,2025-02-14 19:00:05.395315,10000.00,SHORT,-4.94,closed
354,5,1,TSLA,362.00,360.80,2025-02-14 19:00:03.642298,2025-02-14 19:00:04.644239,,360.80,,2025-02-14 19:00:04.644239,10000.00,LONG,-12000.00,closed
355,4,2,COIN,291.76,296.70,2025-02-14 19:00:03.644198,2025-02-14 19:00:05.395315,,296.70,,2025-02-14 19:00:05.395315,10000.00,SHORT,-4.94,closed
356,5,1,TSLA,362.37,361.84,2025-02-14 19:00:06.646678,2025-02-14 19:00:09.401013,,361.84,,2025-02-14 19:00:09.401013,10000.00,LONG,-5300.00,closed
357,7,2,TSLA,362.37,361.67,2025-02-14 19:00:06.646678,2025-02-14 19:00:09.901484,,361.67,,2025-02-14 19:00:09.901484,10000.00,LONG,-0.70,closed
358,6,1,TSLA,361.67,363.18,2025-02-14 19:00:09.901484,2025-02-14 19:00:11.653790,,363.18,,2025-02-14 19:00:11.653790,10000.00,SHORT,-1.51,closed
359,1,1,COIN,292.48,292.25,2025-02-14 19:00:09.150204,2025-02-14 19:00:22.168064,,292.25,,2025-02-14 19:00:22.168064,10000.00,LONG,-0.23,closed
360,3,2,COIN,292.48,292.25,2025-02-14 19:00:09.150204,2025-02-14 19:00:22.168064,,292.25,,2025-02-14 19:00:22.168064,10000.00,LONG,-0.23,closed
361,5,1,TSLA,363.18,362.00,2025-02-14 19:00:11.653790,2025-02-14 19:00:12.656499,,362.00,,2025-02-14 19:00:12.656499,10000.00,LONG,-11800.00,closed
362,7,2,TSLA,363.18,362.00,2025-02-14 19:00:11.653790,2025-02-14 19:00:12.656499,,362.00,,2025-02-14 19:00:12.656499,10000.00,LONG,-1.18,closed
363,5,1,TSLA,362.00,361.70,2025-02-14 19:00:12.656499,2025-02-14 19:00:22.168064,,361.70,,2025-02-14 19:00:22.168064,10000.00,LONG,-3000.00,closed
364,4,2,COIN,292.06,293.00,2025-02-14 19:00:18.663112,2025-02-14 19:00:19.664451,,293.00,,2025-02-14 19:00:19.664451,10000.00,SHORT,-0.94,closed
365,2,1,COIN,292.06,293.00,2025-02-14 19:00:18.663112,2025-02-14 19:00:19.664451,,293.00,,2025-02-14 19:00:19.664451,10000.00,SHORT,-0.94,closed
366,7,2,TSLA,363.51,361.70,2025-02-14 19:00:21.167344,2025-02-14 19:00:22.168064,,361.70,,2025-02-14 19:00:22.168064,10000.00,LONG,-1.81,closed
367,1,1,COIN,293.00,293.23,2025-02-14 19:00:22.668232,2025-02-14 19:00:27.172839,,293.23,,2025-02-14 19:00:27.172839,10000.00,LONG,0.23,closed
368,3,2,COIN,293.00,293.23,2025-02-14 19:00:22.668232,2025-02-14 19:00:27.172839,,293.23,,2025-02-14 19:00:27.172839,10000.00,LONG,0.23,closed
369,5,1,TSLA,363.23,361.70,2025-02-14 19:00:23.919689,2025-02-14 19:00:24.420055,,361.70,,2025-02-14 19:00:24.420055,10000.00,LONG,-15300.00,closed
370,7,2,TSLA,363.23,361.70,2025-02-14 19:00:23.919689,2025-02-14 19:00:24.420055,,361.70,,2025-02-14 19:00:24.420055,10000.00,LONG,-1.53,closed
371,5,1,TSLA,361.80,362.00,2025-02-14 19:00:25.171461,2025-02-14 19:00:27.924620,,362.00,,2025-02-14 19:00:27.924620,10000.00,LONG,2000.00,closed
372,7,2,TSLA,362.82,362.00,2025-02-14 19:00:26.922868,2025-02-14 19:00:27.924620,,362.00,,2025-02-14 19:00:27.924620,10000.00,LONG,-0.82,closed
373,1,1,COIN,293.50,296.98,2025-02-14 19:00:27.673623,2025-02-14 19:00:32.178878,,296.98,,2025-02-14 19:00:32.178878,10000.00,LONG,3.48,closed
374,3,2,COIN,293.50,296.98,2025-02-14 19:00:27.673623,2025-02-14 19:00:32.178878,,296.98,,2025-02-14 19:00:32.178878,10000.00,LONG,3.48,closed
375,5,1,TSLA,361.70,360.75,2025-02-14 19:00:28.926149,2025-02-14 19:00:31.928658,,360.75,,2025-02-14 19:00:31.928658,10000.00,LONG,-9500.00,closed
376,6,1,TSLA,360.75,361.39,2025-02-14 19:00:31.928658,2025-02-14 19:00:38.937620,,361.39,,2025-02-14 19:00:38.937620,10000.00,SHORT,-0.64,closed
377,1,1,COIN,291.80,292.20,2025-02-14 19:00:33.430704,2025-02-14 19:00:50.201175,,292.20,,2025-02-14 19:00:50.201175,10000.00,LONG,0.40,closed
378,3,2,COIN,291.80,292.20,2025-02-14 19:00:33.430704,2025-02-14 19:00:50.201175,,292.20,,2025-02-14 19:00:50.201175,10000.00,LONG,0.40,closed
379,6,1,TSLA,361.75,361.94,2025-02-14 19:00:39.940016,2025-02-14 19:00:45.945741,,361.94,,2025-02-14 19:00:45.945741,10000.00,SHORT,-0.19,closed
380,5,1,TSLA,361.94,361.12,2025-02-14 19:00:45.945741,2025-02-14 19:03:41.419344,,361.12,,2025-02-14 19:03:41.419344,10000.00,LONG,-8200.00,closed
381,4,2,COIN,292.20,292.61,2025-02-14 19:00:50.201175,2025-02-14 19:00:58.211209,,292.61,,2025-02-14 19:00:58.211209,10000.00,SHORT,-0.41,closed
382,2,1,COIN,292.20,292.61,2025-02-14 19:00:50.201175,2025-02-14 19:00:58.211209,,292.61,,2025-02-14 19:00:58.211209,10000.00,SHORT,-0.41,closed
383,1,1,COIN,292.20,291.43,2025-02-14 19:00:50.201175,2025-02-14 19:01:02.716498,,291.43,,2025-02-14 19:01:02.716498,10000.00,LONG,-0.77,closed
384,3,2,COIN,292.20,291.43,2025-02-14 19:00:50.201175,2025-02-14 19:01:02.716498,,291.43,,2025-02-14 19:01:02.716498,10000.00,LONG,-0.77,closed
385,6,1,TSLA,361.70,361.85,2025-02-14 19:00:54.457001,2025-02-14 19:05:24.532512,,361.85,,2025-02-14 19:05:24.532512,10000.00,SHORT,-0.15,closed
386,7,2,TSLA,361.85,361.12,2025-02-14 19:00:59.213540,2025-02-14 19:03:41.419344,,361.12,,2025-02-14 19:03:41.419344,10000.00,LONG,-0.73,closed
387,1,1,COIN,291.43,291.70,2025-02-14 19:01:03.718817,2025-02-14 19:06:09.791389,,291.70,,2025-02-14 19:06:09.791389,10000.00,LONG,0.27,closed
388,3,2,COIN,291.43,291.70,2025-02-14 19:01:03.718817,2025-02-14 19:06:09.791389,,291.70,,2025-02-14 19:06:09.791389,10000.00,LONG,0.27,closed
389,4,2,COIN,291.43,292.24,2025-02-14 19:01:03.718817,2025-02-14 19:03:42.921952,,292.24,,2025-02-14 19:03:42.921952,10000.00,SHORT,-0.81,closed
390,2,1,COIN,291.43,292.25,2025-02-14 19:01:03.718817,2025-02-14 19:03:43.171551,,292.25,,2025-02-14 19:03:43.171551,10000.00,SHORT,-0.82,closed
391,5,1,TSLA,361.48,362.15,2025-02-14 19:03:45.925145,2025-02-14 19:17:46.453913,,362.15,,2025-02-14 19:17:46.453913,10000.00,LONG,6700.00,closed
392,7,2,TSLA,361.70,362.15,2025-02-14 19:04:28.520808,2025-02-14 19:17:46.453913,,362.15,,2025-02-14 19:17:46.453913,10000.00,LONG,0.45,closed
393,2,1,COIN,292.14,292.29,2025-02-14 19:04:29.021418,2025-02-14 19:06:44.090574,,292.29,,2025-02-14 19:06:44.090574,10000.00,SHORT,-0.15,closed
394,4,2,COIN,291.94,292.00,2025-02-14 19:04:58.948706,2025-02-14 19:08:56.936630,,292.00,,2025-02-14 19:08:56.936630,10000.00,SHORT,-0.06,closed
395,6,1,TSLA,361.64,362.40,2025-02-14 19:05:44.004699,2025-02-14 19:06:55.857282,,362.40,,2025-02-14 19:06:55.857282,10000.00,SHORT,-0.76,closed
396,3,2,COIN,291.75,291.33,2025-02-14 19:06:10.541997,2025-02-14 19:07:19.639508,,291.33,,2025-02-14 19:07:19.639508,10000.00,LONG,-0.42,closed
397,1,1,COIN,291.75,291.33,2025-02-14 19:06:10.541997,2025-02-14 19:07:19.639508,,291.33,,2025-02-14 19:07:19.639508,10000.00,LONG,-0.42,closed
398,2,1,COIN,291.85,292.00,2025-02-14 19:06:45.091884,2025-02-14 19:08:56.936630,,292.00,,2025-02-14 19:08:56.936630,10000.00,SHORT,-0.15,closed
399,3,2,COIN,291.30,291.50,2025-02-14 19:07:20.888821,2025-02-14 19:09:00.332583,,291.50,,2025-02-14 19:09:00.332583,10000.00,LONG,0.20,closed
400,1,1,COIN,291.30,291.50,2025-02-14 19:07:20.888821,2025-02-14 19:09:00.332583,,291.50,,2025-02-14 19:09:00.332583,10000.00,LONG,0.20,closed
401,6,1,TSLA,362.40,362.80,2025-02-14 19:08:26.791148,2025-02-14 19:27:47.491121,,362.80,,2025-02-14 19:27:47.491121,10000.00,SHORT,-0.40,closed
402,3,2,COIN,291.50,291.09,2025-02-14 19:09:00.332583,2025-02-14 19:09:53.151977,,291.09,,2025-02-14 19:09:53.151977,10000.00,LONG,-0.41,closed
403,1,1,COIN,291.50,291.09,2025-02-14 19:09:00.332583,2025-02-14 19:09:53.151977,,291.09,,2025-02-14 19:09:53.151977,10000.00,LONG,-0.41,closed
404,2,1,COIN,291.51,291.59,2025-02-14 19:09:13.850780,2025-02-14 19:11:00.622071,,291.59,,2025-02-14 19:11:00.622071,10000.00,SHORT,-0.08,closed
405,4,2,COIN,291.59,291.59,2025-02-14 19:09:50.898833,2025-02-14 19:11:00.622071,,291.59,,2025-02-14 19:11:00.622071,10000.00,SHORT,0.00,closed
406,3,2,COIN,291.10,291.00,2025-02-14 19:09:53.902293,2025-02-14 19:10:17.934203,,291.00,,2025-02-14 19:10:17.934203,10000.00,LONG,-0.10,closed
407,1,1,COIN,291.10,291.00,2025-02-14 19:09:53.902293,2025-02-14 19:10:17.934203,,291.00,,2025-02-14 19:10:17.934203,10000.00,LONG,-0.10,closed
408,1,1,COIN,291.00,291.00,2025-02-14 19:10:17.934203,2025-02-14 19:15:02.185969,,291.00,,2025-02-14 19:15:02.185969,10000.00,LONG,0.00,closed
409,3,2,COIN,291.00,291.00,2025-02-14 19:10:17.934203,2025-02-14 19:15:02.185969,,291.00,,2025-02-14 19:15:02.185969,10000.00,LONG,0.00,closed
410,2,1,COIN,291.01,291.20,2025-02-14 19:11:24.654718,2025-02-14 19:16:44.316976,,291.20,,2025-02-14 19:16:44.316976,10000.00,SHORT,-0.19,closed
411,4,2,COIN,291.10,291.20,2025-02-14 19:11:54.947224,2025-02-14 19:16:44.316976,,291.20,,2025-02-14 19:16:44.316976,10000.00,SHORT,-0.10,closed
412,3,2,COIN,291.00,290.61,2025-02-14 19:15:02.185969,2025-02-14 19:18:11.684042,,290.61,,2025-02-14 19:18:11.684042,10000.00,LONG,-0.39,closed
413,1,1,COIN,291.00,290.61,2025-02-14 19:15:02.185969,2025-02-14 19:18:11.684042,,290.61,,2025-02-14 19:18:11.684042,10000.00,LONG,-0.39,closed
414,2,1,COIN,290.91,291.00,2025-02-14 19:17:29.376210,2025-02-14 19:24:06.183222,,291.00,,2025-02-14 19:24:06.183222,10000.00,SHORT,-0.09,closed
415,5,1,TSLA,362.37,362.07,2025-02-14 19:17:52.658017,2025-02-14 19:29:36.136787,,362.07,,2025-02-14 19:29:36.136787,10000.00,LONG,-3000.00,closed
416,4,2,COIN,290.76,291.00,2025-02-14 19:17:55.162798,2025-02-14 19:24:06.183222,,291.00,,2025-02-14 19:24:06.183222,10000.00,SHORT,-0.24,closed
417,3,2,COIN,290.61,290.30,2025-02-14 19:18:11.684042,2025-02-14 19:19:54.330030,,290.30,,2025-02-14 19:19:54.330030,10000.00,LONG,-0.31,closed
418,1,1,COIN,290.61,290.30,2025-02-14 19:18:11.684042,2025-02-14 19:19:54.330030,,290.30,,2025-02-14 19:19:54.330030,10000.00,LONG,-0.31,closed
419,7,2,TSLA,362.60,362.07,2025-02-14 19:18:39.973824,2025-02-14 19:29:36.136787,,362.07,,2025-02-14 19:29:36.136787,10000.00,LONG,-0.53,closed
420,1,1,COIN,290.30,290.57,2025-02-14 19:19:54.330030,2025-02-14 19:25:02.011252,,290.57,,2025-02-14 19:25:02.011252,10000.00,LONG,0.27,closed
421,3,2,COIN,290.30,291.20,2025-02-14 19:19:54.330030,2025-02-14 19:26:09.355257,,291.20,,2025-02-14 19:26:09.355257,10000.00,LONG,0.90,closed
422,2,1,COIN,290.57,291.80,2025-02-14 19:25:02.011252,2025-02-14 19:25:56.639185,,291.80,,2025-02-14 19:25:56.639185,10000.00,SHORT,-1.23,closed
423,4,2,COIN,290.57,291.19,2025-02-14 19:25:02.011252,2025-02-14 19:25:33.054997,,291.19,,2025-02-14 19:25:33.054997,10000.00,SHORT,-0.62,closed
424,1,1,COIN,290.60,291.20,2025-02-14 19:25:03.513607,2025-02-14 19:26:09.355257,,291.20,,2025-02-14 19:26:09.355257,10000.00,LONG,0.60,closed
425,1,1,COIN,291.00,290.91,2025-02-14 19:26:10.356396,2025-02-14 19:30:10.933064,,290.91,,2025-02-14 19:30:10.933064,10000.00,LONG,-0.09,closed
426,3,2,COIN,291.00,290.91,2025-02-14 19:26:10.356396,2025-02-14 19:30:10.933064,,290.91,,2025-02-14 19:30:10.933064,10000.00,LONG,-0.09,closed
427,4,2,COIN,291.00,291.50,2025-02-14 19:26:59.675788,2025-02-14 19:30:29.708271,,291.50,,2025-02-14 19:30:29.708271,10000.00,SHORT,-0.50,closed
428,2,1,COIN,291.00,291.50,2025-02-14 19:26:59.675788,2025-02-14 19:30:29.708271,,291.50,,2025-02-14 19:30:29.708271,10000.00,SHORT,-0.50,closed
429,6,1,TSLA,362.51,362.80,2025-02-14 19:27:53.999363,2025-02-14 19:31:44.426292,,362.80,,2025-02-14 19:31:44.426292,10000.00,SHORT,-0.29,closed
430,3,2,COIN,290.91,290.70,2025-02-14 19:30:10.933064,2025-02-14 19:30:31.460312,,290.70,,2025-02-14 19:30:31.460312,10000.00,LONG,-0.21,closed
431,1,1,COIN,290.91,290.70,2025-02-14 19:30:10.933064,2025-02-14 19:30:31.460312,,290.70,,2025-02-14 19:30:31.460312,10000.00,LONG,-0.21,closed
432,5,1,TSLA,362.69,362.21,2025-02-14 19:30:14.687488,2025-02-14 19:35:00.067316,,362.21,,2025-02-14 19:35:00.067316,10000.00,LONG,-4800.00,closed
433,4,2,COIN,290.70,291.50,2025-02-14 19:30:31.460312,2025-02-14 19:31:02.367511,,291.50,,2025-02-14 19:31:02.367511,10000.00,SHORT,-0.80,closed
434,2,1,COIN,290.70,291.40,2025-02-14 19:30:31.460312,2025-02-14 19:31:03.120418,,291.40,,2025-02-14 19:31:03.120418,10000.00,SHORT,-0.70,closed
435,3,2,COIN,290.70,290.66,2025-02-14 19:30:31.460312,2025-02-14 19:31:14.885221,,290.66,,2025-02-14 19:31:14.885221,10000.00,LONG,-0.04,closed
436,1,1,COIN,290.70,290.66,2025-02-14 19:30:31.460312,2025-02-14 19:31:14.885221,,290.66,,2025-02-14 19:31:14.885221,10000.00,LONG,-0.04,closed
437,2,1,COIN,290.61,291.00,2025-02-14 19:31:14.383981,2025-02-14 19:32:01.948825,,291.00,,2025-02-14 19:32:01.948825,10000.00,SHORT,-0.39,closed
438,3,2,COIN,290.99,290.51,2025-02-14 19:31:15.134406,2025-02-14 19:31:28.653797,,290.51,,2025-02-14 19:31:28.653797,10000.00,LONG,-0.48,closed
439,1,1,COIN,290.99,290.51,2025-02-14 19:31:15.134406,2025-02-14 19:31:28.653797,,290.51,,2025-02-14 19:31:28.653797,10000.00,LONG,-0.48,closed
440,7,2,TSLA,362.69,362.20,2025-02-14 19:31:24.147125,2025-02-14 19:34:59.566412,,362.20,,2025-02-14 19:34:59.566412,10000.00,LONG,-0.49,closed
441,3,2,COIN,290.51,290.40,2025-02-14 19:31:28.653797,2025-02-14 19:32:05.454107,,290.40,,2025-02-14 19:32:05.454107,10000.00,LONG,-0.11,closed
442,1,1,COIN,290.51,290.40,2025-02-14 19:31:28.653797,2025-02-14 19:32:05.454107,,290.40,,2025-02-14 19:32:05.454107,10000.00,LONG,-0.11,closed
443,4,2,COIN,290.51,291.00,2025-02-14 19:31:34.161762,2025-02-14 19:32:01.948825,,291.00,,2025-02-14 19:32:01.948825,10000.00,SHORT,-0.49,closed
444,1,1,COIN,290.40,290.42,2025-02-14 19:32:05.454107,2025-02-14 19:32:12.463935,,290.42,,2025-02-14 19:32:12.463935,10000.00,LONG,0.02,closed
445,3,2,COIN,291.30,290.42,2025-02-14 19:32:07.205806,2025-02-14 19:32:12.463935,,290.42,,2025-02-14 19:32:12.463935,10000.00,LONG,-0.88,closed
446,2,1,COIN,290.41,291.49,2025-02-14 19:32:11.712301,2025-02-14 19:32:20.094714,,291.49,,2025-02-14 19:32:20.094714,10000.00,SHORT,-1.08,closed
447,3,2,COIN,290.42,290.80,2025-02-14 19:32:13.466425,2025-02-14 19:35:22.019116,,290.80,,2025-02-14 19:35:22.019116,10000.00,LONG,0.38,closed
448,1,1,COIN,290.42,290.80,2025-02-14 19:32:13.466425,2025-02-14 19:35:22.019116,,290.80,,2025-02-14 19:35:22.019116,10000.00,LONG,0.38,closed
449,4,2,COIN,290.51,291.48,2025-02-14 19:32:16.088180,2025-02-14 19:32:32.861513,,291.48,,2025-02-14 19:32:32.861513,10000.00,SHORT,-0.97,closed
450,2,1,COIN,291.05,291.40,2025-02-14 19:32:20.844851,2025-02-14 19:39:37.894286,,291.40,,2025-02-14 19:39:37.894286,10000.00,SHORT,-0.35,closed
451,6,1,TSLA,362.83,362.13,2025-02-14 19:33:03.653764,2025-02-14 19:39:16.112414,,362.13,,2025-02-14 19:39:16.112414,10000.00,SHORT,0.70,closed
452,4,2,COIN,291.14,291.40,2025-02-14 19:33:26.686813,2025-02-14 19:39:37.894286,,291.40,,2025-02-14 19:39:37.894286,10000.00,SHORT,-0.26,closed
453,3,2,COIN,290.80,291.21,2025-02-14 19:35:22.019116,2025-02-14 19:41:37.812778,,291.21,,2025-02-14 19:41:37.812778,10000.00,LONG,0.41,closed
454,1,1,COIN,290.80,291.21,2025-02-14 19:35:22.019116,2025-02-14 19:41:37.812778,,291.21,,2025-02-14 19:41:37.812778,10000.00,LONG,0.41,closed
455,5,1,TSLA,361.95,,2025-02-14 19:36:38.628057,,,,,,10000.00,LONG,,open
456,7,2,TSLA,362.12,361.35,2025-02-14 19:36:50.142791,2025-02-14 19:37:28.948237,,361.35,,2025-02-14 19:37:28.948237,10000.00,LONG,-0.77,closed
457,7,2,TSLA,361.86,,2025-02-14 19:38:28.722035,,,,,,10000.00,LONG,,open
458,6,1,TSLA,361.89,,2025-02-14 19:39:35.890954,,,,,,10000.00,SHORT,,open
459,2,1,COIN,291.21,291.80,2025-02-14 19:41:37.812778,2025-02-14 19:41:43.821763,,291.80,,2025-02-14 19:41:43.821763,10000.00,SHORT,-0.59,closed
460,1,1,COIN,291.21,291.20,2025-02-14 19:41:37.812778,2025-02-14 19:41:41.568888,,291.20,,2025-02-14 19:41:41.568888,10000.00,LONG,-0.01,closed
461,3,2,COIN,291.24,291.20,2025-02-14 19:41:39.316017,2025-02-14 19:41:50.080366,,291.20,,2025-02-14 19:41:50.080366,10000.00,LONG,-0.04,closed
462,1,1,COIN,291.20,291.20,2025-02-14 19:41:41.568888,2025-02-14 19:41:50.080366,,291.20,,2025-02-14 19:41:50.080366,10000.00,LONG,0.00,closed
463,2,1,COIN,291.20,291.80,2025-02-14 19:41:50.080366,2025-02-14 19:42:07.358207,,291.80,,2025-02-14 19:42:07.358207,10000.00,SHORT,-0.60,closed
464,1,1,COIN,291.20,291.70,2025-02-14 19:41:50.080366,2025-02-14 19:42:22.380424,,291.70,,2025-02-14 19:42:22.380424,10000.00,LONG,0.50,closed
465,3,2,COIN,291.20,291.70,2025-02-14 19:41:50.080366,2025-02-14 19:42:22.380424,,291.70,,2025-02-14 19:42:22.380424,10000.00,LONG,0.50,closed
466,2,1,COIN,291.32,292.00,2025-02-14 19:42:11.864621,2025-02-14 19:42:17.874262,,292.00,,2025-02-14 19:42:17.874262,10000.00,SHORT,-0.68,closed
467,1,1,COIN,291.70,291.74,2025-02-14 19:42:22.380424,2025-02-14 19:42:31.143532,,291.74,,2025-02-14 19:42:31.143532,10000.00,LONG,0.04,closed
468,3,2,COIN,291.70,291.74,2025-02-14 19:42:22.380424,2025-02-14 19:42:31.143532,,291.74,,2025-02-14 19:42:31.143532,10000.00,LONG,0.04,closed
469,2,1,COIN,291.67,292.49,2025-02-14 19:42:26.887411,2025-02-14 19:42:29.141400,,292.49,,2025-02-14 19:42:29.141400,10000.00,SHORT,-0.82,closed
470,3,2,COIN,291.74,,2025-02-14 19:42:31.143532,,,,,,10000.00,LONG,,open
471,1,1,COIN,291.74,,2025-02-14 19:42:31.143532,,,,,,10000.00,LONG,,open
472,2,1,COIN,292.14,,2025-02-14 19:43:21.465490,,,,,,10000.00,SHORT,,open
505,3,2,COIN,292.22,278.90,2025-02-14 19:44:03.020752,2025-02-14 21:41:24.311849,,278.90,,2025-02-14 21:41:24.311849,10000.00,LONG,-13.32,closed
506,1,1,COIN,292.22,278.90,2025-02-14 19:44:03.020752,2025-02-14 21:41:24.311849,,278.90,,2025-02-14 21:41:24.311849,10000.00,LONG,-13.32,closed
507,2,1,COIN,278.90,,2025-02-14 21:41:24.311849,,,,,,10000.00,SHORT,,open
508,5,1,TSLA,350.48,,2025-02-14 21:41:25.047851,,,,,,10000.00,LONG,,open
509,3,2,COIN,278.93,,2025-02-14 21:41:25.486878,,,,,,10000.00,LONG,,open
510,1,1,COIN,278.93,,2025-02-14 21:41:25.486878,,,,,,10000.00,LONG,,open
511,2,1,COIN,278.30,278.92,2025-02-14 21:46:30.905777,2025-02-14 21:46:43.174197,,278.92,,2025-02-14 21:46:43.174197,10000.00,SHORT,-0.62,closed
512,2,1,COIN,278.01,278.39,2025-02-14 21:47:18.431029,2025-02-14 21:47:31.963070,,278.39,,2025-02-14 21:47:31.963070,10000.00,SHORT,-0.38,closed
513,1,1,COIN,278.01,278.18,2025-02-14 21:47:18.431029,2025-02-14 21:48:22.606425,,278.18,,2025-02-14 21:48:22.606425,10000.00,LONG,0.17,closed
514,5,1,TSLA,352.39,352.25,2025-02-14 21:47:19.938180,2025-02-14 21:49:50.560976,,352.25,,2025-02-14 21:49:50.560976,10000.00,LONG,-1400.00,closed
515,3,2,COIN,278.01,277.79,2025-02-14 21:47:18.431029,2025-02-14 21:47:36.470091,,277.79,,2025-02-14 21:47:36.470091,10000.00,LONG,-0.22,closed
516,4,2,COIN,278.01,278.37,2025-02-14 21:47:18.431029,2025-02-14 21:47:32.463825,,278.37,,2025-02-14 21:47:32.463825,10000.00,SHORT,-0.36,closed
517,7,2,TSLA,352.39,352.25,2025-02-14 21:47:19.938180,2025-02-14 21:49:16.429829,,352.25,,2025-02-14 21:49:16.429829,10000.00,LONG,-0.14,closed
518,4,2,COIN,277.79,278.73,2025-02-14 21:47:36.470091,2025-02-14 21:47:58.702968,,278.73,,2025-02-14 21:47:58.702968,10000.00,SHORT,-0.94,closed
519,2,1,COIN,277.94,278.53,2025-02-14 21:47:36.969012,2025-02-14 21:47:58.273285,,278.53,,2025-02-14 21:47:58.273285,10000.00,SHORT,-0.59,closed
520,3,2,COIN,278.18,278.18,2025-02-14 21:47:37.219821,2025-02-14 21:48:22.855457,,278.18,,2025-02-14 21:48:22.855457,10000.00,LONG,0.00,closed
521,1,1,COIN,278.18,277.82,2025-02-14 21:48:22.855457,2025-02-14 21:48:59.944011,,277.82,,2025-02-14 21:48:59.944011,10000.00,LONG,-0.36,closed
522,3,2,COIN,278.01,277.82,2025-02-14 21:48:23.857222,2025-02-14 21:48:59.944011,,277.82,,2025-02-14 21:48:59.944011,10000.00,LONG,-0.19,closed
523,6,1,TSLA,352.39,352.21,2025-02-14 21:48:26.115686,2025-02-14 21:52:28.715921,,352.21,,2025-02-14 21:52:28.715921,10000.00,SHORT,0.18,closed
524,2,1,COIN,278.01,278.55,2025-02-14 21:48:26.361393,2025-02-14 21:49:36.224969,,278.55,,2025-02-14 21:49:36.224969,10000.00,SHORT,-0.54,closed
525,4,2,COIN,277.94,278.55,2025-02-14 21:49:00.445722,2025-02-14 21:49:36.224969,,278.55,,2025-02-14 21:49:36.224969,10000.00,SHORT,-0.61,closed
526,1,1,COIN,277.83,277.83,2025-02-14 21:49:01.128482,2025-02-14 21:50:18.217319,,277.83,,2025-02-14 21:50:18.217319,10000.00,LONG,0.00,closed
527,3,2,COIN,277.83,277.83,2025-02-14 21:49:01.128482,2025-02-14 21:50:18.217319,,277.83,,2025-02-14 21:50:18.217319,10000.00,LONG,0.00,closed
528,5,1,TSLA,352.39,351.67,2025-02-14 21:49:56.422249,2025-02-14 21:50:14.712278,,351.67,,2025-02-14 21:50:14.712278,10000.00,LONG,-7200.00,closed
529,2,1,COIN,277.83,278.30,2025-02-14 21:50:18.217319,2025-02-14 21:51:12.174115,,278.30,,2025-02-14 21:51:12.174115,10000.00,SHORT,-0.47,closed
530,1,1,COIN,277.83,277.69,2025-02-14 21:50:18.217319,2025-02-14 21:51:24.356608,,277.69,,2025-02-14 21:51:24.356608,10000.00,LONG,-0.14,closed
531,3,2,COIN,277.83,277.69,2025-02-14 21:50:18.217319,2025-02-14 21:51:24.356608,,277.69,,2025-02-14 21:51:24.356608,10000.00,LONG,-0.14,closed
532,4,2,COIN,277.70,278.30,2025-02-14 21:50:28.238714,2025-02-14 21:51:09.673120,,278.30,,2025-02-14 21:51:09.673120,10000.00,SHORT,-0.60,closed
533,4,2,COIN,278.02,278.10,2025-02-14 21:51:11.675034,2025-02-14 21:51:53.234348,,278.10,,2025-02-14 21:51:53.234348,10000.00,SHORT,-0.08,closed
534,5,1,TSLA,352.03,352.21,2025-02-14 21:51:13.427226,2025-02-14 21:55:10.483206,,352.21,,2025-02-14 21:55:10.483206,10000.00,LONG,1800.00,closed
535,7,2,TSLA,352.09,352.21,2025-02-14 21:51:14.930834,2025-02-14 21:55:10.483206,,352.21,,2025-02-14 21:55:10.483206,10000.00,LONG,0.12,closed
536,2,1,COIN,277.94,278.07,2025-02-14 21:51:18.899917,2025-02-14 21:51:52.733968,,278.07,,2025-02-14 21:51:52.733968,10000.00,SHORT,-0.13,closed
537,1,1,COIN,277.68,277.84,2025-02-14 21:51:25.109289,2025-02-14 21:52:56.271429,,277.84,,2025-02-14 21:52:56.271429,10000.00,LONG,0.16,closed
538,3,2,COIN,277.68,277.84,2025-02-14 21:51:25.109289,2025-02-14 21:52:56.271429,,277.84,,2025-02-14 21:52:56.271429,10000.00,LONG,0.16,closed
539,2,1,COIN,277.58,278.42,2025-02-14 21:52:07.375658,2025-02-14 21:52:27.213328,,278.42,,2025-02-14 21:52:27.213328,10000.00,SHORT,-0.84,closed
540,4,2,COIN,277.58,278.41,2025-02-14 21:52:07.375658,2025-02-14 21:52:27.467581,,278.41,,2025-02-14 21:52:27.467581,10000.00,SHORT,-0.83,closed
541,1,1,COIN,277.97,279.11,2025-02-14 21:52:57.773335,2025-02-14 21:56:23.841167,,279.11,,2025-02-14 21:56:23.841167,10000.00,LONG,1.14,closed
542,3,2,COIN,277.97,279.11,2025-02-14 21:52:57.773335,2025-02-14 21:56:23.841167,,279.11,,2025-02-14 21:56:23.841167,10000.00,LONG,1.14,closed
543,6,1,TSLA,352.57,354.82,2025-02-14 21:54:45.187274,2025-02-15 02:46:23.032608,,354.82,,2025-02-15 02:46:23.032608,10000.00,SHORT,-2.25,closed
544,2,1,COIN,279.20,279.63,2025-02-14 21:54:57.761698,2025-02-14 21:55:52.942353,,279.63,,2025-02-14 21:55:52.942353,10000.00,SHORT,-0.43,closed
545,4,2,COIN,279.10,279.72,2025-02-14 21:55:21.623004,2025-02-14 21:56:03.213764,,279.72,,2025-02-14 21:56:03.213764,10000.00,SHORT,-0.62,closed
546,5,1,TSLA,352.60,351.84,2025-02-14 21:56:08.226473,2025-02-14 21:58:15.344082,,351.84,,2025-02-14 21:58:15.344082,10000.00,LONG,-7600.00,closed
547,7,2,TSLA,352.50,351.84,2025-02-14 21:56:10.980538,2025-02-14 21:58:15.344082,,351.84,,2025-02-14 21:58:15.344082,10000.00,LONG,-0.66,closed
548,2,1,COIN,279.11,279.35,2025-02-14 21:56:23.841167,2025-02-14 21:57:05.016384,,279.35,,2025-02-14 21:57:05.016384,10000.00,SHORT,-0.24,closed
549,4,2,COIN,279.11,279.29,2025-02-14 21:56:23.841167,2025-02-14 21:57:05.520383,,279.29,,2025-02-14 21:57:05.520383,10000.00,SHORT,-0.18,closed
550,3,2,COIN,279.12,278.92,2025-02-14 21:56:24.659197,2025-02-14 21:58:25.877437,,278.92,,2025-02-14 21:58:25.877437,10000.00,LONG,-0.20,closed
551,1,1,COIN,279.18,278.92,2025-02-14 21:56:25.163168,2025-02-14 21:58:33.286669,,278.92,,2025-02-14 21:58:33.286669,10000.00,LONG,-0.26,closed
552,2,1,COIN,279.15,279.50,2025-02-14 21:57:10.777699,2025-02-14 21:58:01.561857,,279.50,,2025-02-14 21:58:01.561857,10000.00,SHORT,-0.35,closed
553,4,2,COIN,279.13,279.50,2025-02-14 21:57:14.786037,2025-02-14 21:58:01.561857,,279.50,,2025-02-14 21:58:01.561857,10000.00,SHORT,-0.37,closed
554,2,1,COIN,279.10,277.97,2025-02-14 21:58:05.072482,2025-02-15 02:49:26.440265,,277.97,,2025-02-15 02:49:26.440265,10000.00,SHORT,1.13,closed
555,3,2,COIN,279.17,277.58,2025-02-14 21:58:27.124796,2025-02-15 02:46:22.830600,,277.58,,2025-02-15 02:46:22.830600,10000.00,LONG,-1.59,closed
556,1,1,COIN,278.66,277.60,2025-02-14 21:58:34.111903,2025-02-15 02:46:22.141690,,277.60,,2025-02-15 02:46:22.141690,10000.00,LONG,-1.06,closed
557,4,2,COIN,278.66,277.97,2025-02-14 21:58:34.111903,2025-02-15 02:49:26.440265,,277.97,,2025-02-15 02:49:26.440265,10000.00,SHORT,0.69,closed
558,1,1,COIN,277.56,277.62,2025-02-15 02:46:23.337615,2025-02-15 02:50:59.979324,,277.62,,2025-02-15 02:50:59.979324,10000.00,LONG,0.06,closed
559,3,2,COIN,277.56,277.52,2025-02-15 02:46:23.826627,2025-02-15 02:51:00.986121,,277.52,,2025-02-15 02:51:00.986121,10000.00,LONG,-0.04,closed
560,6,1,TSLA,354.81,355.40,2025-02-15 02:46:24.829096,2025-02-15 02:50:21.407660,,355.40,,2025-02-15 02:50:21.407660,10000.00,SHORT,-0.59,closed
561,5,1,TSLA,354.89,354.74,2025-02-15 02:46:25.579114,2025-02-15 02:51:09.498144,,354.74,,2025-02-15 02:51:09.498144,10000.00,LONG,-1500.00,closed
562,7,2,TSLA,355.18,354.70,2025-02-15 02:47:10.670187,2025-02-15 02:51:10.498807,,354.70,,2025-02-15 02:51:10.498807,10000.00,LONG,-0.48,closed
563,2,1,COIN,277.74,274.80,2025-02-15 02:49:52.093720,2025-02-15 02:55:40.037733,,274.80,,2025-02-15 02:55:40.037733,10000.00,SHORT,2.94,closed
564,6,1,TSLA,355.04,355.45,2025-02-15 02:51:00.730339,2025-02-15 02:52:48.930651,,355.45,,2025-02-15 02:52:48.930651,10000.00,SHORT,-0.41,closed
565,1,1,COIN,277.52,276.97,2025-02-15 02:51:00.986121,2025-02-15 02:52:11.863743,,276.97,,2025-02-15 02:52:11.863743,10000.00,LONG,-0.55,closed
566,4,2,COIN,277.52,274.80,2025-02-15 02:51:00.986121,2025-02-15 02:55:40.037733,,274.80,,2025-02-15 02:55:40.037733,10000.00,SHORT,2.72,closed
567,3,2,COIN,277.45,276.88,2025-02-15 02:51:01.729655,2025-02-15 02:52:15.119569,,276.88,,2025-02-15 02:52:15.119569,10000.00,LONG,-0.57,closed
568,5,1,TSLA,355.00,355.00,2025-02-15 02:51:33.537819,2025-02-15 03:00:15.091183,,355.00,,2025-02-15 03:00:15.091183,10000.00,LONG,0.00,closed
569,7,2,TSLA,355.23,355.00,2025-02-15 02:52:10.111652,2025-02-15 03:00:15.091183,,355.00,,2025-02-15 03:00:15.091183,10000.00,LONG,-0.23,closed
570,1,1,COIN,276.97,276.40,2025-02-15 02:52:12.112748,2025-02-15 02:53:12.227314,,276.40,,2025-02-15 02:53:12.227314,10000.00,LONG,-0.57,closed
571,3,2,COIN,276.85,276.28,2025-02-15 02:52:16.119598,2025-02-15 02:53:13.477967,,276.28,,2025-02-15 02:53:13.477967,10000.00,LONG,-0.57,closed
572,1,1,COIN,276.28,275.81,2025-02-15 02:53:13.477967,2025-02-15 02:53:45.685841,,275.81,,2025-02-15 02:53:45.685841,10000.00,LONG,-0.47,closed
573,3,2,COIN,276.46,275.90,2025-02-15 02:53:14.732966,2025-02-15 02:53:22.492091,,275.90,,2025-02-15 02:53:22.492091,10000.00,LONG,-0.56,closed
574,3,2,COIN,275.90,275.26,2025-02-15 02:53:22.492091,2025-02-15 02:54:40.558060,,275.26,,2025-02-15 02:54:40.558060,10000.00,LONG,-0.64,closed
575,1,1,COIN,275.81,275.27,2025-02-15 02:53:46.687860,2025-02-15 02:54:42.314092,,275.27,,2025-02-15 02:54:42.314092,10000.00,LONG,-0.54,closed
576,6,1,TSLA,355.81,355.60,2025-02-15 02:54:31.039985,2025-02-15 03:00:27.945591,,355.60,,2025-02-15 03:00:27.945591,10000.00,SHORT,0.21,closed
577,3,2,COIN,275.34,274.89,2025-02-15 02:54:41.561079,2025-02-15 02:54:59.647844,,274.89,,2025-02-15 02:54:59.647844,10000.00,LONG,-0.45,closed
578,1,1,COIN,275.31,274.80,2025-02-15 02:54:43.312342,2025-02-15 02:55:00.595942,,274.80,,2025-02-15 02:55:00.595942,10000.00,LONG,-0.51,closed
579,3,2,COIN,274.80,274.22,2025-02-15 02:55:00.595942,2025-02-15 02:55:07.860755,,274.22,,2025-02-15 02:55:07.860755,10000.00,LONG,-0.58,closed
580,1,1,COIN,274.77,274.17,2025-02-15 02:55:01.609933,2025-02-15 02:55:09.666895,,274.17,,2025-02-15 02:55:09.666895,10000.00,LONG,-0.60,closed
581,3,2,COIN,274.28,274.63,2025-02-15 02:55:08.609778,2025-02-15 02:57:58.387742,,274.63,,2025-02-15 02:57:58.387742,10000.00,LONG,0.35,closed
582,1,1,COIN,274.19,274.63,2025-02-15 02:55:10.614886,2025-02-15 02:57:58.387742,,274.63,,2025-02-15 02:57:58.387742,10000.00,LONG,0.44,closed
583,2,1,COIN,274.96,274.71,2025-02-15 02:57:15.063810,2025-02-15 03:00:11.858453,,274.71,,2025-02-15 03:00:11.858453,10000.00,SHORT,0.25,closed
584,4,2,COIN,274.89,274.71,2025-02-15 02:57:49.121173,2025-02-15 03:00:11.858453,,274.71,,2025-02-15 03:00:11.858453,10000.00,SHORT,0.18,closed
585,3,2,COIN,274.77,274.19,2025-02-15 02:57:59.389757,2025-02-15 02:59:23.306938,,274.19,,2025-02-15 02:59:23.306938,10000.00,LONG,-0.58,closed
586,1,1,COIN,274.77,274.19,2025-02-15 02:57:59.389757,2025-02-15 02:59:23.306938,,274.19,,2025-02-15 02:59:23.306938,10000.00,LONG,-0.58,closed
587,3,2,COIN,274.27,275.06,2025-02-15 02:59:24.314497,2025-02-15 03:05:07.219674,,275.06,,2025-02-15 03:05:07.219674,10000.00,LONG,0.79,closed
588,1,1,COIN,274.27,275.06,2025-02-15 02:59:24.314497,2025-02-15 03:05:07.219674,,275.06,,2025-02-15 03:05:07.219674,10000.00,LONG,0.79,closed
589,6,1,TSLA,355.54,355.84,2025-02-15 03:00:28.720606,2025-02-15 03:01:43.526260,,355.84,,2025-02-15 03:01:43.526260,10000.00,SHORT,-0.30,closed
590,5,1,TSLA,355.17,355.30,2025-02-15 03:01:16.106006,2025-02-15 03:01:45.776451,,355.30,,2025-02-15 03:01:45.776451,10000.00,LONG,1300.00,closed
591,7,2,TSLA,355.17,355.30,2025-02-15 03:01:16.106006,2025-02-15 03:01:45.776451,,355.30,,2025-02-15 03:01:45.776451,10000.00,LONG,0.13,closed
592,7,2,TSLA,355.40,355.15,2025-02-15 03:01:47.150124,2025-02-15 03:02:53.593560,,355.15,,2025-02-15 03:02:53.593560,10000.00,LONG,-0.25,closed
593,5,1,TSLA,355.40,355.20,2025-02-15 03:01:47.150124,2025-02-15 03:02:52.840550,,355.20,,2025-02-15 03:02:52.840550,10000.00,LONG,-2000.00,closed
594,2,1,COIN,274.90,275.80,2025-02-15 03:02:21.785429,2025-02-15 03:05:06.719295,,275.80,,2025-02-15 03:05:06.719295,10000.00,SHORT,-0.90,closed
595,6,1,TSLA,355.32,355.84,2025-02-15 03:02:48.304909,2025-02-15 03:07:05.333547,,355.84,,2025-02-15 03:07:05.333547,10000.00,SHORT,-0.52,closed
596,5,1,TSLA,355.13,355.12,2025-02-15 03:04:08.392056,2025-02-15 03:07:50.148376,,355.12,,2025-02-15 03:07:50.148376,10000.00,LONG,-100.00,closed
597,3,2,COIN,275.05,275.20,2025-02-15 03:05:07.971952,2025-02-15 03:05:27.998363,,275.20,,2025-02-15 03:05:27.998363,10000.00,LONG,0.15,closed
598,1,1,COIN,275.05,275.20,2025-02-15 03:05:07.971952,2025-02-15 03:05:27.998363,,275.20,,2025-02-15 03:05:27.998363,10000.00,LONG,0.15,closed
599,2,1,COIN,275.21,275.88,2025-02-15 03:05:15.483347,2025-02-15 03:05:26.246471,,275.88,,2025-02-15 03:05:26.246471,10000.00,SHORT,-0.67,closed
600,2,1,COIN,275.20,275.86,2025-02-15 03:05:27.998363,2025-02-15 03:05:28.750199,,275.86,,2025-02-15 03:05:28.750199,10000.00,SHORT,-0.66,closed
601,3,2,COIN,275.86,275.23,2025-02-15 03:05:28.750199,2025-02-15 03:05:33.956376,,275.23,,2025-02-15 03:05:33.956376,10000.00,LONG,-0.63,closed
602,1,1,COIN,275.86,275.23,2025-02-15 03:05:28.750199,2025-02-15 03:05:33.956376,,275.23,,2025-02-15 03:05:33.956376,10000.00,LONG,-0.63,closed
603,3,2,COIN,275.23,275.20,2025-02-15 03:05:33.956376,2025-02-15 03:05:40.965753,,275.20,,2025-02-15 03:05:40.965753,10000.00,LONG,-0.03,closed
604,1,1,COIN,275.23,275.20,2025-02-15 03:05:33.956376,2025-02-15 03:05:40.965753,,275.20,,2025-02-15 03:05:40.965753,10000.00,LONG,-0.03,closed
605,3,2,COIN,275.05,274.98,2025-02-15 03:05:41.968496,2025-02-15 03:05:51.732449,,274.98,,2025-02-15 03:05:51.732449,10000.00,LONG,-0.07,closed
606,1,1,COIN,275.05,275.00,2025-02-15 03:05:41.968496,2025-02-15 03:05:52.230793,,275.00,,2025-02-15 03:05:52.230793,10000.00,LONG,-0.05,closed
607,2,1,COIN,275.00,275.60,2025-02-15 03:05:47.975351,2025-02-15 03:05:48.979422,,275.60,,2025-02-15 03:05:48.979422,10000.00,SHORT,-0.60,closed
608,3,2,COIN,275.00,275.00,2025-02-15 03:05:52.230793,2025-02-15 03:05:57.987927,,275.00,,2025-02-15 03:05:57.987927,10000.00,LONG,0.00,closed
609,1,1,COIN,275.00,275.00,2025-02-15 03:05:52.230793,2025-02-15 03:05:57.987927,,275.00,,2025-02-15 03:05:57.987927,10000.00,LONG,0.00,closed
610,2,1,COIN,275.00,275.76,2025-02-15 03:05:57.987927,2025-02-15 03:06:01.494207,,275.76,,2025-02-15 03:06:01.494207,10000.00,SHORT,-0.76,closed
611,3,2,COIN,275.00,275.10,2025-02-15 03:05:57.987927,2025-02-15 03:06:37.042966,,275.10,,2025-02-15 03:06:37.042966,10000.00,LONG,0.10,closed
612,1,1,COIN,275.00,275.10,2025-02-15 03:05:57.987927,2025-02-15 03:06:37.042966,,275.10,,2025-02-15 03:06:37.042966,10000.00,LONG,0.10,closed
613,2,1,COIN,275.10,275.35,2025-02-15 03:06:37.042966,2025-02-15 03:13:27.042813,,275.35,,2025-02-15 03:13:27.042813,10000.00,SHORT,-0.25,closed
614,3,2,COIN,275.10,274.31,2025-02-15 03:06:37.042966,2025-02-15 03:07:04.582536,,274.31,,2025-02-15 03:07:04.582536,10000.00,LONG,-0.79,closed
615,1,1,COIN,275.10,274.31,2025-02-15 03:06:37.042966,2025-02-15 03:07:04.582536,,274.31,,2025-02-15 03:07:04.582536,10000.00,LONG,-0.79,closed
616,7,2,TSLA,355.84,355.12,2025-02-15 03:07:05.333547,2025-02-15 03:07:50.148376,,355.12,,2025-02-15 03:07:50.148376,10000.00,LONG,-0.72,closed
617,3,2,COIN,275.20,274.65,2025-02-15 03:07:05.082505,2025-02-15 03:09:13.014785,,274.65,,2025-02-15 03:09:13.014785,10000.00,LONG,-0.55,closed
618,1,1,COIN,275.20,274.65,2025-02-15 03:07:05.082505,2025-02-15 03:09:13.014785,,274.65,,2025-02-15 03:09:13.014785,10000.00,LONG,-0.55,closed
619,6,1,TSLA,355.18,355.55,2025-02-15 03:07:10.842395,2025-02-15 03:27:22.790140,,355.55,,2025-02-15 03:27:22.790140,10000.00,SHORT,-0.37,closed
620,4,2,COIN,275.01,275.35,2025-02-15 03:07:52.150445,2025-02-15 03:13:27.042813,,275.35,,2025-02-15 03:13:27.042813,10000.00,SHORT,-0.34,closed
621,5,1,TSLA,355.19,355.10,2025-02-15 03:08:45.477678,2025-02-15 03:10:14.105847,,355.10,,2025-02-15 03:10:14.105847,10000.00,LONG,-900.00,closed
622,3,2,COIN,274.65,274.75,2025-02-15 03:09:13.014785,2025-02-15 03:28:19.361487,,274.75,,2025-02-15 03:28:19.361487,10000.00,LONG,0.10,closed
623,1,1,COIN,274.65,274.80,2025-02-15 03:09:13.014785,2025-02-15 03:15:06.680808,,274.80,,2025-02-15 03:15:06.680808,10000.00,LONG,0.15,closed
624,7,2,TSLA,355.84,355.10,2025-02-15 03:10:02.839312,2025-02-15 03:10:14.105847,,355.10,,2025-02-15 03:10:14.105847,10000.00,LONG,-0.74,closed
625,5,1,TSLA,355.20,354.80,2025-02-15 03:10:36.301869,2025-02-15 03:37:58.378803,,354.80,,2025-02-15 03:37:58.378803,10000.00,LONG,-4000.00,closed
626,2,1,COIN,274.99,275.35,2025-02-15 03:15:05.680793,2025-02-15 03:15:25.456848,,275.35,,2025-02-15 03:15:25.456848,10000.00,SHORT,-0.36,closed
627,1,1,COIN,274.80,274.75,2025-02-15 03:15:06.680808,2025-02-15 03:28:19.361487,,274.75,,2025-02-15 03:28:19.361487,10000.00,LONG,-0.05,closed
628,4,2,COIN,274.94,275.35,2025-02-15 03:15:10.686131,2025-02-15 03:18:55.583976,,275.35,,2025-02-15 03:18:55.583976,10000.00,SHORT,-0.41,closed
629,2,1,COIN,275.00,275.35,2025-02-15 03:15:27.211862,2025-02-15 03:18:55.583976,,275.35,,2025-02-15 03:18:55.583976,10000.00,SHORT,-0.35,closed
630,2,1,COIN,275.00,275.35,2025-02-15 03:21:03.009184,2025-02-15 03:34:08.901518,,275.35,,2025-02-15 03:34:08.901518,10000.00,SHORT,-0.35,closed
631,4,2,COIN,275.01,275.32,2025-02-15 03:21:22.284475,2025-02-15 03:34:22.921571,,275.32,,2025-02-15 03:34:22.921571,10000.00,SHORT,-0.31,closed
632,7,2,TSLA,355.49,354.80,2025-02-15 03:26:38.481947,2025-02-15 03:37:58.378803,,354.80,,2025-02-15 03:37:58.378803,10000.00,LONG,-0.69,closed
633,6,1,TSLA,355.36,355.84,2025-02-15 03:27:31.048345,2025-02-15 03:43:53.815025,,355.84,,2025-02-15 03:43:53.815025,10000.00,SHORT,-0.48,closed
634,3,2,COIN,274.75,,2025-02-15 03:28:19.361487,,,,,,10000.00,LONG,,open
635,1,1,COIN,274.75,,2025-02-15 03:28:19.361487,,,,,,10000.00,LONG,,open
636,2,1,COIN,275.04,275.35,2025-02-15 03:34:28.178712,2025-02-15 03:35:39.430374,,275.35,,2025-02-15 03:35:39.430374,10000.00,SHORT,-0.31,closed
637,2,1,COIN,275.00,,2025-02-15 03:35:59.209491,,,,,,10000.00,SHORT,,open
638,5,1,TSLA,355.05,355.00,2025-02-15 03:38:16.403914,2025-02-15 03:44:03.828368,,355.00,,2025-02-15 03:44:03.828368,10000.00,LONG,-500.00,closed
639,4,2,COIN,275.01,,2025-02-15 03:38:32.928585,,,,,,10000.00,SHORT,,open
640,7,2,TSLA,355.84,355.00,2025-02-15 03:43:53.815025,2025-02-15 03:44:03.329209,,355.00,,2025-02-15 03:44:03.329209,10000.00,LONG,-0.84,closed
641,6,1,TSLA,355.00,355.84,2025-02-15 03:44:07.030543,2025-02-15 03:52:08.833905,,355.84,,2025-02-15 03:52:08.833905,10000.00,SHORT,-0.84,closed
642,5,1,TSLA,355.12,355.00,2025-02-15 03:44:09.034239,2025-02-15 03:52:12.084915,,355.00,,2025-02-15 03:52:12.084915,10000.00,LONG,-1200.00,closed
643,7,2,TSLA,355.84,355.00,2025-02-15 03:52:08.833905,2025-02-15 03:52:12.084915,,355.00,,2025-02-15 03:52:12.084915,10000.00,LONG,-0.84,closed
644,1,1,COIN,275.14,,2025-02-15 03:52:44.430450,,,,,,10000.00,LONG,,open
645,3,2,COIN,275.14,,2025-02-15 03:52:44.430450,,,,,,10000.00,LONG,,open
646,1,1,COIN,-1.00,-1.00,2025-02-17 22:08:32.490230,2025-02-17 22:08:32.490230,,-1.00,,2025-02-17 22:08:32.490230,10000.00,LONG,0.00,closed
647,1,1,COIN,-1.00,-1.00,2025-02-17 22:08:32.490230,2025-02-17 22:08:32.490230,,-1.00,,2025-02-17 22:08:32.490230,10000.00,LONG,0.00,closed
648,1,1,COIN,-1.00,-1.00,2025-02-17 22:08:32.490230,2025-02-17 22:08:32.490230,,-1.00,,2025-02-17 22:08:32.490230,10000.00,LONG,0.00,closed
649,1,1,COIN,-1.00,-1.00,2025-02-17 22:08:32.490230,2025-02-17 22:08:32.490230,,-1.00,,2025-02-17 22:08:32.490230,10000.00,LONG,0.00,closed
650,2,1,COIN,-1.00,-1.00,2025-02-17 22:08:32.490230,2025-02-17 22:08:32.490230,,-1.00,,2025-02-17 22:08:32.490230,10000.00,SHORT,0.00,closed
651,1,1,COIN,-1.00,-1.00,2025-02-17 22:08:32.490230,2025-02-17 22:08:32.490230,,-1.00,,2025-02-17 22:08:32.490230,10000.00,LONG,0.00,closed
652,2,1,COIN,-1.00,-1.00,2025-02-17 22:08:32.490230,2025-02-17 22:08:32.490230,,-1.00,,2025-02-17 22:08:32.490230,10000.00,SHORT,0.00,closed
653,1,1,COIN,-1.00,-1.00,2025-02-17 22:08:32.490230,2025-02-17 22:08:32.490230,,-1.00,,2025-02-17 22:08:32.490230,10000.00,LONG,0.00,closed
654,2,1,COIN,-1.00,-1.00,2025-02-17 22:08:32.490230,2025-02-17 22:08:32.490230,,-1.00,,2025-02-17 22:08:32.490230,10000.00,SHORT,0.00,closed
655,1,1,COIN,-1.00,-1.00,2025-02-17 22:08:32.490230,2025-02-17 22:08:32.490230,,-1.00,,2025-02-17 22:08:32.490230,10000.00,LONG,0.00,closed
656,2,1,COIN,-1.00,-1.00,2025-02-17 22:08:32.490230,2025-02-17 22:08:32.490230,,-1.00,,2025-02-17 22:08:32.490230,10000.00,SHORT,0.00,closed
657,1,1,COIN,-1.00,-1.00,2025-02-17 22:08:32.490230,2025-02-17 22:08:32.490230,,-1.00,,2025-02-17 22:08:32.490230,10000.00,LONG,0.00,closed
658,2,1,COIN,-1.00,-1.00,2025-02-17 22:08:32.490230,2025-02-17 22:08:32.490230,,-1.00,,2025-02-17 22:08:32.490230,10000.00,SHORT,0.00,closed
659,1,1,COIN,-1.00,-1.00,2025-02-17 22:08:32.490230,2025-02-17 22:08:32.490230,,-1.00,,2025-02-17 22:08:32.490230,10000.00,LONG,0.00,closed
660,2,1,COIN,-1.00,-1.00,2025-02-17 22:08:32.490230,2025-02-17 22:08:32.490230,,-1.00,,2025-02-17 22:08:32.490230,10000.00,SHORT,0.00,closed
661,1,1,COIN,-1.00,-1.00,2025-02-17 22:08:32.490230,2025-02-17 22:08:32.490230,,-1.00,,2025-02-17 22:08:32.490230,10000.00,LONG,0.00,closed
662,2,1,COIN,-1.00,-1.00,2025-02-17 22:08:32.490230,2025-02-17 22:08:32.490230,,-1.00,,2025-02-17 22:08:32.490230,10000.00,SHORT,0.00,closed
663,1,1,COIN,-1.00,-1.00,2025-02-17 22:08:32.490230,2025-02-17 22:08:32.490230,,-1.00,,2025-02-17 22:08:32.490230,10000.00,LONG,0.00,closed
664,2,1,COIN,-1.00,-1.00,2025-02-17 22:08:32.490230,2025-02-17 22:08:32.490230,,-1.00,,2025-02-17 22:08:32.490230,10000.00,SHORT,0.00,closed
665,1,1,COIN,-1.00,-1.00,2025-02-17 22:08:32.490230,2025-02-17 22:08:32.490230,,-1.00,,2025-02-17 22:08:32.490230,10000.00,LONG,0.00,closed
666,2,1,COIN,-1.00,-1.00,2025-02-17 22:08:32.490230,2025-02-17 22:08:32.490230,,-1.00,,2025-02-17 22:08:32.490230,10000.00,SHORT,0.00,closed
667,1,1,COIN,-1.00,-1.00,2025-02-17 22:08:32.490230,2025-02-17 22:08:32.490230,,-1.00,,2025-02-17 22:08:32.490230,10000.00,LONG,0.00,closed
668,2,1,COIN,-1.00,-1.00,2025-02-17 22:08:32.490230,2025-02-17 22:08:32.490230,,-1.00,,2025-02-17 22:08:32.490230,10000.00,SHORT,0.00,closed
669,1,1,COIN,-1.00,-1.00,2025-02-17 22:08:32.490230,2025-02-17 22:08:32.490230,,-1.00,,2025-02-17 22:08:32.490230,10000.00,LONG,0.00,closed
670,2,1,COIN,-1.00,-1.00,2025-02-17 22:08:32.490230,2025-02-17 22:08:32.490230,,-1.00,,2025-02-17 22:08:32.490230,10000.00,SHORT,0.00,closed
671,1,1,COIN,-1.00,-1.00,2025-02-17 22:08:32.490230,2025-02-17 22:08:32.490230,,-1.00,,2025-02-17 22:08:32.490230,10000.00,LONG,0.00,closed
672,2,1,COIN,-1.00,-1.00,2025-02-17 22:08:32.490230,2025-02-17 22:08:32.490230,,-1.00,,2025-02-17 22:08:32.490230,10000.00,SHORT,0.00,closed
673,1,1,COIN,-1.00,-1.00,2025-02-17 22:08:32.490230,2025-02-17 22:08:32.490230,,-1.00,,2025-02-17 22:08:32.490230,10000.00,LONG,0.00,closed
674,6,1,TSLA,-1.00,-1.00,2025-02-17 22:08:32.494231,2025-02-17 22:08:32.494231,,-1.00,,2025-02-17 22:08:32.494231,10000.00,SHORT,0.00,closed
675,2,1,COIN,-1.00,-1.00,2025-02-17 22:08:32.490230,2025-02-17 22:08:32.490230,,-1.00,,2025-02-17 22:08:32.490230,10000.00,SHORT,0.00,closed
676,1,1,COIN,-1.00,-1.00,2025-02-17 22:08:32.490230,2025-02-17 22:08:32.490230,,-1.00,,2025-02-17 22:08:32.490230,10000.00,LONG,0.00,closed
677,6,1,TSLA,-1.00,-1.00,2025-02-17 22:08:32.494231,2025-02-17 22:08:32.494231,,-1.00,,2025-02-17 22:08:32.494231,10000.00,SHORT,0.00,closed
678,2,1,COIN,-1.00,-1.00,2025-02-17 22:08:32.490230,2025-02-17 22:08:32.490230,,-1.00,,2025-02-17 22:08:32.490230,10000.00,SHORT,0.00,closed
679,1,1,COIN,-1.00,-1.00,2025-02-17 22:08:32.490230,2025-02-17 22:08:32.490230,,-1.00,,2025-02-17 22:08:32.490230,10000.00,LONG,0.00,closed
680,6,1,TSLA,-1.00,-1.00,2025-02-17 22:08:32.494231,2025-02-17 22:08:32.494231,,-1.00,,2025-02-17 22:08:32.494231,10000.00,SHORT,0.00,closed
681,2,1,COIN,-1.00,-1.00,2025-02-17 22:08:32.490230,2025-02-17 22:08:32.490230,,-1.00,,2025-02-17 22:08:32.490230,10000.00,SHORT,0.00,closed
682,1,1,COIN,-1.00,-1.00,2025-02-17 22:08:32.490230,2025-02-17 22:08:32.490230,,-1.00,,2025-02-17 22:08:32.490230,10000.00,LONG,0.00,closed
683,6,1,TSLA,-1.00,-1.00,2025-02-17 22:08:32.494231,2025-02-17 22:08:32.494231,,-1.00,,2025-02-17 22:08:32.494231,10000.00,SHORT,0.00,closed
684,2,1,COIN,-1.00,-1.00,2025-02-17 22:08:32.490230,2025-02-17 22:08:32.490230,,-1.00,,2025-02-17 22:08:32.490230,10000.00,SHORT,0.00,closed
685,1,1,COIN,-1.00,-1.00,2025-02-17 22:08:32.490230,2025-02-17 22:08:32.490230,,-1.00,,2025-02-17 22:08:32.490230,10000.00,LONG,0.00,closed
686,6,1,TSLA,-1.00,-1.00,2025-02-17 22:08:32.494231,2025-02-17 22:08:32.494231,,-1.00,,2025-02-17 22:08:32.494231,10000.00,SHORT,0.00,closed
687,2,1,COIN,-1.00,-1.00,2025-02-17 22:08:32.490230,2025-02-17 22:08:32.490230,,-1.00,,2025-02-17 22:08:32.490230,10000.00,SHORT,0.00,closed
688,1,1,COIN,-1.00,-1.00,2025-02-17 22:08:32.490230,2025-02-17 22:08:32.490230,,-1.00,,2025-02-17 22:08:32.490230,10000.00,LONG,0.00,closed
689,6,1,TSLA,-1.00,-1.00,2025-02-17 22:08:32.494231,2025-02-17 22:08:32.494231,,-1.00,,2025-02-17 22:08:32.494231,10000.00,SHORT,0.00,closed
690,2,1,COIN,-1.00,-1.00,2025-02-17 22:08:32.490230,2025-02-17 22:08:32.490230,,-1.00,,2025-02-17 22:08:32.490230,10000.00,SHORT,0.00,closed
691,1,1,COIN,-1.00,-1.00,2025-02-17 22:08:32.490230,2025-02-17 22:08:32.490230,,-1.00,,2025-02-17 22:08:32.490230,10000.00,LONG,0.00,closed
692,6,1,TSLA,-1.00,-1.00,2025-02-17 22:08:32.494231,2025-02-17 22:08:32.494231,,-1.00,,2025-02-17 22:08:32.494231,10000.00,SHORT,0.00,closed
693,2,1,COIN,-1.00,-1.00,2025-02-17 22:08:32.490230,2025-02-17 22:08:32.490230,,-1.00,,2025-02-17 22:08:32.490230,10000.00,SHORT,0.00,closed
694,1,1,COIN,-1.00,-1.00,2025-02-17 22:08:32.490230,2025-02-17 22:08:32.490230,,-1.00,,2025-02-17 22:08:32.490230,10000.00,LONG,0.00,closed
695,6,1,TSLA,-1.00,-1.00,2025-02-17 22:08:32.494231,2025-02-17 22:08:32.494231,,-1.00,,2025-02-17 22:08:32.494231,10000.00,SHORT,0.00,closed
696,2,1,COIN,-1.00,-1.00,2025-02-17 22:08:32.490230,2025-02-17 22:08:32.490230,,-1.00,,2025-02-17 22:08:32.490230,10000.00,SHORT,0.00,closed
697,1,1,COIN,-1.00,-1.00,2025-02-17 22:08:32.490230,2025-02-17 22:08:32.490230,,-1.00,,2025-02-17 22:08:32.490230,10000.00,LONG,0.00,closed
698,6,1,TSLA,-1.00,-1.00,2025-02-17 22:08:32.494231,2025-02-17 22:08:32.494231,,-1.00,,2025-02-17 22:08:32.494231,10000.00,SHORT,0.00,closed
699,2,1,COIN,-1.00,-1.00,2025-02-17 22:08:32.490230,2025-02-17 22:08:32.490230,,-1.00,,2025-02-17 22:08:32.490230,10000.00,SHORT,0.00,closed
700,1,1,COIN,-1.00,-1.00,2025-02-17 22:08:32.490230,2025-02-17 22:08:32.490230,,-1.00,,2025-02-17 22:08:32.490230,10000.00,LONG,0.00,closed
701,6,1,TSLA,-1.00,-1.00,2025-02-17 22:08:32.494231,2025-02-17 22:08:32.494231,,-1.00,,2025-02-17 22:08:32.494231,10000.00,SHORT,0.00,closed
702,2,1,COIN,-1.00,-1.00,2025-02-17 22:08:32.490230,2025-02-17 22:08:32.490230,,-1.00,,2025-02-17 22:08:32.490230,10000.00,SHORT,0.00,closed
703,1,1,COIN,-1.00,-1.00,2025-02-17 22:08:32.490230,2025-02-17 22:08:32.490230,,-1.00,,2025-02-17 22:08:32.490230,10000.00,LONG,0.00,closed
704,6,1,TSLA,-1.00,-1.00,2025-02-17 22:08:32.494231,2025-02-17 22:08:32.494231,,-1.00,,2025-02-17 22:08:32.494231,10000.00,SHORT,0.00,closed
705,2,1,COIN,-1.00,-1.00,2025-02-17 22:08:32.490230,2025-02-17 22:08:32.490230,,-1.00,,2025-02-17 22:08:32.490230,10000.00,SHORT,0.00,closed
706,1,1,COIN,-1.00,-1.00,2025-02-17 22:08:32.490230,2025-02-17 22:08:32.490230,,-1.00,,2025-02-17 22:08:32.490230,10000.00,LONG,0.00,closed
707,6,1,TSLA,-1.00,-1.00,2025-02-17 22:08:32.494231,2025-02-17 22:08:32.494231,,-1.00,,2025-02-17 22:08:32.494231,10000.00,SHORT,0.00,closed
708,2,1,COIN,-1.00,-1.00,2025-02-17 22:08:32.490230,2025-02-17 22:08:32.490230,,-1.00,,2025-02-17 22:08:32.490230,10000.00,SHORT,0.00,closed
709,1,1,COIN,-1.00,-1.00,2025-02-17 22:08:32.490230,2025-02-17 22:08:32.490230,,-1.00,,2025-02-17 22:08:32.490230,10000.00,LONG,0.00,closed
710,6,1,TSLA,-1.00,-1.00,2025-02-17 22:08:32.494231,2025-02-17 22:08:32.494231,,-1.00,,2025-02-17 22:08:32.494231,10000.00,SHORT,0.00,closed
711,2,1,COIN,-1.00,-1.00,2025-02-17 22:08:32.490230,2025-02-17 22:08:32.490230,,-1.00,,2025-02-17 22:08:32.490230,10000.00,SHORT,0.00,closed
712,1,1,COIN,-1.00,-1.00,2025-02-17 22:08:32.490230,2025-02-17 22:08:32.490230,,-1.00,,2025-02-17 22:08:32.490230,10000.00,LONG,0.00,closed
713,6,1,TSLA,-1.00,-1.00,2025-02-17 22:08:32.494231,2025-02-17 22:08:32.494231,,-1.00,,2025-02-17 22:08:32.494231,10000.00,SHORT,0.00,closed
714,2,1,COIN,-1.00,-1.00,2025-02-17 22:08:32.490230,2025-02-17 22:08:32.490230,,-1.00,,2025-02-17 22:08:32.490230,10000.00,SHORT,0.00,closed
715,1,1,COIN,-1.00,-1.00,2025-02-17 22:08:32.490230,2025-02-17 22:08:32.490230,,-1.00,,2025-02-17 22:08:32.490230,10000.00,LONG,0.00,closed
716,6,1,TSLA,-1.00,-1.00,2025-02-17 22:08:32.494231,2025-02-17 22:08:32.494231,,-1.00,,2025-02-17 22:08:32.494231,10000.00,SHORT,0.00,closed
717,2,1,COIN,-1.00,-1.00,2025-02-17 22:08:32.490230,2025-02-17 22:08:32.490230,,-1.00,,2025-02-17 22:08:32.490230,10000.00,SHORT,0.00,closed
718,1,1,COIN,-1.00,-1.00,2025-02-17 22:08:32.490230,2025-02-17 22:08:32.490230,,-1.00,,2025-02-17 22:08:32.490230,10000.00,LONG,0.00,closed
719,6,1,TSLA,-1.00,-1.00,2025-02-17 22:08:32.494231,2025-02-17 22:08:32.494231,,-1.00,,2025-02-17 22:08:32.494231,10000.00,SHORT,0.00,closed
720,2,1,COIN,-1.00,-1.00,2025-02-17 22:08:32.490230,2025-02-17 22:08:32.490230,,-1.00,,2025-02-17 22:08:32.490230,10000.00,SHORT,0.00,closed
721,1,1,COIN,-1.00,-1.00,2025-02-17 22:08:32.490230,2025-02-17 22:08:32.490230,,-1.00,,2025-02-17 22:08:32.490230,10000.00,LONG,0.00,closed
722,6,1,TSLA,-1.00,-1.00,2025-02-17 22:08:32.494231,2025-02-17 22:08:32.494231,,-1.00,,2025-02-17 22:08:32.494231,10000.00,SHORT,0.00,closed
723,2,1,COIN,-1.00,-1.00,2025-02-17 22:08:32.490230,2025-02-17 22:08:32.490230,,-1.00,,2025-02-17 22:08:32.490230,10000.00,SHORT,0.00,closed
724,1,1,COIN,-1.00,-1.00,2025-02-17 22:08:32.490230,2025-02-17 22:08:32.490230,,-1.00,,2025-02-17 22:08:32.490230,10000.00,LONG,0.00,closed
725,6,1,TSLA,-1.00,-1.00,2025-02-17 22:08:32.494231,2025-02-17 22:08:32.494231,,-1.00,,2025-02-17 22:08:32.494231,10000.00,SHORT,0.00,closed
726,2,1,COIN,-1.00,-1.00,2025-02-17 22:08:32.490230,2025-02-17 22:08:32.490230,,-1.00,,2025-02-17 22:08:32.490230,10000.00,SHORT,0.00,closed
727,1,1,COIN,-1.00,-1.00,2025-02-17 22:08:32.490230,2025-02-17 22:08:32.490230,,-1.00,,2025-02-17 22:08:32.490230,10000.00,LONG,0.00,closed
728,6,1,TSLA,-1.00,-1.00,2025-02-17 22:08:32.494231,2025-02-17 22:08:32.494231,,-1.00,,2025-02-17 22:08:32.494231,10000.00,SHORT,0.00,closed
729,2,1,COIN,-1.00,-1.00,2025-02-17 22:08:32.490230,2025-02-17 22:08:32.490230,,-1.00,,2025-02-17 22:08:32.490230,10000.00,SHORT,0.00,closed
730,1,1,COIN,-1.00,-1.00,2025-02-17 22:08:32.490230,2025-02-17 22:08:32.490230,,-1.00,,2025-02-17 22:08:32.490230,10000.00,LONG,0.00,closed
731,6,1,TSLA,-1.00,-1.00,2025-02-17 22:08:32.494231,2025-02-17 22:08:32.494231,,-1.00,,2025-02-17 22:08:32.494231,10000.00,SHORT,0.00,closed
732,2,1,COIN,-1.00,-1.00,2025-02-17 22:08:32.490230,2025-02-17 22:08:32.490230,,-1.00,,2025-02-17 22:08:32.490230,10000.00,SHORT,0.00,closed
733,1,1,COIN,-1.00,-1.00,2025-02-17 22:08:32.490230,2025-02-17 22:08:32.490230,,-1.00,,2025-02-17 22:08:32.490230,10000.00,LONG,0.00,closed
734,6,1,TSLA,-1.00,-1.00,2025-02-17 22:08:32.494231,2025-02-17 22:08:32.494231,,-1.00,,2025-02-17 22:08:32.494231,10000.00,SHORT,0.00,closed
735,2,1,COIN,-1.00,-1.00,2025-02-17 22:08:32.490230,2025-02-17 22:08:32.490230,,-1.00,,2025-02-17 22:08:32.490230,10000.00,SHORT,0.00,closed
736,1,1,COIN,-1.00,-1.00,2025-02-17 22:08:32.490230,2025-02-17 22:08:32.490230,,-1.00,,2025-02-17 22:08:32.490230,10000.00,LONG,0.00,closed
737,6,1,TSLA,-1.00,-1.00,2025-02-17 22:08:32.494231,2025-02-17 22:08:32.494231,,-1.00,,2025-02-17 22:08:32.494231,10000.00,SHORT,0.00,closed
738,2,1,COIN,-1.00,-1.00,2025-02-17 22:08:32.490230,2025-02-17 22:08:32.490230,,-1.00,,2025-02-17 22:08:32.490230,10000.00,SHORT,0.00,closed
739,1,1,COIN,-1.00,-1.00,2025-02-17 22:08:32.490230,2025-02-17 22:08:32.490230,,-1.00,,2025-02-17 22:08:32.490230,10000.00,LONG,0.00,closed
740,6,1,TSLA,-1.00,-1.00,2025-02-17 22:08:32.494231,2025-02-17 22:08:32.494231,,-1.00,,2025-02-17 22:08:32.494231,10000.00,SHORT,0.00,closed
741,2,1,COIN,-1.00,-1.00,2025-02-17 22:08:32.490230,2025-02-17 22:08:32.490230,,-1.00,,2025-02-17 22:08:32.490230,10000.00,SHORT,0.00,closed
742,1,1,COIN,-1.00,-1.00,2025-02-17 22:08:32.490230,2025-02-17 22:08:32.490230,,-1.00,,2025-02-17 22:08:32.490230,10000.00,LONG,0.00,closed
743,6,1,TSLA,-1.00,-1.00,2025-02-17 22:08:32.494231,2025-02-17 22:08:32.494231,,-1.00,,2025-02-17 22:08:32.494231,10000.00,SHORT,0.00,closed
744,2,1,COIN,-1.00,-1.00,2025-02-17 22:08:32.490230,2025-02-17 22:08:32.490230,,-1.00,,2025-02-17 22:08:32.490230,10000.00,SHORT,0.00,closed
745,1,1,COIN,-1.00,-1.00,2025-02-17 22:08:32.490230,2025-02-17 22:08:32.490230,,-1.00,,2025-02-17 22:08:32.490230,10000.00,LONG,0.00,closed
746,6,1,TSLA,-1.00,-1.00,2025-02-17 22:08:32.494231,2025-02-17 22:08:32.494231,,-1.00,,2025-02-17 22:08:32.494231,10000.00,SHORT,0.00,closed
747,2,1,COIN,-1.00,-1.00,2025-02-17 22:08:32.490230,2025-02-17 22:08:32.490230,,-1.00,,2025-02-17 22:08:32.490230,10000.00,SHORT,0.00,closed
748,1,1,COIN,-1.00,-1.00,2025-02-17 22:08:32.490230,2025-02-17 22:08:32.490230,,-1.00,,2025-02-17 22:08:32.490230,10000.00,LONG,0.00,closed
749,6,1,TSLA,-1.00,-1.00,2025-02-17 22:08:32.494231,2025-02-17 22:08:32.494231,,-1.00,,2025-02-17 22:08:32.494231,10000.00,SHORT,0.00,closed
750,2,1,COIN,-1.00,-1.00,2025-02-17 22:08:32.490230,2025-02-17 22:08:32.490230,,-1.00,,2025-02-17 22:08:32.490230,10000.00,SHORT,0.00,closed
751,1,1,COIN,-1.00,-1.00,2025-02-17 22:08:32.490230,2025-02-17 22:08:32.490230,,-1.00,,2025-02-17 22:08:32.490230,10000.00,LONG,0.00,closed
752,6,1,TSLA,-1.00,-1.00,2025-02-17 22:08:32.494231,2025-02-17 22:08:32.494231,,-1.00,,2025-02-17 22:08:32.494231,10000.00,SHORT,0.00,closed
753,2,1,COIN,-1.00,-1.00,2025-02-17 22:08:32.490230,2025-02-17 22:08:32.490230,,-1.00,,2025-02-17 22:08:32.490230,10000.00,SHORT,0.00,closed
754,1,1,COIN,-1.00,-1.00,2025-02-17 22:08:32.490230,2025-02-17 22:08:32.490230,,-1.00,,2025-02-17 22:08:32.490230,10000.00,LONG,0.00,closed
755,6,1,TSLA,-1.00,-1.00,2025-02-17 22:08:32.494231,2025-02-17 22:08:32.494231,,-1.00,,2025-02-17 22:08:32.494231,10000.00,SHORT,0.00,closed
756,2,1,COIN,-1.00,-1.00,2025-02-17 22:08:32.490230,2025-02-17 22:08:32.490230,,-1.00,,2025-02-17 22:08:32.490230,10000.00,SHORT,0.00,closed
757,1,1,COIN,-1.00,-1.00,2025-02-17 22:08:32.490230,2025-02-17 22:08:32.490230,,-1.00,,2025-02-17 22:08:32.490230,10000.00,LONG,0.00,closed
758,6,1,TSLA,-1.00,-1.00,2025-02-17 22:08:32.494231,2025-02-17 22:08:32.494231,,-1.00,,2025-02-17 22:08:32.494231,10000.00,SHORT,0.00,closed
759,2,1,COIN,-1.00,-1.00,2025-02-17 22:08:32.490230,2025-02-17 22:08:32.490230,,-1.00,,2025-02-17 22:08:32.490230,10000.00,SHORT,0.00,closed
760,1,1,COIN,-1.00,-1.00,2025-02-17 22:08:32.490230,2025-02-17 22:08:32.490230,,-1.00,,2025-02-17 22:08:32.490230,10000.00,LONG,0.00,closed
761,6,1,TSLA,-1.00,-1.00,2025-02-17 22:08:32.494231,2025-02-17 22:08:32.494231,,-1.00,,2025-02-17 22:08:32.494231,10000.00,SHORT,0.00,closed
762,2,1,COIN,-1.00,-1.00,2025-02-17 22:08:32.490230,2025-02-17 22:08:32.490230,,-1.00,,2025-02-17 22:08:32.490230,10000.00,SHORT,0.00,closed
763,1,1,COIN,-1.00,-1.00,2025-02-17 22:08:32.490230,2025-02-17 22:08:32.490230,,-1.00,,2025-02-17 22:08:32.490230,10000.00,LONG,0.00,closed
764,6,1,TSLA,-1.00,-1.00,2025-02-17 22:08:32.494231,2025-02-17 22:08:32.494231,,-1.00,,2025-02-17 22:08:32.494231,10000.00,SHORT,0.00,closed
765,2,1,COIN,-1.00,-1.00,2025-02-17 22:08:32.490230,2025-02-17 22:08:32.490230,,-1.00,,2025-02-17 22:08:32.490230,10000.00,SHORT,0.00,closed
766,1,1,COIN,-1.00,-1.00,2025-02-17 22:08:32.490230,2025-02-17 22:08:32.490230,,-1.00,,2025-02-17 22:08:32.490230,10000.00,LONG,0.00,closed
767,6,1,TSLA,-1.00,-1.00,2025-02-17 22:08:32.494231,2025-02-17 22:08:32.494231,,-1.00,,2025-02-17 22:08:32.494231,10000.00,SHORT,0.00,closed
768,2,1,COIN,-1.00,-1.00,2025-02-17 22:08:32.490230,2025-02-17 22:08:32.490230,,-1.00,,2025-02-17 22:08:32.490230,10000.00,SHORT,0.00,closed
769,1,1,COIN,-1.00,-1.00,2025-02-17 22:08:32.490230,2025-02-17 22:08:32.490230,,-1.00,,2025-02-17 22:08:32.490230,10000.00,LONG,0.00,closed
770,6,1,TSLA,-1.00,-1.00,2025-02-17 22:08:32.494231,2025-02-17 22:08:32.494231,,-1.00,,2025-02-17 22:08:32.494231,10000.00,SHORT,0.00,closed
771,2,1,COIN,-1.00,-1.00,2025-02-17 22:08:32.490230,2025-02-17 22:08:32.490230,,-1.00,,2025-02-17 22:08:32.490230,10000.00,SHORT,0.00,closed
772,1,1,COIN,-1.00,-1.00,2025-02-17 22:08:32.490230,2025-02-17 22:08:32.490230,,-1.00,,2025-02-17 22:08:32.490230,10000.00,LONG,0.00,closed
773,6,1,TSLA,-1.00,-1.00,2025-02-17 22:08:32.494231,2025-02-17 22:08:32.494231,,-1.00,,2025-02-17 22:08:32.494231,10000.00,SHORT,0.00,closed
774,2,1,COIN,-1.00,-1.00,2025-02-17 22:08:32.490230,2025-02-17 22:08:32.490230,,-1.00,,2025-02-17 22:08:32.490230,10000.00,SHORT,0.00,closed
775,1,1,COIN,-1.00,-1.00,2025-02-17 22:08:32.490230,2025-02-17 22:08:32.490230,,-1.00,,2025-02-17 22:08:32.490230,10000.00,LONG,0.00,closed
776,6,1,TSLA,-1.00,-1.00,2025-02-17 22:08:32.494231,2025-02-17 22:08:32.494231,,-1.00,,2025-02-17 22:08:32.494231,10000.00,SHORT,0.00,closed
777,2,1,COIN,-1.00,-1.00,2025-02-17 22:08:32.490230,2025-02-17 22:08:32.490230,,-1.00,,2025-02-17 22:08:32.490230,10000.00,SHORT,0.00,closed
778,1,1,COIN,-1.00,-1.00,2025-02-17 22:08:32.490230,2025-02-17 22:08:32.490230,,-1.00,,2025-02-17 22:08:32.490230,10000.00,LONG,0.00,closed
779,6,1,TSLA,-1.00,-1.00,2025-02-17 22:08:32.494231,2025-02-17 22:08:32.494231,,-1.00,,2025-02-17 22:08:32.494231,10000.00,SHORT,0.00,closed
780,2,1,COIN,-1.00,-1.00,2025-02-17 22:08:32.490230,2025-02-17 22:08:32.490230,,-1.00,,2025-02-17 22:08:32.490230,10000.00,SHORT,0.00,closed
781,1,1,COIN,-1.00,-1.00,2025-02-17 22:08:32.490230,2025-02-17 22:08:32.490230,,-1.00,,2025-02-17 22:08:32.490230,10000.00,LONG,0.00,closed
782,6,1,TSLA,-1.00,-1.00,2025-02-17 22:08:32.494231,2025-02-17 22:08:32.494231,,-1.00,,2025-02-17 22:08:32.494231,10000.00,SHORT,0.00,closed
783,2,1,COIN,-1.00,-1.00,2025-02-17 22:08:32.490230,2025-02-17 22:08:32.490230,,-1.00,,2025-02-17 22:08:32.490230,10000.00,SHORT,0.00,closed
784,1,1,COIN,-1.00,-1.00,2025-02-17 22:08:32.490230,2025-02-17 22:08:32.490230,,-1.00,,2025-02-17 22:08:32.490230,10000.00,LONG,0.00,closed
785,6,1,TSLA,-1.00,-1.00,2025-02-17 22:08:32.494231,2025-02-17 22:08:32.494231,,-1.00,,2025-02-17 22:08:32.494231,10000.00,SHORT,0.00,closed
786,2,1,COIN,-1.00,-1.00,2025-02-17 22:08:32.490230,2025-02-17 22:08:32.490230,,-1.00,,2025-02-17 22:08:32.490230,10000.00,SHORT,0.00,closed
787,1,1,COIN,-1.00,-1.00,2025-02-17 22:08:32.490230,2025-02-17 22:08:32.490230,,-1.00,,2025-02-17 22:08:32.490230,10000.00,LONG,0.00,closed
788,6,1,TSLA,-1.00,-1.00,2025-02-17 22:08:32.494231,2025-02-17 22:08:32.494231,,-1.00,,2025-02-17 22:08:32.494231,10000.00,SHORT,0.00,closed
789,2,1,COIN,-1.00,-1.00,2025-02-17 22:08:32.490230,2025-02-17 22:08:32.490230,,-1.00,,2025-02-17 22:08:32.490230,10000.00,SHORT,0.00,closed
790,1,1,COIN,-1.00,-1.00,2025-02-17 22:08:32.490230,2025-02-17 22:08:32.490230,,-1.00,,2025-02-17 22:08:32.490230,10000.00,LONG,0.00,closed
791,6,1,TSLA,-1.00,-1.00,2025-02-17 22:08:32.494231,2025-02-17 22:08:32.494231,,-1.00,,2025-02-17 22:08:32.494231,10000.00,SHORT,0.00,closed
792,2,1,COIN,-1.00,-1.00,2025-02-17 22:08:32.490230,2025-02-17 22:08:32.490230,,-1.00,,2025-02-17 22:08:32.490230,10000.00,SHORT,0.00,closed
793,1,1,COIN,-1.00,-1.00,2025-02-17 22:08:32.490230,2025-02-17 22:08:32.490230,,-1.00,,2025-02-17 22:08:32.490230,10000.00,LONG,0.00,closed
794,6,1,TSLA,-1.00,-1.00,2025-02-17 22:08:32.494231,2025-02-17 22:08:32.494231,,-1.00,,2025-02-17 22:08:32.494231,10000.00,SHORT,0.00,closed
795,2,1,COIN,-1.00,-1.00,2025-02-17 22:08:32.490230,2025-02-17 22:08:32.490230,,-1.00,,2025-02-17 22:08:32.490230,10000.00,SHORT,0.00,closed
796,1,1,COIN,-1.00,-1.00,2025-02-17 22:08:32.490230,2025-02-17 22:08:32.490230,,-1.00,,2025-02-17 22:08:32.490230,10000.00,LONG,0.00,closed
797,6,1,TSLA,-1.00,-1.00,2025-02-17 22:08:32.494231,2025-02-17 22:08:32.494231,,-1.00,,2025-02-17 22:08:32.494231,10000.00,SHORT,0.00,closed
798,2,1,COIN,-1.00,-1.00,2025-02-17 22:08:32.490230,2025-02-17 22:08:32.490230,,-1.00,,2025-02-17 22:08:32.490230,10000.00,SHORT,0.00,closed
799,1,1,COIN,-1.00,-1.00,2025-02-17 22:08:32.490230,2025-02-17 22:08:32.490230,,-1.00,,2025-02-17 22:08:32.490230,10000.00,LONG,0.00,closed
800,6,1,TSLA,-1.00,-1.00,2025-02-17 22:08:32.494231,2025-02-17 22:08:32.494231,,-1.00,,2025-02-17 22:08:32.494231,10000.00,SHORT,0.00,closed
801,2,1,COIN,-1.00,-1.00,2025-02-17 22:08:32.490230,2025-02-17 22:08:32.490230,,-1.00,,2025-02-17 22:08:32.490230,10000.00,SHORT,0.00,closed
802,1,1,COIN,-1.00,-1.00,2025-02-17 22:08:32.490230,2025-02-17 22:08:32.490230,,-1.00,,2025-02-17 22:08:32.490230,10000.00,LONG,0.00,closed
803,6,1,TSLA,-1.00,-1.00,2025-02-17 22:08:32.494231,2025-02-17 22:08:32.494231,,-1.00,,2025-02-17 22:08:32.494231,10000.00,SHORT,0.00,closed
804,2,1,COIN,-1.00,-1.00,2025-02-17 22:08:32.490230,2025-02-17 22:08:32.490230,,-1.00,,2025-02-17 22:08:32.490230,10000.00,SHORT,0.00,closed
805,1,1,COIN,-1.00,-1.00,2025-02-17 22:08:32.490230,2025-02-17 22:08:32.490230,,-1.00,,2025-02-17 22:08:32.490230,10000.00,LONG,0.00,closed
806,6,1,TSLA,-1.00,-1.00,2025-02-17 22:08:32.494231,2025-02-17 22:08:32.494231,,-1.00,,2025-02-17 22:08:32.494231,10000.00,SHORT,0.00,closed
807,2,1,COIN,-1.00,-1.00,2025-02-17 22:08:32.490230,2025-02-17 22:08:32.490230,,-1.00,,2025-02-17 22:08:32.490230,10000.00,SHORT,0.00,closed
808,1,1,COIN,-1.00,-1.00,2025-02-17 22:08:32.490230,2025-02-17 22:08:32.490230,,-1.00,,2025-02-17 22:08:32.490230,10000.00,LONG,0.00,closed
809,6,1,TSLA,-1.00,-1.00,2025-02-17 22:08:32.494231,2025-02-17 22:08:32.494231,,-1.00,,2025-02-17 22:08:32.494231,10000.00,SHORT,0.00,closed
810,2,1,COIN,-1.00,-1.00,2025-02-17 22:08:32.490230,2025-02-17 22:08:32.490230,,-1.00,,2025-02-17 22:08:32.490230,10000.00,SHORT,0.00,closed
811,1,1,COIN,-1.00,-1.00,2025-02-17 22:08:32.490230,2025-02-17 22:08:32.490230,,-1.00,,2025-02-17 22:08:32.490230,10000.00,LONG,0.00,closed
812,6,1,TSLA,-1.00,-1.00,2025-02-17 22:08:32.494231,2025-02-17 22:08:32.494231,,-1.00,,2025-02-17 22:08:32.494231,10000.00,SHORT,0.00,closed
813,2,1,COIN,-1.00,-1.00,2025-02-17 22:08:32.490230,2025-02-17 22:08:32.490230,,-1.00,,2025-02-17 22:08:32.490230,10000.00,SHORT,0.00,closed
814,1,1,COIN,-1.00,-1.00,2025-02-17 22:08:32.490230,2025-02-17 22:08:32.490230,,-1.00,,2025-02-17 22:08:32.490230,10000.00,LONG,0.00,closed
815,6,1,TSLA,-1.00,-1.00,2025-02-17 22:08:32.494231,2025-02-17 22:08:32.494231,,-1.00,,2025-02-17 22:08:32.494231,10000.00,SHORT,0.00,closed
816,2,1,COIN,-1.00,-1.00,2025-02-17 22:08:32.490230,2025-02-17 22:08:32.490230,,-1.00,,2025-02-17 22:08:32.490230,10000.00,SHORT,0.00,closed
817,1,1,COIN,-1.00,-1.00,2025-02-17 22:08:32.490230,2025-02-17 22:08:32.490230,,-1.00,,2025-02-17 22:08:32.490230,10000.00,LONG,0.00,closed
818,6,1,TSLA,-1.00,-1.00,2025-02-17 22:08:32.494231,2025-02-17 22:08:32.494231,,-1.00,,2025-02-17 22:08:32.494231,10000.00,SHORT,0.00,closed
819,2,1,COIN,-1.00,-1.00,2025-02-17 22:08:32.490230,2025-02-17 22:08:32.490230,,-1.00,,2025-02-17 22:08:32.490230,10000.00,SHORT,0.00,closed
820,1,1,COIN,-1.00,-1.00,2025-02-17 22:08:32.490230,2025-02-17 22:08:32.490230,,-1.00,,2025-02-17 22:08:32.490230,10000.00,LONG,0.00,closed
821,6,1,TSLA,-1.00,-1.00,2025-02-17 22:08:32.494231,2025-02-17 22:08:32.494231,,-1.00,,2025-02-17 22:08:32.494231,10000.00,SHORT,0.00,closed
822,2,1,COIN,-1.00,-1.00,2025-02-17 22:08:32.490230,2025-02-17 22:08:32.490230,,-1.00,,2025-02-17 22:08:32.490230,10000.00,SHORT,0.00,closed
823,1,1,COIN,-1.00,-1.00,2025-02-17 22:08:32.490230,2025-02-17 22:08:32.490230,,-1.00,,2025-02-17 22:08:32.490230,10000.00,LONG,0.00,closed
824,6,1,TSLA,-1.00,-1.00,2025-02-17 22:08:32.494231,2025-02-17 22:08:32.494231,,-1.00,,2025-02-17 22:08:32.494231,10000.00,SHORT,0.00,closed
825,2,1,COIN,-1.00,-1.00,2025-02-17 22:08:32.490230,2025-02-17 22:08:32.490230,,-1.00,,2025-02-17 22:08:32.490230,10000.00,SHORT,0.00,closed
826,1,1,COIN,-1.00,-1.00,2025-02-17 22:08:32.490230,2025-02-17 22:08:32.490230,,-1.00,,2025-02-17 22:08:32.490230,10000.00,LONG,0.00,closed
827,6,1,TSLA,-1.00,-1.00,2025-02-17 22:08:32.494231,2025-02-17 22:08:32.494231,,-1.00,,2025-02-17 22:08:32.494231,10000.00,SHORT,0.00,closed
828,2,1,COIN,-1.00,-1.00,2025-02-17 22:08:32.490230,2025-02-17 22:08:32.490230,,-1.00,,2025-02-17 22:08:32.490230,10000.00,SHORT,0.00,closed
829,1,1,COIN,-1.00,-1.00,2025-02-17 22:08:32.490230,2025-02-17 22:08:32.490230,,-1.00,,2025-02-17 22:08:32.490230,10000.00,LONG,0.00,closed
830,6,1,TSLA,-1.00,-1.00,2025-02-17 22:08:32.494231,2025-02-17 22:08:32.494231,,-1.00,,2025-02-17 22:08:32.494231,10000.00,SHORT,0.00,closed
831,2,1,COIN,-1.00,-1.00,2025-02-17 22:08:32.490230,2025-02-17 22:08:32.490230,,-1.00,,2025-02-17 22:08:32.490230,10000.00,SHORT,0.00,closed
832,1,1,COIN,-1.00,-1.00,2025-02-17 22:08:32.490230,2025-02-17 22:08:32.490230,,-1.00,,2025-02-17 22:08:32.490230,10000.00,LONG,0.00,closed
833,6,1,TSLA,-1.00,-1.00,2025-02-17 22:08:32.494231,2025-02-17 22:08:32.494231,,-1.00,,2025-02-17 22:08:32.494231,10000.00,SHORT,0.00,closed
834,2,1,COIN,-1.00,-1.00,2025-02-17 22:08:32.490230,2025-02-17 22:08:32.490230,,-1.00,,2025-02-17 22:08:32.490230,10000.00,SHORT,0.00,closed
835,1,1,COIN,-1.00,-1.00,2025-02-17 22:08:32.490230,2025-02-17 22:08:32.490230,,-1.00,,2025-02-17 22:08:32.490230,10000.00,LONG,0.00,closed
836,6,1,TSLA,-1.00,-1.00,2025-02-17 22:08:32.494231,2025-02-17 22:08:32.494231,,-1.00,,2025-02-17 22:08:32.494231,10000.00,SHORT,0.00,closed
837,2,1,COIN,-1.00,-1.00,2025-02-17 22:08:32.490230,2025-02-17 22:08:32.490230,,-1.00,,2025-02-17 22:08:32.490230,10000.00,SHORT,0.00,closed
838,1,1,COIN,-1.00,-1.00,2025-02-17 22:08:32.490230,2025-02-17 22:08:32.490230,,-1.00,,2025-02-17 22:08:32.490230,10000.00,LONG,0.00,closed
839,6,1,TSLA,-1.00,-1.00,2025-02-17 22:08:32.494231,2025-02-17 22:08:32.494231,,-1.00,,2025-02-17 22:08:32.494231,10000.00,SHORT,0.00,closed
840,2,1,COIN,-1.00,-1.00,2025-02-17 22:08:32.490230,2025-02-17 22:08:32.490230,,-1.00,,2025-02-17 22:08:32.490230,10000.00,SHORT,0.00,closed
841,1,1,COIN,-1.00,-1.00,2025-02-17 22:08:32.490230,2025-02-17 22:08:32.490230,,-1.00,,2025-02-17 22:08:32.490230,10000.00,LONG,0.00,closed
842,6,1,TSLA,-1.00,-1.00,2025-02-17 22:08:32.494231,2025-02-17 22:08:32.494231,,-1.00,,2025-02-17 22:08:32.494231,10000.00,SHORT,0.00,closed
843,2,1,COIN,-1.00,-1.00,2025-02-17 22:08:32.490230,2025-02-17 22:08:32.490230,,-1.00,,2025-02-17 22:08:32.490230,10000.00,SHORT,0.00,closed
844,1,1,COIN,-1.00,-1.00,2025-02-17 22:08:32.490230,2025-02-17 22:08:32.490230,,-1.00,,2025-02-17 22:08:32.490230,10000.00,LONG,0.00,closed
845,6,1,TSLA,-1.00,-1.00,2025-02-17 22:08:32.494231,2025-02-17 22:08:32.494231,,-1.00,,2025-02-17 22:08:32.494231,10000.00,SHORT,0.00,closed
846,2,1,COIN,-1.00,-1.00,2025-02-17 22:08:32.490230,2025-02-17 22:08:32.490230,,-1.00,,2025-02-17 22:08:32.490230,10000.00,SHORT,0.00,closed
847,1,1,COIN,-1.00,-1.00,2025-02-17 22:08:32.490230,2025-02-17 22:08:32.490230,,-1.00,,2025-02-17 22:08:32.490230,10000.00,LONG,0.00,closed
848,6,1,TSLA,-1.00,-1.00,2025-02-17 22:08:32.494231,2025-02-17 22:08:32.494231,,-1.00,,2025-02-17 22:08:32.494231,10000.00,SHORT,0.00,closed
849,3,2,COIN,-1.00,-1.00,2025-02-17 22:08:32.490230,2025-02-17 22:08:32.490230,,-1.00,,2025-02-17 22:08:32.490230,10000.00,LONG,0.00,closed
850,2,1,COIN,-1.00,-1.00,2025-02-17 22:08:32.490230,2025-02-17 22:08:32.490230,,-1.00,,2025-02-17 22:08:32.490230,10000.00,SHORT,0.00,closed
851,1,1,COIN,-1.00,-1.00,2025-02-17 22:08:32.490230,2025-02-17 22:08:32.490230,,-1.00,,2025-02-17 22:08:32.490230,10000.00,LONG,0.00,closed
852,6,1,TSLA,-1.00,-1.00,2025-02-17 22:08:32.494231,2025-02-17 22:08:32.494231,,-1.00,,2025-02-17 22:08:32.494231,10000.00,SHORT,0.00,closed
853,3,2,COIN,-1.00,-1.00,2025-02-17 22:08:32.490230,2025-02-17 22:08:32.490230,,-1.00,,2025-02-17 22:08:32.490230,10000.00,LONG,0.00,closed
854,2,1,COIN,-1.00,-1.00,2025-02-17 22:08:32.490230,2025-02-17 22:08:32.490230,,-1.00,,2025-02-17 22:08:32.490230,10000.00,SHORT,0.00,closed
855,1,1,COIN,-1.00,-1.00,2025-02-17 22:08:32.490230,2025-02-17 22:08:32.490230,,-1.00,,2025-02-17 22:08:32.490230,10000.00,LONG,0.00,closed
856,6,1,TSLA,-1.00,-1.00,2025-02-17 22:08:32.494231,2025-02-17 22:08:32.494231,,-1.00,,2025-02-17 22:08:32.494231,10000.00,SHORT,0.00,closed
857,3,2,COIN,-1.00,-1.00,2025-02-17 22:08:32.490230,2025-02-17 22:08:32.490230,,-1.00,,2025-02-17 22:08:32.490230,10000.00,LONG,0.00,closed
858,2,1,COIN,-1.00,-1.00,2025-02-17 22:08:32.490230,2025-02-17 22:08:32.490230,,-1.00,,2025-02-17 22:08:32.490230,10000.00,SHORT,0.00,closed
859,1,1,COIN,-1.00,-1.00,2025-02-17 22:08:32.490230,2025-02-17 22:08:32.490230,,-1.00,,2025-02-17 22:08:32.490230,10000.00,LONG,0.00,closed
860,6,1,TSLA,-1.00,-1.00,2025-02-17 22:08:32.494231,2025-02-17 22:08:32.494231,,-1.00,,2025-02-17 22:08:32.494231,10000.00,SHORT,0.00,closed
861,3,2,COIN,-1.00,-1.00,2025-02-17 22:08:32.490230,2025-02-17 22:08:32.490230,,-1.00,,2025-02-17 22:08:32.490230,10000.00,LONG,0.00,closed
862,2,1,COIN,-1.00,-1.00,2025-02-17 22:08:32.490230,2025-02-17 22:08:32.490230,,-1.00,,2025-02-17 22:08:32.490230,10000.00,SHORT,0.00,closed
863,1,1,COIN,-1.00,-1.00,2025-02-17 22:08:32.490230,2025-02-17 22:08:32.490230,,-1.00,,2025-02-17 22:08:32.490230,10000.00,LONG,0.00,closed
864,6,1,TSLA,-1.00,-1.00,2025-02-17 22:08:32.494231,2025-02-17 22:08:32.494231,,-1.00,,2025-02-17 22:08:32.494231,10000.00,SHORT,0.00,closed
865,3,2,COIN,-1.00,-1.00,2025-02-17 22:08:32.490230,2025-02-17 22:08:32.490230,,-1.00,,2025-02-17 22:08:32.490230,10000.00,LONG,0.00,closed
866,2,1,COIN,-1.00,-1.00,2025-02-17 22:08:32.490230,2025-02-17 22:08:32.490230,,-1.00,,2025-02-17 22:08:32.490230,10000.00,SHORT,0.00,closed
867,1,1,COIN,-1.00,-1.00,2025-02-17 22:08:32.490230,2025-02-17 22:08:32.490230,,-1.00,,2025-02-17 22:08:32.490230,10000.00,LONG,0.00,closed
868,6,1,TSLA,-1.00,-1.00,2025-02-17 22:08:32.494231,2025-02-17 22:08:32.494231,,-1.00,,2025-02-17 22:08:32.494231,10000.00,SHORT,0.00,closed
869,4,2,COIN,-1.00,-1.00,2025-02-17 22:08:32.490230,2025-02-17 22:08:32.490230,,-1.00,,2025-02-17 22:08:32.490230,10000.00,SHORT,0.00,closed
870,3,2,COIN,-1.00,-1.00,2025-02-17 22:08:32.490230,2025-02-17 22:08:32.490230,,-1.00,,2025-02-17 22:08:32.490230,10000.00,LONG,0.00,closed
871,2,1,COIN,-1.00,-1.00,2025-02-17 22:08:32.490230,2025-02-17 22:08:32.490230,,-1.00,,2025-02-17 22:08:32.490230,10000.00,SHORT,0.00,closed
872,1,1,COIN,-1.00,-1.00,2025-02-17 22:08:32.490230,2025-02-17 22:08:32.490230,,-1.00,,2025-02-17 22:08:32.490230,10000.00,LONG,0.00,closed
873,6,1,TSLA,-1.00,-1.00,2025-02-17 22:08:32.494231,2025-02-17 22:08:32.494231,,-1.00,,2025-02-17 22:08:32.494231,10000.00,SHORT,0.00,closed
874,4,2,COIN,-1.00,-1.00,2025-02-17 22:08:32.490230,2025-02-17 22:08:32.490230,,-1.00,,2025-02-17 22:08:32.490230,10000.00,SHORT,0.00,closed
875,3,2,COIN,-1.00,-1.00,2025-02-17 22:08:32.490230,2025-02-17 22:08:32.490230,,-1.00,,2025-02-17 22:08:32.490230,10000.00,LONG,0.00,closed
876,2,1,COIN,-1.00,-1.00,2025-02-17 22:08:32.490230,2025-02-17 22:08:32.490230,,-1.00,,2025-02-17 22:08:32.490230,10000.00,SHORT,0.00,closed
877,1,1,COIN,-1.00,-1.00,2025-02-17 22:08:32.490230,2025-02-17 22:08:32.490230,,-1.00,,2025-02-17 22:08:32.490230,10000.00,LONG,0.00,closed
878,6,1,TSLA,-1.00,-1.00,2025-02-17 22:08:32.494231,2025-02-17 22:08:32.494231,,-1.00,,2025-02-17 22:08:32.494231,10000.00,SHORT,0.00,closed
879,4,2,COIN,-1.00,-1.00,2025-02-17 22:08:32.490230,2025-02-17 22:08:32.490230,,-1.00,,2025-02-17 22:08:32.490230,10000.00,SHORT,0.00,closed
880,3,2,COIN,-1.00,-1.00,2025-02-17 22:08:32.490230,2025-02-17 22:08:32.490230,,-1.00,,2025-02-17 22:08:32.490230,10000.00,LONG,0.00,closed
881,2,1,COIN,-1.00,-1.00,2025-02-17 22:08:32.490230,2025-02-17 22:08:32.490230,,-1.00,,2025-02-17 22:08:32.490230,10000.00,SHORT,0.00,closed
882,1,1,COIN,-1.00,-1.00,2025-02-17 22:08:32.490230,2025-02-17 22:08:32.490230,,-1.00,,2025-02-17 22:08:32.490230,10000.00,LONG,0.00,closed
883,6,1,TSLA,-1.00,-1.00,2025-02-17 22:08:32.494231,2025-02-17 22:08:32.494231,,-1.00,,2025-02-17 22:08:32.494231,10000.00,SHORT,0.00,closed
884,4,2,COIN,-1.00,-1.00,2025-02-17 22:08:32.490230,2025-02-17 22:08:32.490230,,-1.00,,2025-02-17 22:08:32.490230,10000.00,SHORT,0.00,closed
885,3,2,COIN,-1.00,-1.00,2025-02-17 22:08:32.490230,2025-02-17 22:08:32.490230,,-1.00,,2025-02-17 22:08:32.490230,10000.00,LONG,0.00,closed
886,2,1,COIN,-1.00,-1.00,2025-02-17 22:08:32.490230,2025-02-17 22:08:32.490230,,-1.00,,2025-02-17 22:08:32.490230,10000.00,SHORT,0.00,closed
887,1,1,COIN,-1.00,-1.00,2025-02-17 22:08:32.490230,2025-02-17 22:08:32.490230,,-1.00,,2025-02-17 22:08:32.490230,10000.00,LONG,0.00,closed
888,6,1,TSLA,-1.00,-1.00,2025-02-17 22:08:32.494231,2025-02-17 22:08:32.494231,,-1.00,,2025-02-17 22:08:32.494231,10000.00,SHORT,0.00,closed
889,4,2,COIN,-1.00,-1.00,2025-02-17 22:08:32.490230,2025-02-17 22:08:32.490230,,-1.00,,2025-02-17 22:08:32.490230,10000.00,SHORT,0.00,closed
890,3,2,COIN,-1.00,-1.00,2025-02-17 22:08:32.490230,2025-02-17 22:08:32.490230,,-1.00,,2025-02-17 22:08:32.490230,10000.00,LONG,0.00,closed
891,2,1,COIN,-1.00,-1.00,2025-02-17 22:08:32.490230,2025-02-17 22:08:32.490230,,-1.00,,2025-02-17 22:08:32.490230,10000.00,SHORT,0.00,closed
892,1,1,COIN,-1.00,-1.00,2025-02-17 22:08:32.490230,2025-02-17 22:08:32.490230,,-1.00,,2025-02-17 22:08:32.490230,10000.00,LONG,0.00,closed
893,6,1,TSLA,-1.00,-1.00,2025-02-17 22:08:32.494231,2025-02-17 22:08:32.494231,,-1.00,,2025-02-17 22:08:32.494231,10000.00,SHORT,0.00,closed
894,4,2,COIN,-1.00,-1.00,2025-02-17 22:08:32.490230,2025-02-17 22:08:32.490230,,-1.00,,2025-02-17 22:08:32.490230,10000.00,SHORT,0.00,closed
895,3,2,COIN,-1.00,-1.00,2025-02-17 22:08:32.490230,2025-02-17 22:08:32.490230,,-1.00,,2025-02-17 22:08:32.490230,10000.00,LONG,0.00,closed
896,2,1,COIN,-1.00,-1.00,2025-02-17 22:08:32.490230,2025-02-17 22:08:32.490230,,-1.00,,2025-02-17 22:08:32.490230,10000.00,SHORT,0.00,closed
897,1,1,COIN,-1.00,-1.00,2025-02-17 22:08:32.490230,2025-02-17 22:08:32.490230,,-1.00,,2025-02-17 22:08:32.490230,10000.00,LONG,0.00,closed
898,6,1,TSLA,-1.00,-1.00,2025-02-17 22:08:32.494231,2025-02-17 22:08:32.494231,,-1.00,,2025-02-17 22:08:32.494231,10000.00,SHORT,0.00,closed
899,4,2,COIN,-1.00,-1.00,2025-02-17 22:08:32.490230,2025-02-17 22:08:32.490230,,-1.00,,2025-02-17 22:08:32.490230,10000.00,SHORT,0.00,closed
900,3,2,COIN,-1.00,-1.00,2025-02-17 22:08:32.490230,2025-02-17 22:08:32.490230,,-1.00,,2025-02-17 22:08:32.490230,10000.00,LONG,0.00,closed
901,2,1,COIN,-1.00,-1.00,2025-02-17 22:08:32.490230,2025-02-17 22:08:32.490230,,-1.00,,2025-02-17 22:08:32.490230,10000.00,SHORT,0.00,closed
902,1,1,COIN,-1.00,-1.00,2025-02-17 22:08:32.490230,2025-02-17 22:08:32.490230,,-1.00,,2025-02-17 22:08:32.490230,10000.00,LONG,0.00,closed
903,6,1,TSLA,-1.00,-1.00,2025-02-17 22:08:32.494231,2025-02-17 22:08:32.494231,,-1.00,,2025-02-17 22:08:32.494231,10000.00,SHORT,0.00,closed
904,4,2,COIN,-1.00,-1.00,2025-02-17 22:08:32.490230,2025-02-17 22:08:32.490230,,-1.00,,2025-02-17 22:08:32.490230,10000.00,SHORT,0.00,closed
905,3,2,COIN,-1.00,-1.00,2025-02-17 22:08:32.490230,2025-02-17 22:08:32.490230,,-1.00,,2025-02-17 22:08:32.490230,10000.00,LONG,0.00,closed
906,2,1,COIN,-1.00,-1.00,2025-02-17 22:08:32.490230,2025-02-17 22:08:32.490230,,-1.00,,2025-02-17 22:08:32.490230,10000.00,SHORT,0.00,closed
907,1,1,COIN,-1.00,-1.00,2025-02-17 22:08:32.490230,2025-02-17 22:08:32.490230,,-1.00,,2025-02-17 22:08:32.490230,10000.00,LONG,0.00,closed
908,6,1,TSLA,-1.00,-1.00,2025-02-17 22:08:32.494231,2025-02-17 22:08:32.494231,,-1.00,,2025-02-17 22:08:32.494231,10000.00,SHORT,0.00,closed
909,4,2,COIN,-1.00,-1.00,2025-02-17 22:08:32.490230,2025-02-17 22:08:32.490230,,-1.00,,2025-02-17 22:08:32.490230,10000.00,SHORT,0.00,closed
910,3,2,COIN,-1.00,-1.00,2025-02-17 22:08:32.490230,2025-02-17 22:08:32.490230,,-1.00,,2025-02-17 22:08:32.490230,10000.00,LONG,0.00,closed
911,2,1,COIN,-1.00,-1.00,2025-02-17 22:08:32.490230,2025-02-17 22:08:32.490230,,-1.00,,2025-02-17 22:08:32.490230,10000.00,SHORT,0.00,closed
912,1,1,COIN,-1.00,-1.00,2025-02-17 22:08:32.490230,2025-02-17 22:08:32.490230,,-1.00,,2025-02-17 22:08:32.490230,10000.00,LONG,0.00,closed
913,6,1,TSLA,-1.00,-1.00,2025-02-17 22:08:32.494231,2025-02-17 22:08:32.494231,,-1.00,,2025-02-17 22:08:32.494231,10000.00,SHORT,0.00,closed
914,4,2,COIN,-1.00,-1.00,2025-02-17 22:08:32.490230,2025-02-17 22:08:32.490230,,-1.00,,2025-02-17 22:08:32.490230,10000.00,SHORT,0.00,closed
915,3,2,COIN,-1.00,-1.00,2025-02-17 22:08:32.490230,2025-02-17 22:08:32.490230,,-1.00,,2025-02-17 22:08:32.490230,10000.00,LONG,0.00,closed
916,2,1,COIN,-1.00,-1.00,2025-02-17 22:08:32.490230,2025-02-17 22:08:32.490230,,-1.00,,2025-02-17 22:08:32.490230,10000.00,SHORT,0.00,closed
917,1,1,COIN,-1.00,-1.00,2025-02-17 22:08:32.490230,2025-02-17 22:08:32.490230,,-1.00,,2025-02-17 22:08:32.490230,10000.00,LONG,0.00,closed
918,6,1,TSLA,-1.00,-1.00,2025-02-17 22:08:32.494231,2025-02-17 22:08:32.494231,,-1.00,,2025-02-17 22:08:32.494231,10000.00,SHORT,0.00,closed
919,4,2,COIN,-1.00,-1.00,2025-02-17 22:08:32.490230,2025-02-17 22:08:32.490230,,-1.00,,2025-02-17 22:08:32.490230,10000.00,SHORT,0.00,closed
920,3,2,COIN,-1.00,-1.00,2025-02-17 22:08:32.490230,2025-02-17 22:08:32.490230,,-1.00,,2025-02-17 22:08:32.490230,10000.00,LONG,0.00,closed
921,2,1,COIN,-1.00,-1.00,2025-02-17 22:08:32.490230,2025-02-17 22:08:32.490230,,-1.00,,2025-02-17 22:08:32.490230,10000.00,SHORT,0.00,closed
922,1,1,COIN,-1.00,-1.00,2025-02-17 22:08:32.490230,2025-02-17 22:08:32.490230,,-1.00,,2025-02-17 22:08:32.490230,10000.00,LONG,0.00,closed
923,6,1,TSLA,-1.00,-1.00,2025-02-17 22:08:32.494231,2025-02-17 22:08:32.494231,,-1.00,,2025-02-17 22:08:32.494231,10000.00,SHORT,0.00,closed
924,4,2,COIN,-1.00,-1.00,2025-02-17 22:08:32.490230,2025-02-17 22:08:32.490230,,-1.00,,2025-02-17 22:08:32.490230,10000.00,SHORT,0.00,closed
925,3,2,COIN,-1.00,-1.00,2025-02-17 22:08:32.490230,2025-02-17 22:08:32.490230,,-1.00,,2025-02-17 22:08:32.490230,10000.00,LONG,0.00,closed
926,2,1,COIN,-1.00,-1.00,2025-02-17 22:08:32.490230,2025-02-17 22:08:32.490230,,-1.00,,2025-02-17 22:08:32.490230,10000.00,SHORT,0.00,closed
927,1,1,COIN,-1.00,-1.00,2025-02-17 22:08:32.490230,2025-02-17 22:08:32.490230,,-1.00,,2025-02-17 22:08:32.490230,10000.00,LONG,0.00,closed
928,6,1,TSLA,-1.00,-1.00,2025-02-17 22:08:32.494231,2025-02-17 22:08:32.494231,,-1.00,,2025-02-17 22:08:32.494231,10000.00,SHORT,0.00,closed
929,4,2,COIN,-1.00,-1.00,2025-02-17 22:08:32.490230,2025-02-17 22:08:32.490230,,-1.00,,2025-02-17 22:08:32.490230,10000.00,SHORT,0.00,closed
930,3,2,COIN,-1.00,-1.00,2025-02-17 22:08:32.490230,2025-02-17 22:08:32.490230,,-1.00,,2025-02-17 22:08:32.490230,10000.00,LONG,0.00,closed
931,2,1,COIN,-1.00,-1.00,2025-02-17 22:08:32.490230,2025-02-17 22:08:32.490230,,-1.00,,2025-02-17 22:08:32.490230,10000.00,SHORT,0.00,closed
932,1,1,COIN,-1.00,-1.00,2025-02-17 22:08:32.490230,2025-02-17 22:08:32.490230,,-1.00,,2025-02-17 22:08:32.490230,10000.00,LONG,0.00,closed
933,6,1,TSLA,-1.00,-1.00,2025-02-17 22:08:32.494231,2025-02-17 22:08:32.494231,,-1.00,,2025-02-17 22:08:32.494231,10000.00,SHORT,0.00,closed
934,4,2,COIN,-1.00,-1.00,2025-02-17 22:08:32.490230,2025-02-17 22:08:32.490230,,-1.00,,2025-02-17 22:08:32.490230,10000.00,SHORT,0.00,closed
935,3,2,COIN,-1.00,-1.00,2025-02-17 22:08:32.490230,2025-02-17 22:08:32.490230,,-1.00,,2025-02-17 22:08:32.490230,10000.00,LONG,0.00,closed
936,2,1,COIN,-1.00,-1.00,2025-02-17 22:08:32.490230,2025-02-17 22:08:32.490230,,-1.00,,2025-02-17 22:08:32.490230,10000.00,SHORT,0.00,closed
937,1,1,COIN,-1.00,-1.00,2025-02-17 22:08:32.490230,2025-02-17 22:08:32.490230,,-1.00,,2025-02-17 22:08:32.490230,10000.00,LONG,0.00,closed
938,6,1,TSLA,-1.00,-1.00,2025-02-17 22:08:32.494231,2025-02-17 22:08:32.494231,,-1.00,,2025-02-17 22:08:32.494231,10000.00,SHORT,0.00,closed
939,4,2,COIN,-1.00,-1.00,2025-02-17 22:08:32.490230,2025-02-17 22:08:32.490230,,-1.00,,2025-02-17 22:08:32.490230,10000.00,SHORT,0.00,closed
940,3,2,COIN,-1.00,-1.00,2025-02-17 22:08:32.490230,2025-02-17 22:08:32.490230,,-1.00,,2025-02-17 22:08:32.490230,10000.00,LONG,0.00,closed
941,2,1,COIN,-1.00,-1.00,2025-02-17 22:08:32.490230,2025-02-17 22:08:32.490230,,-1.00,,2025-02-17 22:08:32.490230,10000.00,SHORT,0.00,closed
942,1,1,COIN,-1.00,-1.00,2025-02-17 22:08:32.490230,2025-02-17 22:08:32.490230,,-1.00,,2025-02-17 22:08:32.490230,10000.00,LONG,0.00,closed
943,6,1,TSLA,-1.00,-1.00,2025-02-17 22:08:32.494231,2025-02-17 22:08:32.494231,,-1.00,,2025-02-17 22:08:32.494231,10000.00,SHORT,0.00,closed
944,4,2,COIN,-1.00,-1.00,2025-02-17 22:08:32.490230,2025-02-17 22:08:32.490230,,-1.00,,2025-02-17 22:08:32.490230,10000.00,SHORT,0.00,closed
945,3,2,COIN,-1.00,-1.00,2025-02-17 22:08:32.490230,2025-02-17 22:08:32.490230,,-1.00,,2025-02-17 22:08:32.490230,10000.00,LONG,0.00,closed
946,2,1,COIN,-1.00,-1.00,2025-02-17 22:08:32.490230,2025-02-17 22:08:32.490230,,-1.00,,2025-02-17 22:08:32.490230,10000.00,SHORT,0.00,closed
947,1,1,COIN,-1.00,-1.00,2025-02-17 22:08:32.490230,2025-02-17 22:08:32.490230,,-1.00,,2025-02-17 22:08:32.490230,10000.00,LONG,0.00,closed
948,6,1,TSLA,-1.00,-1.00,2025-02-17 22:08:32.494231,2025-02-17 22:08:32.494231,,-1.00,,2025-02-17 22:08:32.494231,10000.00,SHORT,0.00,closed
949,4,2,COIN,-1.00,-1.00,2025-02-17 22:08:32.490230,2025-02-17 22:08:32.490230,,-1.00,,2025-02-17 22:08:32.490230,10000.00,SHORT,0.00,closed
950,3,2,COIN,-1.00,-1.00,2025-02-17 22:08:32.490230,2025-02-17 22:08:32.490230,,-1.00,,2025-02-17 22:08:32.490230,10000.00,LONG,0.00,closed
951,2,1,COIN,-1.00,-1.00,2025-02-17 22:08:32.490230,2025-02-17 22:08:32.490230,,-1.00,,2025-02-17 22:08:32.490230,10000.00,SHORT,0.00,closed
952,1,1,COIN,-1.00,-1.00,2025-02-17 22:08:32.490230,2025-02-17 22:08:32.490230,,-1.00,,2025-02-17 22:08:32.490230,10000.00,LONG,0.00,closed
953,6,1,TSLA,-1.00,-1.00,2025-02-17 22:08:32.494231,2025-02-17 22:08:32.494231,,-1.00,,2025-02-17 22:08:32.494231,10000.00,SHORT,0.00,closed
954,4,2,COIN,-1.00,-1.00,2025-02-17 22:08:32.490230,2025-02-17 22:08:32.490230,,-1.00,,2025-02-17 22:08:32.490230,10000.00,SHORT,0.00,closed
955,3,2,COIN,-1.00,-1.00,2025-02-17 22:08:32.490230,2025-02-17 22:08:32.490230,,-1.00,,2025-02-17 22:08:32.490230,10000.00,LONG,0.00,closed
956,2,1,COIN,-1.00,-1.00,2025-02-17 22:08:32.490230,2025-02-17 22:08:32.490230,,-1.00,,2025-02-17 22:08:32.490230,10000.00,SHORT,0.00,closed
957,1,1,COIN,-1.00,-1.00,2025-02-17 22:08:32.490230,2025-02-17 22:08:32.490230,,-1.00,,2025-02-17 22:08:32.490230,10000.00,LONG,0.00,closed
958,6,1,TSLA,-1.00,-1.00,2025-02-17 22:08:32.494231,2025-02-17 22:08:32.494231,,-1.00,,2025-02-17 22:08:32.494231,10000.00,SHORT,0.00,closed
959,4,2,COIN,-1.00,-1.00,2025-02-17 22:08:32.490230,2025-02-17 22:08:32.490230,,-1.00,,2025-02-17 22:08:32.490230,10000.00,SHORT,0.00,closed
960,3,2,COIN,-1.00,-1.00,2025-02-17 22:08:32.490230,2025-02-17 22:08:32.490230,,-1.00,,2025-02-17 22:08:32.490230,10000.00,LONG,0.00,closed
961,2,1,COIN,-1.00,-1.00,2025-02-17 22:08:32.490230,2025-02-17 22:08:32.490230,,-1.00,,2025-02-17 22:08:32.490230,10000.00,SHORT,0.00,closed
962,1,1,COIN,-1.00,-1.00,2025-02-17 22:08:32.490230,2025-02-17 22:08:32.490230,,-1.00,,2025-02-17 22:08:32.490230,10000.00,LONG,0.00,closed
963,6,1,TSLA,-1.00,-1.00,2025-02-17 22:08:32.494231,2025-02-17 22:08:32.494231,,-1.00,,2025-02-17 22:08:32.494231,10000.00,SHORT,0.00,closed
964,4,2,COIN,-1.00,-1.00,2025-02-17 22:08:32.490230,2025-02-17 22:08:32.490230,,-1.00,,2025-02-17 22:08:32.490230,10000.00,SHORT,0.00,closed
965,3,2,COIN,-1.00,-1.00,2025-02-17 22:08:32.490230,2025-02-17 22:08:32.490230,,-1.00,,2025-02-17 22:08:32.490230,10000.00,LONG,0.00,closed
966,2,1,COIN,-1.00,-1.00,2025-02-17 22:08:32.490230,2025-02-17 22:08:32.490230,,-1.00,,2025-02-17 22:08:32.490230,10000.00,SHORT,0.00,closed
967,1,1,COIN,-1.00,-1.00,2025-02-17 22:08:32.490230,2025-02-17 22:08:32.490230,,-1.00,,2025-02-17 22:08:32.490230,10000.00,LONG,0.00,closed
968,6,1,TSLA,-1.00,-1.00,2025-02-17 22:08:32.494231,2025-02-17 22:08:32.494231,,-1.00,,2025-02-17 22:08:32.494231,10000.00,SHORT,0.00,closed
969,4,2,COIN,-1.00,-1.00,2025-02-17 22:08:32.490230,2025-02-17 22:08:32.490230,,-1.00,,2025-02-17 22:08:32.490230,10000.00,SHORT,0.00,closed
970,3,2,COIN,-1.00,-1.00,2025-02-17 22:08:32.490230,2025-02-17 22:08:32.490230,,-1.00,,2025-02-17 22:08:32.490230,10000.00,LONG,0.00,closed
971,2,1,COIN,-1.00,-1.00,2025-02-17 22:08:32.490230,2025-02-17 22:08:32.490230,,-1.00,,2025-02-17 22:08:32.490230,10000.00,SHORT,0.00,closed
972,1,1,COIN,-1.00,-1.00,2025-02-17 22:08:32.490230,2025-02-17 22:08:32.490230,,-1.00,,2025-02-17 22:08:32.490230,10000.00,LONG,0.00,closed
973,6,1,TSLA,-1.00,-1.00,2025-02-17 22:08:32.494231,2025-02-17 22:08:32.494231,,-1.00,,2025-02-17 22:08:32.494231,10000.00,SHORT,0.00,closed
974,4,2,COIN,-1.00,-1.00,2025-02-17 22:08:32.490230,2025-02-17 22:08:32.490230,,-1.00,,2025-02-17 22:08:32.490230,10000.00,SHORT,0.00,closed
975,3,2,COIN,-1.00,-1.00,2025-02-17 22:08:32.490230,2025-02-17 22:08:32.490230,,-1.00,,2025-02-17 22:08:32.490230,10000.00,LONG,0.00,closed
976,2,1,COIN,-1.00,-1.00,2025-02-17 22:08:32.490230,2025-02-17 22:08:32.490230,,-1.00,,2025-02-17 22:08:32.490230,10000.00,SHORT,0.00,closed
977,1,1,COIN,-1.00,-1.00,2025-02-17 22:08:32.490230,2025-02-17 22:08:32.490230,,-1.00,,2025-02-17 22:08:32.490230,10000.00,LONG,0.00,closed
978,6,1,TSLA,-1.00,-1.00,2025-02-17 22:08:32.494231,2025-02-17 22:08:32.494231,,-1.00,,2025-02-17 22:08:32.494231,10000.00,SHORT,0.00,closed
979,4,2,COIN,-1.00,-1.00,2025-02-17 22:08:32.490230,2025-02-17 22:08:32.490230,,-1.00,,2025-02-17 22:08:32.490230,10000.00,SHORT,0.00,closed
980,3,2,COIN,-1.00,-1.00,2025-02-17 22:08:32.490230,2025-02-17 22:08:32.490230,,-1.00,,2025-02-17 22:08:32.490230,10000.00,LONG,0.00,closed
981,2,1,COIN,-1.00,-1.00,2025-02-17 22:08:32.490230,2025-02-17 22:08:32.490230,,-1.00,,2025-02-17 22:08:32.490230,10000.00,SHORT,0.00,closed
982,1,1,COIN,-1.00,-1.00,2025-02-17 22:08:32.490230,2025-02-17 22:08:32.490230,,-1.00,,2025-02-17 22:08:32.490230,10000.00,LONG,0.00,closed
983,6,1,TSLA,-1.00,-1.00,2025-02-17 22:08:32.494231,2025-02-17 22:08:32.494231,,-1.00,,2025-02-17 22:08:32.494231,10000.00,SHORT,0.00,closed
984,4,2,COIN,-1.00,-1.00,2025-02-17 22:08:32.490230,2025-02-17 22:08:32.490230,,-1.00,,2025-02-17 22:08:32.490230,10000.00,SHORT,0.00,closed
985,3,2,COIN,-1.00,-1.00,2025-02-17 22:08:32.490230,2025-02-17 22:08:32.490230,,-1.00,,2025-02-17 22:08:32.490230,10000.00,LONG,0.00,closed
986,2,1,COIN,-1.00,-1.00,2025-02-17 22:08:32.490230,2025-02-17 22:08:32.490230,,-1.00,,2025-02-17 22:08:32.490230,10000.00,SHORT,0.00,closed
987,1,1,COIN,-1.00,-1.00,2025-02-17 22:08:32.490230,2025-02-17 22:08:32.490230,,-1.00,,2025-02-17 22:08:32.490230,10000.00,LONG,0.00,closed
988,6,1,TSLA,-1.00,-1.00,2025-02-17 22:08:32.494231,2025-02-17 22:08:32.494231,,-1.00,,2025-02-17 22:08:32.494231,10000.00,SHORT,0.00,closed
989,4,2,COIN,-1.00,-1.00,2025-02-17 22:08:32.490230,2025-02-17 22:08:32.490230,,-1.00,,2025-02-17 22:08:32.490230,10000.00,SHORT,0.00,closed
990,3,2,COIN,-1.00,-1.00,2025-02-17 22:08:32.490230,2025-02-17 22:08:32.490230,,-1.00,,2025-02-17 22:08:32.490230,10000.00,LONG,0.00,closed
991,2,1,COIN,-1.00,-1.00,2025-02-17 22:08:32.490230,2025-02-17 22:08:32.490230,,-1.00,,2025-02-17 22:08:32.490230,10000.00,SHORT,0.00,closed
992,1,1,COIN,-1.00,-1.00,2025-02-17 22:08:32.490230,2025-02-17 22:08:32.490230,,-1.00,,2025-02-17 22:08:32.490230,10000.00,LONG,0.00,closed
993,6,1,TSLA,-1.00,-1.00,2025-02-17 22:08:32.494231,2025-02-17 22:08:32.494231,,-1.00,,2025-02-17 22:08:32.494231,10000.00,SHORT,0.00,closed
994,4,2,COIN,-1.00,-1.00,2025-02-17 22:08:32.490230,2025-02-17 22:08:32.490230,,-1.00,,2025-02-17 22:08:32.490230,10000.00,SHORT,0.00,closed
995,3,2,COIN,-1.00,-1.00,2025-02-17 22:08:32.490230,2025-02-17 22:08:32.490230,,-1.00,,2025-02-17 22:08:32.490230,10000.00,LONG,0.00,closed
996,2,1,COIN,-1.00,-1.00,2025-02-17 22:08:32.490230,2025-02-17 22:08:32.490230,,-1.00,,2025-02-17 22:08:32.490230,10000.00,SHORT,0.00,closed
997,1,1,COIN,-1.00,-1.00,2025-02-17 22:08:32.490230,2025-02-17 22:08:32.490230,,-1.00,,2025-02-17 22:08:32.490230,10000.00,LONG,0.00,closed
998,6,1,TSLA,-1.00,-1.00,2025-02-17 22:08:32.494231,2025-02-17 22:08:32.494231,,-1.00,,2025-02-17 22:08:32.494231,10000.00,SHORT,0.00,closed
999,4,2,COIN,-1.00,-1.00,2025-02-17 22:08:32.490230,2025-02-17 22:08:32.490230,,-1.00,,2025-02-17 22:08:32.490230,10000.00,SHORT,0.00,closed
1000,3,2,COIN,-1.00,-1.00,2025-02-17 22:08:32.490230,2025-02-17 22:08:32.490230,,-1.00,,2025-02-17 22:08:32.490230,10000.00,LONG,0.00,closed
1001,2,1,COIN,-1.00,-1.00,2025-02-17 22:08:32.490230,2025-02-17 22:08:32.490230,,-1.00,,2025-02-17 22:08:32.490230,10000.00,SHORT,0.00,closed
1002,1,1,COIN,-1.00,-1.00,2025-02-17 22:08:32.490230,2025-02-17 22:08:32.490230,,-1.00,,2025-02-17 22:08:32.490230,10000.00,LONG,0.00,closed
1003,6,1,TSLA,-1.00,-1.00,2025-02-17 22:08:32.494231,2025-02-17 22:08:32.494231,,-1.00,,2025-02-17 22:08:32.494231,10000.00,SHORT,0.00,closed
1004,4,2,COIN,-1.00,-1.00,2025-02-17 22:08:32.490230,2025-02-17 22:08:32.490230,,-1.00,,2025-02-17 22:08:32.490230,10000.00,SHORT,0.00,closed
1005,3,2,COIN,-1.00,-1.00,2025-02-17 22:08:32.490230,2025-02-17 22:08:32.490230,,-1.00,,2025-02-17 22:08:32.490230,10000.00,LONG,0.00,closed
1006,2,1,COIN,-1.00,-1.00,2025-02-17 22:08:32.490230,2025-02-17 22:08:32.490230,,-1.00,,2025-02-17 22:08:32.490230,10000.00,SHORT,0.00,closed
1007,1,1,COIN,-1.00,-1.00,2025-02-17 22:08:32.490230,2025-02-17 22:08:32.490230,,-1.00,,2025-02-17 22:08:32.490230,10000.00,LONG,0.00,closed
1008,6,1,TSLA,-1.00,-1.00,2025-02-17 22:08:32.494231,2025-02-17 22:08:32.494231,,-1.00,,2025-02-17 22:08:32.494231,10000.00,SHORT,0.00,closed
1009,4,2,COIN,-1.00,-1.00,2025-02-17 22:08:32.490230,2025-02-17 22:08:32.490230,,-1.00,,2025-02-17 22:08:32.490230,10000.00,SHORT,0.00,closed
1010,3,2,COIN,-1.00,-1.00,2025-02-17 22:08:32.490230,2025-02-17 22:08:32.490230,,-1.00,,2025-02-17 22:08:32.490230,10000.00,LONG,0.00,closed
1011,2,1,COIN,-1.00,-1.00,2025-02-17 22:08:32.490230,2025-02-17 22:08:32.490230,,-1.00,,2025-02-17 22:08:32.490230,10000.00,SHORT,0.00,closed
1012,1,1,COIN,-1.00,-1.00,2025-02-17 22:08:32.490230,2025-02-17 22:08:32.490230,,-1.00,,2025-02-17 22:08:32.490230,10000.00,LONG,0.00,closed
1013,6,1,TSLA,-1.00,-1.00,2025-02-17 22:08:32.494231,2025-02-17 22:08:32.494231,,-1.00,,2025-02-17 22:08:32.494231,10000.00,SHORT,0.00,closed
1014,4,2,COIN,-1.00,-1.00,2025-02-17 22:08:32.490230,2025-02-17 22:08:32.490230,,-1.00,,2025-02-17 22:08:32.490230,10000.00,SHORT,0.00,closed
1015,3,2,COIN,-1.00,-1.00,2025-02-17 22:08:32.490230,2025-02-17 22:08:32.490230,,-1.00,,2025-02-17 22:08:32.490230,10000.00,LONG,0.00,closed
1016,2,1,COIN,-1.00,-1.00,2025-02-17 22:08:32.490230,2025-02-17 22:08:32.490230,,-1.00,,2025-02-17 22:08:32.490230,10000.00,SHORT,0.00,closed
1017,1,1,COIN,-1.00,-1.00,2025-02-17 22:08:32.490230,2025-02-17 22:08:32.490230,,-1.00,,2025-02-17 22:08:32.490230,10000.00,LONG,0.00,closed
1018,6,1,TSLA,-1.00,-1.00,2025-02-17 22:08:32.494231,2025-02-17 22:08:32.494231,,-1.00,,2025-02-17 22:08:32.494231,10000.00,SHORT,0.00,closed
1019,4,2,COIN,-1.00,-1.00,2025-02-17 22:08:32.490230,2025-02-17 22:08:32.490230,,-1.00,,2025-02-17 22:08:32.490230,10000.00,SHORT,0.00,closed
1020,3,2,COIN,-1.00,-1.00,2025-02-17 22:08:32.490230,2025-02-17 22:08:32.490230,,-1.00,,2025-02-17 22:08:32.490230,10000.00,LONG,0.00,closed
1021,2,1,COIN,-1.00,-1.00,2025-02-17 22:08:32.490230,2025-02-17 22:08:32.490230,,-1.00,,2025-02-17 22:08:32.490230,10000.00,SHORT,0.00,closed
1022,1,1,COIN,-1.00,-1.00,2025-02-17 22:08:32.490230,2025-02-17 22:08:32.490230,,-1.00,,2025-02-17 22:08:32.490230,10000.00,LONG,0.00,closed
1023,6,1,TSLA,-1.00,-1.00,2025-02-17 22:08:32.494231,2025-02-17 22:08:32.494231,,-1.00,,2025-02-17 22:08:32.494231,10000.00,SHORT,0.00,closed
1024,4,2,COIN,-1.00,-1.00,2025-02-17 22:08:32.490230,2025-02-17 22:08:32.490230,,-1.00,,2025-02-17 22:08:32.490230,10000.00,SHORT,0.00,closed
1025,3,2,COIN,-1.00,-1.00,2025-02-17 22:08:32.490230,2025-02-17 22:08:32.490230,,-1.00,,2025-02-17 22:08:32.490230,10000.00,LONG,0.00,closed
1026,2,1,COIN,-1.00,-1.00,2025-02-17 22:08:32.490230,2025-02-17 22:08:32.490230,,-1.00,,2025-02-17 22:08:32.490230,10000.00,SHORT,0.00,closed
1027,1,1,COIN,-1.00,-1.00,2025-02-17 22:08:32.490230,2025-02-17 22:08:32.490230,,-1.00,,2025-02-17 22:08:32.490230,10000.00,LONG,0.00,closed
1028,6,1,TSLA,-1.00,-1.00,2025-02-17 22:08:32.494231,2025-02-17 22:08:32.494231,,-1.00,,2025-02-17 22:08:32.494231,10000.00,SHORT,0.00,closed
1029,4,2,COIN,-1.00,-1.00,2025-02-17 22:08:32.490230,2025-02-17 22:08:32.490230,,-1.00,,2025-02-17 22:08:32.490230,10000.00,SHORT,0.00,closed
1030,3,2,COIN,-1.00,-1.00,2025-02-17 22:08:32.490230,2025-02-17 22:08:32.490230,,-1.00,,2025-02-17 22:08:32.490230,10000.00,LONG,0.00,closed
1031,2,1,COIN,-1.00,-1.00,2025-02-17 22:08:32.490230,2025-02-17 22:08:32.490230,,-1.00,,2025-02-17 22:08:32.490230,10000.00,SHORT,0.00,closed
1032,1,1,COIN,-1.00,-1.00,2025-02-17 22:08:32.490230,2025-02-17 22:08:32.490230,,-1.00,,2025-02-17 22:08:32.490230,10000.00,LONG,0.00,closed
1033,6,1,TSLA,-1.00,-1.00,2025-02-17 22:08:32.494231,2025-02-17 22:08:32.494231,,-1.00,,2025-02-17 22:08:32.494231,10000.00,SHORT,0.00,closed
1034,4,2,COIN,-1.00,-1.00,2025-02-17 22:08:32.490230,2025-02-17 22:08:32.490230,,-1.00,,2025-02-17 22:08:32.490230,10000.00,SHORT,0.00,closed
1035,3,2,COIN,-1.00,-1.00,2025-02-17 22:08:32.490230,2025-02-17 22:08:32.490230,,-1.00,,2025-02-17 22:08:32.490230,10000.00,LONG,0.00,closed
1036,2,1,COIN,-1.00,-1.00,2025-02-17 22:08:32.490230,2025-02-17 22:08:32.490230,,-1.00,,2025-02-17 22:08:32.490230,10000.00,SHORT,0.00,closed
1037,1,1,COIN,-1.00,-1.00,2025-02-17 22:08:32.490230,2025-02-17 22:08:32.490230,,-1.00,,2025-02-17 22:08:32.490230,10000.00,LONG,0.00,closed
1038,6,1,TSLA,-1.00,-1.00,2025-02-17 22:08:32.494231,2025-02-17 22:08:32.494231,,-1.00,,2025-02-17 22:08:32.494231,10000.00,SHORT,0.00,closed
1039,4,2,COIN,-1.00,-1.00,2025-02-17 22:08:32.490230,2025-02-17 22:08:32.490230,,-1.00,,2025-02-17 22:08:32.490230,10000.00,SHORT,0.00,closed
1040,3,2,COIN,-1.00,-1.00,2025-02-17 22:08:32.490230,2025-02-17 22:08:32.490230,,-1.00,,2025-02-17 22:08:32.490230,10000.00,LONG,0.00,closed
1041,2,1,COIN,-1.00,-1.00,2025-02-17 22:08:32.490230,2025-02-17 22:08:32.490230,,-1.00,,2025-02-17 22:08:32.490230,10000.00,SHORT,0.00,closed
1042,1,1,COIN,-1.00,-1.00,2025-02-17 22:08:32.490230,2025-02-17 22:08:32.490230,,-1.00,,2025-02-17 22:08:32.490230,10000.00,LONG,0.00,closed
1043,6,1,TSLA,-1.00,-1.00,2025-02-17 22:08:32.494231,2025-02-17 22:08:32.494231,,-1.00,,2025-02-17 22:08:32.494231,10000.00,SHORT,0.00,closed
1044,4,2,COIN,-1.00,-1.00,2025-02-17 22:08:32.490230,2025-02-17 22:08:32.490230,,-1.00,,2025-02-17 22:08:32.490230,10000.00,SHORT,0.00,closed
1045,3,2,COIN,-1.00,-1.00,2025-02-17 22:08:32.490230,2025-02-17 22:08:32.490230,,-1.00,,2025-02-17 22:08:32.490230,10000.00,LONG,0.00,closed
1046,2,1,COIN,-1.00,-1.00,2025-02-17 22:08:32.490230,2025-02-17 22:08:32.490230,,-1.00,,2025-02-17 22:08:32.490230,10000.00,SHORT,0.00,closed
1047,1,1,COIN,-1.00,-1.00,2025-02-17 22:08:32.490230,2025-02-17 22:08:32.490230,,-1.00,,2025-02-17 22:08:32.490230,10000.00,LONG,0.00,closed
1048,6,1,TSLA,-1.00,-1.00,2025-02-17 22:08:32.494231,2025-02-17 22:08:32.494231,,-1.00,,2025-02-17 22:08:32.494231,10000.00,SHORT,0.00,closed
1049,4,2,COIN,-1.00,-1.00,2025-02-17 22:08:32.490230,2025-02-17 22:08:32.490230,,-1.00,,2025-02-17 22:08:32.490230,10000.00,SHORT,0.00,closed
1050,3,2,COIN,-1.00,-1.00,2025-02-17 22:08:32.490230,2025-02-17 22:08:32.490230,,-1.00,,2025-02-17 22:08:32.490230,10000.00,LONG,0.00,closed
1051,2,1,COIN,-1.00,-1.00,2025-02-17 22:08:32.490230,2025-02-17 22:08:32.490230,,-1.00,,2025-02-17 22:08:32.490230,10000.00,SHORT,0.00,closed
1052,1,1,COIN,-1.00,-1.00,2025-02-17 22:08:32.490230,2025-02-17 22:08:32.490230,,-1.00,,2025-02-17 22:08:32.490230,10000.00,LONG,0.00,closed
1053,6,1,TSLA,-1.00,-1.00,2025-02-17 22:08:32.494231,2025-02-17 22:08:32.494231,,-1.00,,2025-02-17 22:08:32.494231,10000.00,SHORT,0.00,closed
1054,4,2,COIN,-1.00,-1.00,2025-02-17 22:08:32.490230,2025-02-17 22:08:32.490230,,-1.00,,2025-02-17 22:08:32.490230,10000.00,SHORT,0.00,closed
1055,3,2,COIN,-1.00,-1.00,2025-02-17 22:08:32.490230,2025-02-17 22:08:32.490230,,-1.00,,2025-02-17 22:08:32.490230,10000.00,LONG,0.00,closed
1056,2,1,COIN,-1.00,-1.00,2025-02-17 22:08:32.490230,2025-02-17 22:08:32.490230,,-1.00,,2025-02-17 22:08:32.490230,10000.00,SHORT,0.00,closed
1057,1,1,COIN,-1.00,-1.00,2025-02-17 22:08:32.490230,2025-02-17 22:08:32.490230,,-1.00,,2025-02-17 22:08:32.490230,10000.00,LONG,0.00,closed
1058,6,1,TSLA,-1.00,-1.00,2025-02-17 22:08:32.494231,2025-02-17 22:08:32.494231,,-1.00,,2025-02-17 22:08:32.494231,10000.00,SHORT,0.00,closed
1059,4,2,COIN,-1.00,-1.00,2025-02-17 22:08:32.490230,2025-02-17 22:08:32.490230,,-1.00,,2025-02-17 22:08:32.490230,10000.00,SHORT,0.00,closed
1060,3,2,COIN,-1.00,-1.00,2025-02-17 22:08:32.490230,2025-02-17 22:08:32.490230,,-1.00,,2025-02-17 22:08:32.490230,10000.00,LONG,0.00,closed
1061,2,1,COIN,-1.00,-1.00,2025-02-17 22:08:32.490230,2025-02-17 22:08:32.490230,,-1.00,,2025-02-17 22:08:32.490230,10000.00,SHORT,0.00,closed
1062,1,1,COIN,-1.00,-1.00,2025-02-17 22:08:32.490230,2025-02-17 22:08:32.490230,,-1.00,,2025-02-17 22:08:32.490230,10000.00,LONG,0.00,closed
1063,6,1,TSLA,-1.00,-1.00,2025-02-17 22:08:32.494231,2025-02-17 22:08:32.494231,,-1.00,,2025-02-17 22:08:32.494231,10000.00,SHORT,0.00,closed
1064,4,2,COIN,-1.00,-1.00,2025-02-17 22:08:32.490230,2025-02-17 22:08:32.490230,,-1.00,,2025-02-17 22:08:32.490230,10000.00,SHORT,0.00,closed
1065,3,2,COIN,-1.00,-1.00,2025-02-17 22:08:32.490230,2025-02-17 22:08:32.490230,,-1.00,,2025-02-17 22:08:32.490230,10000.00,LONG,0.00,closed
1066,2,1,COIN,-1.00,-1.00,2025-02-17 22:08:32.490230,2025-02-17 22:08:32.490230,,-1.00,,2025-02-17 22:08:32.490230,10000.00,SHORT,0.00,closed
1067,1,1,COIN,-1.00,-1.00,2025-02-17 22:08:32.490230,2025-02-17 22:08:32.490230,,-1.00,,2025-02-17 22:08:32.490230,10000.00,LONG,0.00,closed
1068,6,1,TSLA,-1.00,-1.00,2025-02-17 22:08:32.494231,2025-02-17 22:08:32.494231,,-1.00,,2025-02-17 22:08:32.494231,10000.00,SHORT,0.00,closed
1069,4,2,COIN,-1.00,-1.00,2025-02-17 22:08:32.490230,2025-02-17 22:08:32.490230,,-1.00,,2025-02-17 22:08:32.490230,10000.00,SHORT,0.00,closed
1070,3,2,COIN,-1.00,-1.00,2025-02-17 22:08:32.490230,2025-02-17 22:08:32.490230,,-1.00,,2025-02-17 22:08:32.490230,10000.00,LONG,0.00,closed
1071,2,1,COIN,-1.00,-1.00,2025-02-17 22:08:32.490230,2025-02-17 22:08:32.490230,,-1.00,,2025-02-17 22:08:32.490230,10000.00,SHORT,0.00,closed
1072,1,1,COIN,-1.00,-1.00,2025-02-17 22:08:32.490230,2025-02-17 22:08:32.490230,,-1.00,,2025-02-17 22:08:32.490230,10000.00,LONG,0.00,closed
1073,6,1,TSLA,-1.00,-1.00,2025-02-17 22:08:32.494231,2025-02-17 22:08:32.494231,,-1.00,,2025-02-17 22:08:32.494231,10000.00,SHORT,0.00,closed
1074,4,2,COIN,-1.00,-1.00,2025-02-17 22:08:32.490230,2025-02-17 22:08:32.490230,,-1.00,,2025-02-17 22:08:32.490230,10000.00,SHORT,0.00,closed
1075,3,2,COIN,-1.00,-1.00,2025-02-17 22:08:32.490230,2025-02-17 22:08:32.490230,,-1.00,,2025-02-17 22:08:32.490230,10000.00,LONG,0.00,closed
1076,2,1,COIN,-1.00,-1.00,2025-02-17 22:08:32.490230,2025-02-17 22:08:32.490230,,-1.00,,2025-02-17 22:08:32.490230,10000.00,SHORT,0.00,closed
1077,1,1,COIN,-1.00,-1.00,2025-02-17 22:08:32.490230,2025-02-17 22:08:32.490230,,-1.00,,2025-02-17 22:08:32.490230,10000.00,LONG,0.00,closed
1078,6,1,TSLA,-1.00,-1.00,2025-02-17 22:08:32.494231,2025-02-17 22:08:32.494231,,-1.00,,2025-02-17 22:08:32.494231,10000.00,SHORT,0.00,closed
1079,4,2,COIN,-1.00,-1.00,2025-02-17 22:08:32.490230,2025-02-17 22:08:32.490230,,-1.00,,2025-02-17 22:08:32.490230,10000.00,SHORT,0.00,closed
1080,3,2,COIN,-1.00,-1.00,2025-02-17 22:08:32.490230,2025-02-17 22:08:32.490230,,-1.00,,2025-02-17 22:08:32.490230,10000.00,LONG,0.00,closed
1081,2,1,COIN,-1.00,-1.00,2025-02-17 22:08:32.490230,2025-02-17 22:08:32.490230,,-1.00,,2025-02-17 22:08:32.490230,10000.00,SHORT,0.00,closed
1082,1,1,COIN,-1.00,-1.00,2025-02-17 22:08:32.490230,2025-02-17 22:08:32.490230,,-1.00,,2025-02-17 22:08:32.490230,10000.00,LONG,0.00,closed
1083,6,1,TSLA,-1.00,-1.00,2025-02-17 22:08:32.494231,2025-02-17 22:08:32.494231,,-1.00,,2025-02-17 22:08:32.494231,10000.00,SHORT,0.00,closed
1084,4,2,COIN,-1.00,-1.00,2025-02-17 22:08:32.490230,2025-02-17 22:08:32.490230,,-1.00,,2025-02-17 22:08:32.490230,10000.00,SHORT,0.00,closed
1085,3,2,COIN,-1.00,-1.00,2025-02-17 22:08:32.490230,2025-02-17 22:08:32.490230,,-1.00,,2025-02-17 22:08:32.490230,10000.00,LONG,0.00,closed
1086,2,1,COIN,-1.00,-1.00,2025-02-17 22:08:32.490230,2025-02-17 22:08:32.490230,,-1.00,,2025-02-17 22:08:32.490230,10000.00,SHORT,0.00,closed
1087,1,1,COIN,-1.00,-1.00,2025-02-17 22:08:32.490230,2025-02-17 22:08:32.490230,,-1.00,,2025-02-17 22:08:32.490230,10000.00,LONG,0.00,closed
1088,6,1,TSLA,-1.00,-1.00,2025-02-17 22:08:32.494231,2025-02-17 22:08:32.494231,,-1.00,,2025-02-17 22:08:32.494231,10000.00,SHORT,0.00,closed
1089,4,2,COIN,-1.00,-1.00,2025-02-17 22:08:32.490230,2025-02-17 22:08:32.490230,,-1.00,,2025-02-17 22:08:32.490230,10000.00,SHORT,0.00,closed
1090,3,2,COIN,-1.00,-1.00,2025-02-17 22:08:32.490230,2025-02-17 22:08:32.490230,,-1.00,,2025-02-17 22:08:32.490230,10000.00,LONG,0.00,closed
1091,2,1,COIN,-1.00,-1.00,2025-02-17 22:08:32.490230,2025-02-17 22:08:32.490230,,-1.00,,2025-02-17 22:08:32.490230,10000.00,SHORT,0.00,closed
1092,1,1,COIN,-1.00,-1.00,2025-02-17 22:08:32.490230,2025-02-17 22:08:32.490230,,-1.00,,2025-02-17 22:08:32.490230,10000.00,LONG,0.00,closed
1093,6,1,TSLA,-1.00,-1.00,2025-02-17 22:08:32.494231,2025-02-17 22:08:32.494231,,-1.00,,2025-02-17 22:08:32.494231,10000.00,SHORT,0.00,closed
1094,4,2,COIN,-1.00,-1.00,2025-02-17 22:08:32.490230,2025-02-17 22:08:32.490230,,-1.00,,2025-02-17 22:08:32.490230,10000.00,SHORT,0.00,closed
1095,3,2,COIN,-1.00,-1.00,2025-02-17 22:08:32.490230,2025-02-17 22:08:32.490230,,-1.00,,2025-02-17 22:08:32.490230,10000.00,LONG,0.00,closed
1096,2,1,COIN,-1.00,-1.00,2025-02-17 22:08:32.490230,2025-02-17 22:08:32.490230,,-1.00,,2025-02-17 22:08:32.490230,10000.00,SHORT,0.00,closed
1097,1,1,COIN,-1.00,-1.00,2025-02-17 22:08:32.490230,2025-02-17 22:08:32.490230,,-1.00,,2025-02-17 22:08:32.490230,10000.00,LONG,0.00,closed
1098,6,1,TSLA,-1.00,-1.00,2025-02-17 22:08:32.494231,2025-02-17 22:08:32.494231,,-1.00,,2025-02-17 22:08:32.494231,10000.00,SHORT,0.00,closed
1099,4,2,COIN,-1.00,-1.00,2025-02-17 22:08:32.490230,2025-02-17 22:08:32.490230,,-1.00,,2025-02-17 22:08:32.490230,10000.00,SHORT,0.00,closed
1100,3,2,COIN,-1.00,-1.00,2025-02-17 22:08:32.490230,2025-02-17 22:08:32.490230,,-1.00,,2025-02-17 22:08:32.490230,10000.00,LONG,0.00,closed
1101,2,1,COIN,-1.00,-1.00,2025-02-17 22:08:32.490230,2025-02-17 22:08:32.490230,,-1.00,,2025-02-17 22:08:32.490230,10000.00,SHORT,0.00,closed
1102,1,1,COIN,-1.00,-1.00,2025-02-17 22:08:32.490230,2025-02-17 22:08:32.490230,,-1.00,,2025-02-17 22:08:32.490230,10000.00,LONG,0.00,closed
1103,6,1,TSLA,-1.00,-1.00,2025-02-17 22:08:32.494231,2025-02-17 22:08:32.494231,,-1.00,,2025-02-17 22:08:32.494231,10000.00,SHORT,0.00,closed
1104,4,2,COIN,-1.00,-1.00,2025-02-17 22:08:32.490230,2025-02-17 22:08:32.490230,,-1.00,,2025-02-17 22:08:32.490230,10000.00,SHORT,0.00,closed
1105,3,2,COIN,-1.00,-1.00,2025-02-17 22:08:32.490230,2025-02-17 22:08:32.490230,,-1.00,,2025-02-17 22:08:32.490230,10000.00,LONG,0.00,closed
1106,2,1,COIN,-1.00,-1.00,2025-02-17 22:08:32.490230,2025-02-17 22:08:32.490230,,-1.00,,2025-02-17 22:08:32.490230,10000.00,SHORT,0.00,closed
1107,1,1,COIN,-1.00,-1.00,2025-02-17 22:08:32.490230,2025-02-17 22:08:32.490230,,-1.00,,2025-02-17 22:08:32.490230,10000.00,LONG,0.00,closed
1108,6,1,TSLA,-1.00,-1.00,2025-02-17 22:08:32.494231,2025-02-17 22:08:32.494231,,-1.00,,2025-02-17 22:08:32.494231,10000.00,SHORT,0.00,closed
1109,4,2,COIN,-1.00,-1.00,2025-02-17 22:08:32.490230,2025-02-17 22:08:32.490230,,-1.00,,2025-02-17 22:08:32.490230,10000.00,SHORT,0.00,closed
1110,3,2,COIN,-1.00,-1.00,2025-02-17 22:08:32.490230,2025-02-17 22:08:32.490230,,-1.00,,2025-02-17 22:08:32.490230,10000.00,LONG,0.00,closed
1111,2,1,COIN,-1.00,-1.00,2025-02-17 22:08:32.490230,2025-02-17 22:08:32.490230,,-1.00,,2025-02-17 22:08:32.490230,10000.00,SHORT,0.00,closed
1112,1,1,COIN,-1.00,-1.00,2025-02-17 22:08:32.490230,2025-02-17 22:08:32.490230,,-1.00,,2025-02-17 22:08:32.490230,10000.00,LONG,0.00,closed
1113,6,1,TSLA,-1.00,-1.00,2025-02-17 22:08:32.494231,2025-02-17 22:08:32.494231,,-1.00,,2025-02-17 22:08:32.494231,10000.00,SHORT,0.00,closed
1114,4,2,COIN,-1.00,-1.00,2025-02-17 22:08:32.490230,2025-02-17 22:08:32.490230,,-1.00,,2025-02-17 22:08:32.490230,10000.00,SHORT,0.00,closed
1115,3,2,COIN,-1.00,-1.00,2025-02-17 22:08:32.490230,2025-02-17 22:08:32.490230,,-1.00,,2025-02-17 22:08:32.490230,10000.00,LONG,0.00,closed
1116,2,1,COIN,-1.00,-1.00,2025-02-17 22:08:32.490230,2025-02-17 22:08:32.490230,,-1.00,,2025-02-17 22:08:32.490230,10000.00,SHORT,0.00,closed
1117,1,1,COIN,-1.00,-1.00,2025-02-17 22:08:32.490230,2025-02-17 22:08:32.490230,,-1.00,,2025-02-17 22:08:32.490230,10000.00,LONG,0.00,closed
1118,6,1,TSLA,-1.00,-1.00,2025-02-17 22:08:32.494231,2025-02-17 22:08:32.494231,,-1.00,,2025-02-17 22:08:32.494231,10000.00,SHORT,0.00,closed
1119,4,2,COIN,-1.00,-1.00,2025-02-17 22:08:32.490230,2025-02-17 22:08:32.490230,,-1.00,,2025-02-17 22:08:32.490230,10000.00,SHORT,0.00,closed
1120,3,2,COIN,-1.00,-1.00,2025-02-17 22:08:32.490230,2025-02-17 22:08:32.490230,,-1.00,,2025-02-17 22:08:32.490230,10000.00,LONG,0.00,closed
1121,2,1,COIN,-1.00,-1.00,2025-02-17 22:08:32.490230,2025-02-17 22:08:32.490230,,-1.00,,2025-02-17 22:08:32.490230,10000.00,SHORT,0.00,closed
1122,1,1,COIN,-1.00,-1.00,2025-02-17 22:08:32.490230,2025-02-17 22:08:32.490230,,-1.00,,2025-02-17 22:08:32.490230,10000.00,LONG,0.00,closed
1123,6,1,TSLA,-1.00,-1.00,2025-02-17 22:08:32.494231,2025-02-17 22:08:32.494231,,-1.00,,2025-02-17 22:08:32.494231,10000.00,SHORT,0.00,closed
1124,4,2,COIN,-1.00,-1.00,2025-02-17 22:08:32.490230,2025-02-17 22:08:32.490230,,-1.00,,2025-02-17 22:08:32.490230,10000.00,SHORT,0.00,closed
1125,3,2,COIN,-1.00,-1.00,2025-02-17 22:08:32.490230,2025-02-17 22:08:32.490230,,-1.00,,2025-02-17 22:08:32.490230,10000.00,LONG,0.00,closed
1126,2,1,COIN,-1.00,-1.00,2025-02-17 22:08:32.490230,2025-02-17 22:08:32.490230,,-1.00,,2025-02-17 22:08:32.490230,10000.00,SHORT,0.00,closed
1127,1,1,COIN,-1.00,-1.00,2025-02-17 22:08:32.490230,2025-02-17 22:08:32.490230,,-1.00,,2025-02-17 22:08:32.490230,10000.00,LONG,0.00,closed
1128,6,1,TSLA,-1.00,-1.00,2025-02-17 22:08:32.494231,2025-02-17 22:08:32.494231,,-1.00,,2025-02-17 22:08:32.494231,10000.00,SHORT,0.00,closed
1129,4,2,COIN,-1.00,-1.00,2025-02-17 22:08:32.490230,2025-02-17 22:08:32.490230,,-1.00,,2025-02-17 22:08:32.490230,10000.00,SHORT,0.00,closed
1130,3,2,COIN,-1.00,-1.00,2025-02-17 22:08:32.490230,2025-02-17 22:08:32.490230,,-1.00,,2025-02-17 22:08:32.490230,10000.00,LONG,0.00,closed
1131,2,1,COIN,-1.00,-1.00,2025-02-17 22:08:32.490230,2025-02-17 22:08:32.490230,,-1.00,,2025-02-17 22:08:32.490230,10000.00,SHORT,0.00,closed
1132,1,1,COIN,-1.00,-1.00,2025-02-17 22:08:32.490230,2025-02-17 22:08:32.490230,,-1.00,,2025-02-17 22:08:32.490230,10000.00,LONG,0.00,closed
1133,6,1,TSLA,-1.00,-1.00,2025-02-17 22:08:32.494231,2025-02-17 22:08:32.494231,,-1.00,,2025-02-17 22:08:32.494231,10000.00,SHORT,0.00,closed
1134,4,2,COIN,-1.00,-1.00,2025-02-17 22:08:32.490230,2025-02-17 22:08:32.490230,,-1.00,,2025-02-17 22:08:32.490230,10000.00,SHORT,0.00,closed
1135,3,2,COIN,-1.00,-1.00,2025-02-17 22:08:32.490230,2025-02-17 22:08:32.490230,,-1.00,,2025-02-17 22:08:32.490230,10000.00,LONG,0.00,closed
1136,2,1,COIN,-1.00,-1.00,2025-02-17 22:08:32.490230,2025-02-17 22:08:32.490230,,-1.00,,2025-02-17 22:08:32.490230,10000.00,SHORT,0.00,closed
1137,1,1,COIN,-1.00,-1.00,2025-02-17 22:08:32.490230,2025-02-17 22:08:32.490230,,-1.00,,2025-02-17 22:08:32.490230,10000.00,LONG,0.00,closed
1138,6,1,TSLA,-1.00,-1.00,2025-02-17 22:08:32.494231,2025-02-17 22:08:32.494231,,-1.00,,2025-02-17 22:08:32.494231,10000.00,SHORT,0.00,closed
1139,4,2,COIN,-1.00,-1.00,2025-02-17 22:08:32.490230,2025-02-17 22:08:32.490230,,-1.00,,2025-02-17 22:08:32.490230,10000.00,SHORT,0.00,closed
1140,3,2,COIN,-1.00,-1.00,2025-02-17 22:08:32.490230,2025-02-17 22:08:32.490230,,-1.00,,2025-02-17 22:08:32.490230,10000.00,LONG,0.00,closed
1141,2,1,COIN,-1.00,-1.00,2025-02-17 22:08:32.490230,2025-02-17 22:08:32.490230,,-1.00,,2025-02-17 22:08:32.490230,10000.00,SHORT,0.00,closed
1142,1,1,COIN,-1.00,-1.00,2025-02-17 22:08:32.490230,2025-02-17 22:08:32.490230,,-1.00,,2025-02-17 22:08:32.490230,10000.00,LONG,0.00,closed
1143,6,1,TSLA,-1.00,-1.00,2025-02-17 22:08:32.494231,2025-02-17 22:08:32.494231,,-1.00,,2025-02-17 22:08:32.494231,10000.00,SHORT,0.00,closed
1144,4,2,COIN,-1.00,-1.00,2025-02-17 22:08:32.490230,2025-02-17 22:08:32.490230,,-1.00,,2025-02-17 22:08:32.490230,10000.00,SHORT,0.00,closed
1145,3,2,COIN,-1.00,-1.00,2025-02-17 22:08:32.490230,2025-02-17 22:08:32.490230,,-1.00,,2025-02-17 22:08:32.490230,10000.00,LONG,0.00,closed
1146,2,1,COIN,-1.00,-1.00,2025-02-17 22:08:32.490230,2025-02-17 22:08:32.490230,,-1.00,,2025-02-17 22:08:32.490230,10000.00,SHORT,0.00,closed
1147,1,1,COIN,-1.00,-1.00,2025-02-17 22:08:32.490230,2025-02-17 22:08:32.490230,,-1.00,,2025-02-17 22:08:32.490230,10000.00,LONG,0.00,closed
1148,6,1,TSLA,-1.00,-1.00,2025-02-17 22:08:32.494231,2025-02-17 22:08:32.494231,,-1.00,,2025-02-17 22:08:32.494231,10000.00,SHORT,0.00,closed
1149,4,2,COIN,-1.00,-1.00,2025-02-17 22:08:32.490230,2025-02-17 22:08:32.490230,,-1.00,,2025-02-17 22:08:32.490230,10000.00,SHORT,0.00,closed
1150,3,2,COIN,-1.00,-1.00,2025-02-17 22:08:32.490230,2025-02-17 22:08:32.490230,,-1.00,,2025-02-17 22:08:32.490230,10000.00,LONG,0.00,closed
1151,2,1,COIN,-1.00,-1.00,2025-02-17 22:08:32.490230,2025-02-17 22:08:32.490230,,-1.00,,2025-02-17 22:08:32.490230,10000.00,SHORT,0.00,closed
1152,1,1,COIN,-1.00,-1.00,2025-02-17 22:08:32.490230,2025-02-17 22:08:32.490230,,-1.00,,2025-02-17 22:08:32.490230,10000.00,LONG,0.00,closed
1153,6,1,TSLA,-1.00,-1.00,2025-02-17 22:08:32.494231,2025-02-17 22:08:32.494231,,-1.00,,2025-02-17 22:08:32.494231,10000.00,SHORT,0.00,closed
1154,4,2,COIN,-1.00,-1.00,2025-02-17 22:08:32.490230,2025-02-17 22:08:32.490230,,-1.00,,2025-02-17 22:08:32.490230,10000.00,SHORT,0.00,closed
1155,3,2,COIN,-1.00,-1.00,2025-02-17 22:08:32.490230,2025-02-17 22:08:32.490230,,-1.00,,2025-02-17 22:08:32.490230,10000.00,LONG,0.00,closed
1156,2,1,COIN,-1.00,-1.00,2025-02-17 22:08:32.490230,2025-02-17 22:08:32.490230,,-1.00,,2025-02-17 22:08:32.490230,10000.00,SHORT,0.00,closed
1157,1,1,COIN,-1.00,-1.00,2025-02-17 22:08:32.490230,2025-02-17 22:08:32.490230,,-1.00,,2025-02-17 22:08:32.490230,10000.00,LONG,0.00,closed
1158,6,1,TSLA,-1.00,-1.00,2025-02-17 22:08:32.494231,2025-02-17 22:08:32.494231,,-1.00,,2025-02-17 22:08:32.494231,10000.00,SHORT,0.00,closed
1159,4,2,COIN,-1.00,-1.00,2025-02-17 22:08:32.490230,2025-02-17 22:08:32.490230,,-1.00,,2025-02-17 22:08:32.490230,10000.00,SHORT,0.00,closed
1160,3,2,COIN,-1.00,-1.00,2025-02-17 22:08:32.490230,2025-02-17 22:08:32.490230,,-1.00,,2025-02-17 22:08:32.490230,10000.00,LONG,0.00,closed
1161,2,1,COIN,-1.00,-1.00,2025-02-17 22:08:32.490230,2025-02-17 22:08:32.490230,,-1.00,,2025-02-17 22:08:32.490230,10000.00,SHORT,0.00,closed
1162,1,1,COIN,-1.00,-1.00,2025-02-17 22:08:32.490230,2025-02-17 22:08:32.490230,,-1.00,,2025-02-17 22:08:32.490230,10000.00,LONG,0.00,closed
1163,6,1,TSLA,-1.00,-1.00,2025-02-17 22:08:32.494231,2025-02-17 22:08:32.494231,,-1.00,,2025-02-17 22:08:32.494231,10000.00,SHORT,0.00,closed
1164,4,2,COIN,-1.00,-1.00,2025-02-17 22:08:32.490230,2025-02-17 22:08:32.490230,,-1.00,,2025-02-17 22:08:32.490230,10000.00,SHORT,0.00,closed
1165,3,2,COIN,-1.00,-1.00,2025-02-17 22:08:32.490230,2025-02-17 22:08:32.490230,,-1.00,,2025-02-17 22:08:32.490230,10000.00,LONG,0.00,closed
1166,2,1,COIN,-1.00,-1.00,2025-02-17 22:08:32.490230,2025-02-17 22:08:32.490230,,-1.00,,2025-02-17 22:08:32.490230,10000.00,SHORT,0.00,closed
1167,1,1,COIN,-1.00,-1.00,2025-02-17 22:08:32.490230,2025-02-17 22:08:32.490230,,-1.00,,2025-02-17 22:08:32.490230,10000.00,LONG,0.00,closed
1168,6,1,TSLA,-1.00,-1.00,2025-02-17 22:08:32.494231,2025-02-17 22:08:32.494231,,-1.00,,2025-02-17 22:08:32.494231,10000.00,SHORT,0.00,closed
1169,4,2,COIN,-1.00,-1.00,2025-02-17 22:08:32.490230,2025-02-17 22:08:32.490230,,-1.00,,2025-02-17 22:08:32.490230,10000.00,SHORT,0.00,closed
1170,3,2,COIN,-1.00,-1.00,2025-02-17 22:08:32.490230,2025-02-17 22:08:32.490230,,-1.00,,2025-02-17 22:08:32.490230,10000.00,LONG,0.00,closed
1171,2,1,COIN,-1.00,-1.00,2025-02-17 22:08:32.490230,2025-02-17 22:08:32.490230,,-1.00,,2025-02-17 22:08:32.490230,10000.00,SHORT,0.00,closed
1172,1,1,COIN,-1.00,-1.00,2025-02-17 22:08:32.490230,2025-02-17 22:08:32.490230,,-1.00,,2025-02-17 22:08:32.490230,10000.00,LONG,0.00,closed
1173,6,1,TSLA,-1.00,-1.00,2025-02-17 22:08:32.494231,2025-02-17 22:08:32.494231,,-1.00,,2025-02-17 22:08:32.494231,10000.00,SHORT,0.00,closed
1174,4,2,COIN,-1.00,-1.00,2025-02-17 22:08:32.490230,2025-02-17 22:08:32.490230,,-1.00,,2025-02-17 22:08:32.490230,10000.00,SHORT,0.00,closed
1175,3,2,COIN,-1.00,-1.00,2025-02-17 22:08:32.490230,2025-02-17 22:08:32.490230,,-1.00,,2025-02-17 22:08:32.490230,10000.00,LONG,0.00,closed
1176,2,1,COIN,-1.00,-1.00,2025-02-17 22:08:32.490230,2025-02-17 22:08:32.490230,,-1.00,,2025-02-17 22:08:32.490230,10000.00,SHORT,0.00,closed
1177,1,1,COIN,-1.00,-1.00,2025-02-17 22:08:32.490230,2025-02-17 22:08:32.490230,,-1.00,,2025-02-17 22:08:32.490230,10000.00,LONG,0.00,closed
1178,6,1,TSLA,-1.00,-1.00,2025-02-17 22:08:32.494231,2025-02-17 22:08:32.494231,,-1.00,,2025-02-17 22:08:32.494231,10000.00,SHORT,0.00,closed
1179,4,2,COIN,-1.00,-1.00,2025-02-17 22:08:32.490230,2025-02-17 22:08:32.490230,,-1.00,,2025-02-17 22:08:32.490230,10000.00,SHORT,0.00,closed
1180,3,2,COIN,-1.00,-1.00,2025-02-17 22:08:32.490230,2025-02-17 22:08:32.490230,,-1.00,,2025-02-17 22:08:32.490230,10000.00,LONG,0.00,closed
1181,2,1,COIN,-1.00,-1.00,2025-02-17 22:08:32.490230,2025-02-17 22:08:32.490230,,-1.00,,2025-02-17 22:08:32.490230,10000.00,SHORT,0.00,closed
1182,1,1,COIN,-1.00,-1.00,2025-02-17 22:08:32.490230,2025-02-17 22:08:32.490230,,-1.00,,2025-02-17 22:08:32.490230,10000.00,LONG,0.00,closed
1183,6,1,TSLA,-1.00,-1.00,2025-02-17 22:08:32.494231,2025-02-17 22:08:32.494231,,-1.00,,2025-02-17 22:08:32.494231,10000.00,SHORT,0.00,closed
1184,4,2,COIN,-1.00,-1.00,2025-02-17 22:08:32.490230,2025-02-17 22:08:32.490230,,-1.00,,2025-02-17 22:08:32.490230,10000.00,SHORT,0.00,closed
1185,3,2,COIN,-1.00,-1.00,2025-02-17 22:08:32.490230,2025-02-17 22:08:32.490230,,-1.00,,2025-02-17 22:08:32.490230,10000.00,LONG,0.00,closed
1186,2,1,COIN,-1.00,-1.00,2025-02-17 22:08:32.490230,2025-02-17 22:08:32.490230,,-1.00,,2025-02-17 22:08:32.490230,10000.00,SHORT,0.00,closed
1187,1,1,COIN,-1.00,-1.00,2025-02-17 22:08:32.490230,2025-02-17 22:08:32.490230,,-1.00,,2025-02-17 22:08:32.490230,10000.00,LONG,0.00,closed
1188,6,1,TSLA,-1.00,-1.00,2025-02-17 22:08:32.494231,2025-02-17 22:08:32.494231,,-1.00,,2025-02-17 22:08:32.494231,10000.00,SHORT,0.00,closed
1189,4,2,COIN,-1.00,-1.00,2025-02-17 22:08:32.490230,2025-02-17 22:08:32.490230,,-1.00,,2025-02-17 22:08:32.490230,10000.00,SHORT,0.00,closed
1190,3,2,COIN,-1.00,-1.00,2025-02-17 22:08:32.490230,2025-02-17 22:08:32.490230,,-1.00,,2025-02-17 22:08:32.490230,10000.00,LONG,0.00,closed
1191,2,1,COIN,-1.00,-1.00,2025-02-17 22:08:32.490230,2025-02-17 22:08:32.490230,,-1.00,,2025-02-17 22:08:32.490230,10000.00,SHORT,0.00,closed
1192,1,1,COIN,-1.00,-1.00,2025-02-17 22:08:32.490230,2025-02-17 22:08:32.490230,,-1.00,,2025-02-17 22:08:32.490230,10000.00,LONG,0.00,closed
1193,6,1,TSLA,-1.00,-1.00,2025-02-17 22:08:32.494231,2025-02-17 22:08:32.494231,,-1.00,,2025-02-17 22:08:32.494231,10000.00,SHORT,0.00,closed
1194,4,2,COIN,-1.00,-1.00,2025-02-17 22:08:32.490230,2025-02-17 22:08:32.490230,,-1.00,,2025-02-17 22:08:32.490230,10000.00,SHORT,0.00,closed
1195,3,2,COIN,-1.00,-1.00,2025-02-17 22:08:32.490230,2025-02-17 22:08:32.490230,,-1.00,,2025-02-17 22:08:32.490230,10000.00,LONG,0.00,closed
1196,2,1,COIN,-1.00,-1.00,2025-02-17 22:08:32.490230,2025-02-17 22:08:32.490230,,-1.00,,2025-02-17 22:08:32.490230,10000.00,SHORT,0.00,closed
1197,1,1,COIN,-1.00,-1.00,2025-02-17 22:08:32.490230,2025-02-17 22:08:32.490230,,-1.00,,2025-02-17 22:08:32.490230,10000.00,LONG,0.00,closed
1198,6,1,TSLA,-1.00,-1.00,2025-02-17 22:08:32.494231,2025-02-17 22:08:32.494231,,-1.00,,2025-02-17 22:08:32.494231,10000.00,SHORT,0.00,closed
1199,4,2,COIN,-1.00,-1.00,2025-02-17 22:08:32.490230,2025-02-17 22:08:32.490230,,-1.00,,2025-02-17 22:08:32.490230,10000.00,SHORT,0.00,closed
1200,3,2,COIN,-1.00,-1.00,2025-02-17 22:08:32.490230,2025-02-17 22:08:32.490230,,-1.00,,2025-02-17 22:08:32.490230,10000.00,LONG,0.00,closed
1201,2,1,COIN,-1.00,-1.00,2025-02-17 22:08:32.490230,2025-02-17 22:08:32.490230,,-1.00,,2025-02-17 22:08:32.490230,10000.00,SHORT,0.00,closed
1202,1,1,COIN,-1.00,-1.00,2025-02-17 22:08:32.490230,2025-02-17 22:08:32.490230,,-1.00,,2025-02-17 22:08:32.490230,10000.00,LONG,0.00,closed
1203,6,1,TSLA,-1.00,-1.00,2025-02-17 22:08:32.494231,2025-02-17 22:08:32.494231,,-1.00,,2025-02-17 22:08:32.494231,10000.00,SHORT,0.00,closed
1204,4,2,COIN,-1.00,-1.00,2025-02-17 22:08:32.490230,2025-02-17 22:08:32.490230,,-1.00,,2025-02-17 22:08:32.490230,10000.00,SHORT,0.00,closed
1205,3,2,COIN,-1.00,-1.00,2025-02-17 22:08:32.490230,2025-02-17 22:08:32.490230,,-1.00,,2025-02-17 22:08:32.490230,10000.00,LONG,0.00,closed
1206,2,1,COIN,-1.00,-1.00,2025-02-17 22:08:32.490230,2025-02-17 22:08:32.490230,,-1.00,,2025-02-17 22:08:32.490230,10000.00,SHORT,0.00,closed
1207,1,1,COIN,-1.00,-1.00,2025-02-17 22:08:32.490230,2025-02-17 22:08:32.490230,,-1.00,,2025-02-17 22:08:32.490230,10000.00,LONG,0.00,closed
1208,6,1,TSLA,-1.00,-1.00,2025-02-17 22:08:32.494231,2025-02-17 22:08:32.494231,,-1.00,,2025-02-17 22:08:32.494231,10000.00,SHORT,0.00,closed
1209,4,2,COIN,-1.00,-1.00,2025-02-17 22:08:32.490230,2025-02-17 22:08:32.490230,,-1.00,,2025-02-17 22:08:32.490230,10000.00,SHORT,0.00,closed
1210,3,2,COIN,-1.00,-1.00,2025-02-17 22:08:32.490230,2025-02-17 22:08:32.490230,,-1.00,,2025-02-17 22:08:32.490230,10000.00,LONG,0.00,closed
1211,2,1,COIN,-1.00,-1.00,2025-02-17 22:08:32.490230,2025-02-17 22:08:32.490230,,-1.00,,2025-02-17 22:08:32.490230,10000.00,SHORT,0.00,closed
1212,1,1,COIN,-1.00,-1.00,2025-02-17 22:08:32.490230,2025-02-17 22:08:32.490230,,-1.00,,2025-02-17 22:08:32.490230,10000.00,LONG,0.00,closed
1213,6,1,TSLA,-1.00,-1.00,2025-02-17 22:08:32.494231,2025-02-17 22:08:32.494231,,-1.00,,2025-02-17 22:08:32.494231,10000.00,SHORT,0.00,closed
1214,4,2,COIN,-1.00,-1.00,2025-02-17 22:08:32.490230,2025-02-17 22:08:32.490230,,-1.00,,2025-02-17 22:08:32.490230,10000.00,SHORT,0.00,closed
1215,3,2,COIN,-1.00,-1.00,2025-02-17 22:08:32.490230,2025-02-17 22:08:32.490230,,-1.00,,2025-02-17 22:08:32.490230,10000.00,LONG,0.00,closed
1216,2,1,COIN,-1.00,-1.00,2025-02-17 22:08:32.490230,2025-02-17 22:08:32.490230,,-1.00,,2025-02-17 22:08:32.490230,10000.00,SHORT,0.00,closed
1217,1,1,COIN,-1.00,-1.00,2025-02-17 22:08:32.490230,2025-02-17 22:08:32.490230,,-1.00,,2025-02-17 22:08:32.490230,10000.00,LONG,0.00,closed
1218,6,1,TSLA,-1.00,-1.00,2025-02-17 22:08:32.494231,2025-02-17 22:08:32.494231,,-1.00,,2025-02-17 22:08:32.494231,10000.00,SHORT,0.00,closed
1219,4,2,COIN,-1.00,-1.00,2025-02-17 22:08:32.490230,2025-02-17 22:08:32.490230,,-1.00,,2025-02-17 22:08:32.490230,10000.00,SHORT,0.00,closed
1220,3,2,COIN,-1.00,-1.00,2025-02-17 22:08:32.490230,2025-02-17 22:08:32.490230,,-1.00,,2025-02-17 22:08:32.490230,10000.00,LONG,0.00,closed
1221,2,1,COIN,-1.00,-1.00,2025-02-17 22:08:32.490230,2025-02-17 22:08:32.490230,,-1.00,,2025-02-17 22:08:32.490230,10000.00,SHORT,0.00,closed
1222,1,1,COIN,-1.00,-1.00,2025-02-17 22:08:32.490230,2025-02-17 22:08:32.490230,,-1.00,,2025-02-17 22:08:32.490230,10000.00,LONG,0.00,closed
1223,6,1,TSLA,-1.00,-1.00,2025-02-17 22:08:32.494231,2025-02-17 22:08:32.494231,,-1.00,,2025-02-17 22:08:32.494231,10000.00,SHORT,0.00,closed
1224,4,2,COIN,-1.00,-1.00,2025-02-17 22:08:32.490230,2025-02-17 22:08:32.490230,,-1.00,,2025-02-17 22:08:32.490230,10000.00,SHORT,0.00,closed
1225,3,2,COIN,-1.00,-1.00,2025-02-17 22:08:32.490230,2025-02-17 22:08:32.490230,,-1.00,,2025-02-17 22:08:32.490230,10000.00,LONG,0.00,closed
1226,2,1,COIN,-1.00,-1.00,2025-02-17 22:08:32.490230,2025-02-17 22:08:32.490230,,-1.00,,2025-02-17 22:08:32.490230,10000.00,SHORT,0.00,closed
1227,1,1,COIN,-1.00,-1.00,2025-02-17 22:08:32.490230,2025-02-17 22:08:32.490230,,-1.00,,2025-02-17 22:08:32.490230,10000.00,LONG,0.00,closed
1228,6,1,TSLA,-1.00,-1.00,2025-02-17 22:08:32.494231,2025-02-17 22:08:32.494231,,-1.00,,2025-02-17 22:08:32.494231,10000.00,SHORT,0.00,closed
1229,4,2,COIN,-1.00,-1.00,2025-02-17 22:08:32.490230,2025-02-17 22:08:32.490230,,-1.00,,2025-02-17 22:08:32.490230,10000.00,SHORT,0.00,closed
1230,3,2,COIN,-1.00,-1.00,2025-02-17 22:08:32.490230,2025-02-17 22:08:32.490230,,-1.00,,2025-02-17 22:08:32.490230,10000.00,LONG,0.00,closed
1231,2,1,COIN,-1.00,-1.00,2025-02-17 22:08:32.490230,2025-02-17 22:08:32.490230,,-1.00,,2025-02-17 22:08:32.490230,10000.00,SHORT,0.00,closed
1232,1,1,COIN,-1.00,-1.00,2025-02-17 22:08:32.490230,2025-02-17 22:08:32.490230,,-1.00,,2025-02-17 22:08:32.490230,10000.00,LONG,0.00,closed
1233,6,1,TSLA,-1.00,-1.00,2025-02-17 22:08:32.494231,2025-02-17 22:08:32.494231,,-1.00,,2025-02-17 22:08:32.494231,10000.00,SHORT,0.00,closed
1234,4,2,COIN,-1.00,-1.00,2025-02-17 22:08:32.490230,2025-02-17 22:08:32.490230,,-1.00,,2025-02-17 22:08:32.490230,10000.00,SHORT,0.00,closed
1235,3,2,COIN,-1.00,-1.00,2025-02-17 22:08:32.490230,2025-02-17 22:08:32.490230,,-1.00,,2025-02-17 22:08:32.490230,10000.00,LONG,0.00,closed
1236,2,1,COIN,-1.00,-1.00,2025-02-17 22:08:32.490230,2025-02-17 22:08:32.490230,,-1.00,,2025-02-17 22:08:32.490230,10000.00,SHORT,0.00,closed
1237,1,1,COIN,-1.00,-1.00,2025-02-17 22:08:32.490230,2025-02-17 22:08:32.490230,,-1.00,,2025-02-17 22:08:32.490230,10000.00,LONG,0.00,closed
1238,6,1,TSLA,-1.00,-1.00,2025-02-17 22:08:32.494231,2025-02-17 22:08:32.494231,,-1.00,,2025-02-17 22:08:32.494231,10000.00,SHORT,0.00,closed
1239,4,2,COIN,-1.00,-1.00,2025-02-17 22:08:32.490230,2025-02-17 22:08:32.490230,,-1.00,,2025-02-17 22:08:32.490230,10000.00,SHORT,0.00,closed
1240,3,2,COIN,-1.00,-1.00,2025-02-17 22:08:32.490230,2025-02-17 22:08:32.490230,,-1.00,,2025-02-17 22:08:32.490230,10000.00,LONG,0.00,closed
1241,1,1,COIN,-1.00,-1.00,2025-02-17 22:08:32.490230,2025-02-17 22:08:32.490230,,-1.00,,2025-02-17 22:08:32.490230,10000.00,LONG,0.00,closed
1242,2,1,COIN,-1.00,-1.00,2025-02-17 22:08:32.490230,2025-02-17 22:08:32.490230,,-1.00,,2025-02-17 22:08:32.490230,10000.00,SHORT,0.00,closed
1243,6,1,TSLA,-1.00,-1.00,2025-02-17 22:08:32.494231,2025-02-17 22:08:32.494231,,-1.00,,2025-02-17 22:08:32.494231,10000.00,SHORT,0.00,closed
1244,4,2,COIN,-1.00,-1.00,2025-02-17 22:08:32.490230,2025-02-17 22:08:32.490230,,-1.00,,2025-02-17 22:08:32.490230,10000.00,SHORT,0.00,closed
1245,3,2,COIN,-1.00,-1.00,2025-02-17 22:08:32.490230,2025-02-17 22:08:32.490230,,-1.00,,2025-02-17 22:08:32.490230,10000.00,LONG,0.00,closed
1246,1,1,COIN,-1.00,-1.00,2025-02-17 22:08:32.490230,2025-02-17 22:08:32.490230,,-1.00,,2025-02-17 22:08:32.490230,10000.00,LONG,0.00,closed
1247,2,1,COIN,-1.00,-1.00,2025-02-17 22:08:32.490230,2025-02-17 22:08:32.490230,,-1.00,,2025-02-17 22:08:32.490230,10000.00,SHORT,0.00,closed
1248,6,1,TSLA,-1.00,-1.00,2025-02-17 22:08:32.494231,2025-02-17 22:08:32.494231,,-1.00,,2025-02-17 22:08:32.494231,10000.00,SHORT,0.00,closed
1249,4,2,COIN,-1.00,-1.00,2025-02-17 22:08:32.490230,2025-02-17 22:08:32.490230,,-1.00,,2025-02-17 22:08:32.490230,10000.00,SHORT,0.00,closed
1250,3,2,COIN,-1.00,-1.00,2025-02-17 22:08:32.490230,2025-02-17 22:08:32.490230,,-1.00,,2025-02-17 22:08:32.490230,10000.00,LONG,0.00,closed
1251,1,1,COIN,-1.00,-1.00,2025-02-17 22:08:32.490230,2025-02-17 22:08:32.490230,,-1.00,,2025-02-17 22:08:32.490230,10000.00,LONG,0.00,closed
1252,2,1,COIN,-1.00,-1.00,2025-02-17 22:08:32.490230,2025-02-17 22:08:32.490230,,-1.00,,2025-02-17 22:08:32.490230,10000.00,SHORT,0.00,closed
1253,6,1,TSLA,-1.00,-1.00,2025-02-17 22:08:32.494231,2025-02-17 22:08:32.494231,,-1.00,,2025-02-17 22:08:32.494231,10000.00,SHORT,0.00,closed
1254,4,2,COIN,-1.00,-1.00,2025-02-17 22:08:32.490230,2025-02-17 22:08:32.490230,,-1.00,,2025-02-17 22:08:32.490230,10000.00,SHORT,0.00,closed
1255,3,2,COIN,-1.00,-1.00,2025-02-17 22:08:32.490230,2025-02-17 22:08:32.490230,,-1.00,,2025-02-17 22:08:32.490230,10000.00,LONG,0.00,closed
1256,1,1,COIN,-1.00,-1.00,2025-02-17 22:08:32.490230,2025-02-17 22:08:32.490230,,-1.00,,2025-02-17 22:08:32.490230,10000.00,LONG,0.00,closed
1257,2,1,COIN,-1.00,-1.00,2025-02-17 22:08:32.490230,2025-02-17 22:08:32.490230,,-1.00,,2025-02-17 22:08:32.490230,10000.00,SHORT,0.00,closed
1258,6,1,TSLA,-1.00,-1.00,2025-02-17 22:08:32.494231,2025-02-17 22:08:32.494231,,-1.00,,2025-02-17 22:08:32.494231,10000.00,SHORT,0.00,closed
1259,4,2,COIN,-1.00,-1.00,2025-02-17 22:08:32.490230,2025-02-17 22:08:32.490230,,-1.00,,2025-02-17 22:08:32.490230,10000.00,SHORT,0.00,closed
1260,3,2,COIN,-1.00,-1.00,2025-02-17 22:08:32.490230,2025-02-17 22:08:32.490230,,-1.00,,2025-02-17 22:08:32.490230,10000.00,LONG,0.00,closed
1261,1,1,COIN,-1.00,-1.00,2025-02-17 22:08:32.490230,2025-02-17 22:08:32.490230,,-1.00,,2025-02-17 22:08:32.490230,10000.00,LONG,0.00,closed
1262,2,1,COIN,-1.00,-1.00,2025-02-17 22:08:32.490230,2025-02-17 22:08:32.490230,,-1.00,,2025-02-17 22:08:32.490230,10000.00,SHORT,0.00,closed
1263,6,1,TSLA,-1.00,-1.00,2025-02-17 22:08:32.494231,2025-02-17 22:08:32.494231,,-1.00,,2025-02-17 22:08:32.494231,10000.00,SHORT,0.00,closed
1264,4,2,COIN,-1.00,-1.00,2025-02-17 22:08:32.490230,2025-02-17 22:08:32.490230,,-1.00,,2025-02-17 22:08:32.490230,10000.00,SHORT,0.00,closed
1265,3,2,COIN,-1.00,-1.00,2025-02-17 22:08:32.490230,2025-02-17 22:08:32.490230,,-1.00,,2025-02-17 22:08:32.490230,10000.00,LONG,0.00,closed
1266,1,1,COIN,-1.00,-1.00,2025-02-17 22:08:32.490230,2025-02-17 22:08:32.490230,,-1.00,,2025-02-17 22:08:32.490230,10000.00,LONG,0.00,closed
1267,2,1,COIN,-1.00,-1.00,2025-02-17 22:08:32.490230,2025-02-17 22:08:32.490230,,-1.00,,2025-02-17 22:08:32.490230,10000.00,SHORT,0.00,closed
1268,6,1,TSLA,-1.00,-1.00,2025-02-17 22:08:32.494231,2025-02-17 22:08:32.494231,,-1.00,,2025-02-17 22:08:32.494231,10000.00,SHORT,0.00,closed
1269,4,2,COIN,-1.00,-1.00,2025-02-17 22:08:32.490230,2025-02-17 22:08:32.490230,,-1.00,,2025-02-17 22:08:32.490230,10000.00,SHORT,0.00,closed
1270,3,2,COIN,-1.00,-1.00,2025-02-17 22:08:32.490230,2025-02-17 22:08:32.490230,,-1.00,,2025-02-17 22:08:32.490230,10000.00,LONG,0.00,closed
1271,1,1,COIN,-1.00,-1.00,2025-02-17 22:08:32.490230,2025-02-17 22:08:32.490230,,-1.00,,2025-02-17 22:08:32.490230,10000.00,LONG,0.00,closed
1272,2,1,COIN,-1.00,-1.00,2025-02-17 22:08:32.490230,2025-02-17 22:08:32.490230,,-1.00,,2025-02-17 22:08:32.490230,10000.00,SHORT,0.00,closed
1273,6,1,TSLA,-1.00,-1.00,2025-02-17 22:08:32.494231,2025-02-17 22:08:32.494231,,-1.00,,2025-02-17 22:08:32.494231,10000.00,SHORT,0.00,closed
1274,4,2,COIN,-1.00,-1.00,2025-02-17 22:08:32.490230,2025-02-17 22:08:32.490230,,-1.00,,2025-02-17 22:08:32.490230,10000.00,SHORT,0.00,closed
1275,3,2,COIN,-1.00,-1.00,2025-02-17 22:08:32.490230,2025-02-17 22:08:32.490230,,-1.00,,2025-02-17 22:08:32.490230,10000.00,LONG,0.00,closed
1276,1,1,COIN,-1.00,-1.00,2025-02-17 22:08:32.490230,2025-02-17 22:08:32.490230,,-1.00,,2025-02-17 22:08:32.490230,10000.00,LONG,0.00,closed
1277,2,1,COIN,-1.00,-1.00,2025-02-17 22:08:32.490230,2025-02-17 22:08:32.490230,,-1.00,,2025-02-17 22:08:32.490230,10000.00,SHORT,0.00,closed
1278,6,1,TSLA,-1.00,-1.00,2025-02-17 22:08:32.494231,2025-02-17 22:08:32.494231,,-1.00,,2025-02-17 22:08:32.494231,10000.00,SHORT,0.00,closed
1279,4,2,COIN,-1.00,-1.00,2025-02-17 22:08:32.490230,2025-02-17 22:08:32.490230,,-1.00,,2025-02-17 22:08:32.490230,10000.00,SHORT,0.00,closed
1280,3,2,COIN,-1.00,-1.00,2025-02-17 22:08:32.490230,2025-02-17 22:08:32.490230,,-1.00,,2025-02-17 22:08:32.490230,10000.00,LONG,0.00,closed
1281,1,1,COIN,-1.00,-1.00,2025-02-17 22:08:32.490230,2025-02-17 22:08:32.490230,,-1.00,,2025-02-17 22:08:32.490230,10000.00,LONG,0.00,closed
1282,2,1,COIN,-1.00,-1.00,2025-02-17 22:08:32.490230,2025-02-17 22:08:32.490230,,-1.00,,2025-02-17 22:08:32.490230,10000.00,SHORT,0.00,closed
1283,6,1,TSLA,-1.00,-1.00,2025-02-17 22:08:32.494231,2025-02-17 22:08:32.494231,,-1.00,,2025-02-17 22:08:32.494231,10000.00,SHORT,0.00,closed
1284,4,2,COIN,-1.00,-1.00,2025-02-17 22:08:32.490230,2025-02-17 22:08:32.490230,,-1.00,,2025-02-17 22:08:32.490230,10000.00,SHORT,0.00,closed
1285,3,2,COIN,-1.00,-1.00,2025-02-17 22:08:32.490230,2025-02-17 22:08:32.490230,,-1.00,,2025-02-17 22:08:32.490230,10000.00,LONG,0.00,closed
1286,1,1,COIN,-1.00,-1.00,2025-02-17 22:08:32.490230,2025-02-17 22:08:32.490230,,-1.00,,2025-02-17 22:08:32.490230,10000.00,LONG,0.00,closed
1287,2,1,COIN,-1.00,-1.00,2025-02-17 22:08:32.490230,2025-02-17 22:08:32.490230,,-1.00,,2025-02-17 22:08:32.490230,10000.00,SHORT,0.00,closed
1288,6,1,TSLA,-1.00,-1.00,2025-02-17 22:08:32.494231,2025-02-17 22:08:32.494231,,-1.00,,2025-02-17 22:08:32.494231,10000.00,SHORT,0.00,closed
1289,4,2,COIN,-1.00,-1.00,2025-02-17 22:08:32.490230,2025-02-17 22:08:32.490230,,-1.00,,2025-02-17 22:08:32.490230,10000.00,SHORT,0.00,closed
1290,3,2,COIN,-1.00,-1.00,2025-02-17 22:08:32.490230,2025-02-17 22:08:32.490230,,-1.00,,2025-02-17 22:08:32.490230,10000.00,LONG,0.00,closed
1291,1,1,COIN,-1.00,-1.00,2025-02-17 22:08:32.490230,2025-02-17 22:08:32.490230,,-1.00,,2025-02-17 22:08:32.490230,10000.00,LONG,0.00,closed
1292,2,1,COIN,-1.00,-1.00,2025-02-17 22:08:32.490230,2025-02-17 22:08:32.490230,,-1.00,,2025-02-17 22:08:32.490230,10000.00,SHORT,0.00,closed
1293,6,1,TSLA,-1.00,-1.00,2025-02-17 22:08:32.494231,2025-02-17 22:08:32.494231,,-1.00,,2025-02-17 22:08:32.494231,10000.00,SHORT,0.00,closed
1294,4,2,COIN,-1.00,-1.00,2025-02-17 22:08:32.490230,2025-02-17 22:08:32.490230,,-1.00,,2025-02-17 22:08:32.490230,10000.00,SHORT,0.00,closed
1295,3,2,COIN,-1.00,-1.00,2025-02-17 22:08:32.490230,2025-02-17 22:08:32.490230,,-1.00,,2025-02-17 22:08:32.490230,10000.00,LONG,0.00,closed
1296,1,1,COIN,-1.00,-1.00,2025-02-17 22:08:32.490230,2025-02-17 22:08:32.490230,,-1.00,,2025-02-17 22:08:32.490230,10000.00,LONG,0.00,closed
1297,2,1,COIN,-1.00,-1.00,2025-02-17 22:08:32.490230,2025-02-17 22:08:32.490230,,-1.00,,2025-02-17 22:08:32.490230,10000.00,SHORT,0.00,closed
1298,6,1,TSLA,-1.00,-1.00,2025-02-17 22:08:32.494231,2025-02-17 22:08:32.494231,,-1.00,,2025-02-17 22:08:32.494231,10000.00,SHORT,0.00,closed
1299,4,2,COIN,-1.00,-1.00,2025-02-17 22:08:32.490230,2025-02-17 22:08:32.490230,,-1.00,,2025-02-17 22:08:32.490230,10000.00,SHORT,0.00,closed
1300,3,2,COIN,-1.00,-1.00,2025-02-17 22:08:32.490230,2025-02-17 22:08:32.490230,,-1.00,,2025-02-17 22:08:32.490230,10000.00,LONG,0.00,closed
1301,1,1,COIN,-1.00,-1.00,2025-02-17 22:08:32.490230,2025-02-17 22:08:32.490230,,-1.00,,2025-02-17 22:08:32.490230,10000.00,LONG,0.00,closed
1302,2,1,COIN,-1.00,-1.00,2025-02-17 22:08:32.490230,2025-02-17 22:08:32.490230,,-1.00,,2025-02-17 22:08:32.490230,10000.00,SHORT,0.00,closed
1303,6,1,TSLA,-1.00,355.94,2025-02-17 22:08:32.494231,2025-02-17 22:14:29.379389,,355.94,,2025-02-17 22:14:29.379389,10000.00,SHORT,-356.94,closed
1304,3,2,COIN,298.11,-1.00,2025-02-17 22:14:29.277386,2025-02-17 22:35:51.193721,,-1.00,,2025-02-17 22:35:51.193721,10000.00,LONG,-299.11,closed
1305,5,1,TSLA,355.94,-1.00,2025-02-17 22:14:29.379389,2025-02-17 22:35:51.311414,,-1.00,,2025-02-17 22:35:51.311414,10000.00,LONG,-3569400.00,closed
1306,7,2,TSLA,355.94,-1.00,2025-02-17 22:14:29.379389,2025-02-17 22:35:51.311414,,-1.00,,2025-02-17 22:35:51.311414,10000.00,LONG,-356.94,closed
1307,1,1,COIN,298.11,-1.00,2025-02-17 22:14:29.277386,2025-02-17 22:35:51.193721,,-1.00,,2025-02-17 22:35:51.193721,10000.00,LONG,-299.11,closed
1308,2,1,COIN,-1.00,-1.00,2025-02-17 22:35:51.193721,2025-02-17 22:35:51.193721,,-1.00,,2025-02-17 22:35:51.193721,10000.00,SHORT,0.00,closed
1309,4,2,COIN,-1.00,-1.00,2025-02-17 22:35:51.193721,2025-02-17 22:35:51.193721,,-1.00,,2025-02-17 22:35:51.193721,10000.00,SHORT,0.00,closed
1310,3,2,COIN,-1.00,-1.00,2025-02-17 22:35:51.193721,2025-02-17 22:35:51.193721,,-1.00,,2025-02-17 22:35:51.193721,10000.00,LONG,0.00,closed
1311,6,1,TSLA,-1.00,-1.00,2025-02-17 22:35:51.311414,2025-02-17 22:35:51.311414,,-1.00,,2025-02-17 22:35:51.311414,10000.00,SHORT,0.00,closed
1312,1,1,COIN,-1.00,-1.00,2025-02-17 22:35:51.193721,2025-02-17 22:35:51.193721,,-1.00,,2025-02-17 22:35:51.193721,10000.00,LONG,0.00,closed
1313,2,1,COIN,-1.00,-1.00,2025-02-17 22:35:51.193721,2025-02-17 22:35:51.193721,,-1.00,,2025-02-17 22:35:51.193721,10000.00,SHORT,0.00,closed
1314,4,2,COIN,-1.00,-1.00,2025-02-17 22:35:51.193721,2025-02-17 22:35:51.193721,,-1.00,,2025-02-17 22:35:51.193721,10000.00,SHORT,0.00,closed
1315,3,2,COIN,-1.00,-1.00,2025-02-17 22:35:51.193721,2025-02-17 22:35:51.193721,,-1.00,,2025-02-17 22:35:51.193721,10000.00,LONG,0.00,closed
1316,6,1,TSLA,-1.00,-1.00,2025-02-17 22:35:51.311414,2025-02-17 22:35:51.311414,,-1.00,,2025-02-17 22:35:51.311414,10000.00,SHORT,0.00,closed
1317,1,1,COIN,-1.00,-1.00,2025-02-17 22:35:51.193721,2025-02-17 22:35:51.193721,,-1.00,,2025-02-17 22:35:51.193721,10000.00,LONG,0.00,closed
1318,2,1,COIN,-1.00,-1.00,2025-02-17 22:35:51.193721,2025-02-17 22:35:51.193721,,-1.00,,2025-02-17 22:35:51.193721,10000.00,SHORT,0.00,closed
1319,4,2,COIN,-1.00,-1.00,2025-02-17 22:35:51.193721,2025-02-17 22:35:51.193721,,-1.00,,2025-02-17 22:35:51.193721,10000.00,SHORT,0.00,closed
1320,3,2,COIN,-1.00,-1.00,2025-02-17 22:35:51.193721,2025-02-17 22:35:51.193721,,-1.00,,2025-02-17 22:35:51.193721,10000.00,LONG,0.00,closed
1321,6,1,TSLA,-1.00,-1.00,2025-02-17 22:35:51.311414,2025-02-17 22:35:51.311414,,-1.00,,2025-02-17 22:35:51.311414,10000.00,SHORT,0.00,closed
1322,1,1,COIN,-1.00,-1.00,2025-02-17 22:35:51.193721,2025-02-17 22:35:51.193721,,-1.00,,2025-02-17 22:35:51.193721,10000.00,LONG,0.00,closed
1323,2,1,COIN,-1.00,-1.00,2025-02-17 22:35:51.193721,2025-02-17 22:35:51.193721,,-1.00,,2025-02-17 22:35:51.193721,10000.00,SHORT,0.00,closed
1324,4,2,COIN,-1.00,-1.00,2025-02-17 22:35:51.193721,2025-02-17 22:35:51.193721,,-1.00,,2025-02-17 22:35:51.193721,10000.00,SHORT,0.00,closed
1325,3,2,COIN,-1.00,-1.00,2025-02-17 22:35:51.193721,2025-02-17 22:35:51.193721,,-1.00,,2025-02-17 22:35:51.193721,10000.00,LONG,0.00,closed
1326,6,1,TSLA,-1.00,-1.00,2025-02-17 22:35:51.311414,2025-02-17 22:35:51.311414,,-1.00,,2025-02-17 22:35:51.311414,10000.00,SHORT,0.00,closed
1327,1,1,COIN,-1.00,-1.00,2025-02-17 22:35:51.193721,2025-02-17 22:35:51.193721,,-1.00,,2025-02-17 22:35:51.193721,10000.00,LONG,0.00,closed
1328,2,1,COIN,-1.00,-1.00,2025-02-17 22:35:51.193721,2025-02-17 22:35:51.193721,,-1.00,,2025-02-17 22:35:51.193721,10000.00,SHORT,0.00,closed
1329,4,2,COIN,-1.00,-1.00,2025-02-17 22:35:51.193721,2025-02-17 22:35:51.193721,,-1.00,,2025-02-17 22:35:51.193721,10000.00,SHORT,0.00,closed
1330,3,2,COIN,-1.00,-1.00,2025-02-17 22:35:51.193721,2025-02-17 22:35:51.193721,,-1.00,,2025-02-17 22:35:51.193721,10000.00,LONG,0.00,closed
1331,6,1,TSLA,-1.00,-1.00,2025-02-17 22:35:51.311414,2025-02-17 22:35:51.311414,,-1.00,,2025-02-17 22:35:51.311414,10000.00,SHORT,0.00,closed
1332,1,1,COIN,-1.00,-1.00,2025-02-17 22:35:51.193721,2025-02-17 22:35:51.193721,,-1.00,,2025-02-17 22:35:51.193721,10000.00,LONG,0.00,closed
1333,2,1,COIN,-1.00,-1.00,2025-02-17 22:35:51.193721,2025-02-17 22:35:51.193721,,-1.00,,2025-02-17 22:35:51.193721,10000.00,SHORT,0.00,closed
1334,4,2,COIN,-1.00,-1.00,2025-02-17 22:35:51.193721,2025-02-17 22:35:51.193721,,-1.00,,2025-02-17 22:35:51.193721,10000.00,SHORT,0.00,closed
1335,3,2,COIN,-1.00,-1.00,2025-02-17 22:35:51.193721,2025-02-17 22:35:51.193721,,-1.00,,2025-02-17 22:35:51.193721,10000.00,LONG,0.00,closed
1336,6,1,TSLA,-1.00,-1.00,2025-02-17 22:35:51.311414,2025-02-17 22:35:51.311414,,-1.00,,2025-02-17 22:35:51.311414,10000.00,SHORT,0.00,closed
1337,1,1,COIN,-1.00,-1.00,2025-02-17 22:35:51.193721,2025-02-17 22:35:51.193721,,-1.00,,2025-02-17 22:35:51.193721,10000.00,LONG,0.00,closed
1338,2,1,COIN,-1.00,-1.00,2025-02-17 22:35:51.193721,2025-02-17 22:35:51.193721,,-1.00,,2025-02-17 22:35:51.193721,10000.00,SHORT,0.00,closed
1339,4,2,COIN,-1.00,-1.00,2025-02-17 22:35:51.193721,2025-02-17 22:35:51.193721,,-1.00,,2025-02-17 22:35:51.193721,10000.00,SHORT,0.00,closed
1340,3,2,COIN,-1.00,-1.00,2025-02-17 22:35:51.193721,2025-02-17 22:35:51.193721,,-1.00,,2025-02-17 22:35:51.193721,10000.00,LONG,0.00,closed
1341,6,1,TSLA,-1.00,-1.00,2025-02-17 22:35:51.311414,2025-02-17 22:35:51.311414,,-1.00,,2025-02-17 22:35:51.311414,10000.00,SHORT,0.00,closed
1342,1,1,COIN,-1.00,-1.00,2025-02-17 22:35:51.193721,2025-02-17 22:35:51.193721,,-1.00,,2025-02-17 22:35:51.193721,10000.00,LONG,0.00,closed
1343,2,1,COIN,-1.00,-1.00,2025-02-17 22:35:51.193721,2025-02-17 22:35:51.193721,,-1.00,,2025-02-17 22:35:51.193721,10000.00,SHORT,0.00,closed
1344,4,2,COIN,-1.00,-1.00,2025-02-17 22:35:51.193721,2025-02-17 22:35:51.193721,,-1.00,,2025-02-17 22:35:51.193721,10000.00,SHORT,0.00,closed
1345,3,2,COIN,-1.00,-1.00,2025-02-17 22:35:51.193721,2025-02-17 22:35:51.193721,,-1.00,,2025-02-17 22:35:51.193721,10000.00,LONG,0.00,closed
1346,6,1,TSLA,-1.00,-1.00,2025-02-17 22:35:51.311414,2025-02-17 22:35:51.311414,,-1.00,,2025-02-17 22:35:51.311414,10000.00,SHORT,0.00,closed
1347,1,1,COIN,-1.00,-1.00,2025-02-17 22:35:51.193721,2025-02-17 22:35:51.193721,,-1.00,,2025-02-17 22:35:51.193721,10000.00,LONG,0.00,closed
1348,2,1,COIN,-1.00,-1.00,2025-02-17 22:35:51.193721,2025-02-17 22:35:51.193721,,-1.00,,2025-02-17 22:35:51.193721,10000.00,SHORT,0.00,closed
1349,4,2,COIN,-1.00,-1.00,2025-02-17 22:35:51.193721,2025-02-17 22:35:51.193721,,-1.00,,2025-02-17 22:35:51.193721,10000.00,SHORT,0.00,closed
1350,3,2,COIN,-1.00,-1.00,2025-02-17 22:35:51.193721,2025-02-17 22:35:51.193721,,-1.00,,2025-02-17 22:35:51.193721,10000.00,LONG,0.00,closed
1351,6,1,TSLA,-1.00,-1.00,2025-02-17 22:35:51.311414,2025-02-17 22:35:51.311414,,-1.00,,2025-02-17 22:35:51.311414,10000.00,SHORT,0.00,closed
1352,1,1,COIN,-1.00,-1.00,2025-02-17 22:35:51.193721,2025-02-17 22:35:51.193721,,-1.00,,2025-02-17 22:35:51.193721,10000.00,LONG,0.00,closed
1353,2,1,COIN,-1.00,-1.00,2025-02-17 22:35:51.193721,2025-02-17 22:35:51.193721,,-1.00,,2025-02-17 22:35:51.193721,10000.00,SHORT,0.00,closed
1354,4,2,COIN,-1.00,-1.00,2025-02-17 22:35:51.193721,2025-02-17 22:35:51.193721,,-1.00,,2025-02-17 22:35:51.193721,10000.00,SHORT,0.00,closed
1355,3,2,COIN,-1.00,-1.00,2025-02-17 22:35:51.193721,2025-02-17 22:35:51.193721,,-1.00,,2025-02-17 22:35:51.193721,10000.00,LONG,0.00,closed
1356,6,1,TSLA,-1.00,-1.00,2025-02-17 22:35:51.311414,2025-02-17 22:35:51.311414,,-1.00,,2025-02-17 22:35:51.311414,10000.00,SHORT,0.00,closed
1357,1,1,COIN,-1.00,-1.00,2025-02-17 22:35:51.193721,2025-02-17 22:35:51.193721,,-1.00,,2025-02-17 22:35:51.193721,10000.00,LONG,0.00,closed
1358,2,1,COIN,-1.00,-1.00,2025-02-17 22:35:51.193721,2025-02-17 22:35:51.193721,,-1.00,,2025-02-17 22:35:51.193721,10000.00,SHORT,0.00,closed
1359,4,2,COIN,-1.00,-1.00,2025-02-17 22:35:51.193721,2025-02-17 22:35:51.193721,,-1.00,,2025-02-17 22:35:51.193721,10000.00,SHORT,0.00,closed
1360,3,2,COIN,-1.00,-1.00,2025-02-17 22:35:51.193721,2025-02-17 22:35:51.193721,,-1.00,,2025-02-17 22:35:51.193721,10000.00,LONG,0.00,closed
1361,6,1,TSLA,-1.00,-1.00,2025-02-17 22:35:51.311414,2025-02-17 22:35:51.311414,,-1.00,,2025-02-17 22:35:51.311414,10000.00,SHORT,0.00,closed
1362,1,1,COIN,-1.00,-1.00,2025-02-17 22:35:51.193721,2025-02-17 22:35:51.193721,,-1.00,,2025-02-17 22:35:51.193721,10000.00,LONG,0.00,closed
1363,2,1,COIN,-1.00,-1.00,2025-02-17 22:35:51.193721,2025-02-17 22:35:51.193721,,-1.00,,2025-02-17 22:35:51.193721,10000.00,SHORT,0.00,closed
1364,4,2,COIN,-1.00,-1.00,2025-02-17 22:35:51.193721,2025-02-17 22:35:51.193721,,-1.00,,2025-02-17 22:35:51.193721,10000.00,SHORT,0.00,closed
1365,3,2,COIN,-1.00,-1.00,2025-02-17 22:35:51.193721,2025-02-17 22:35:51.193721,,-1.00,,2025-02-17 22:35:51.193721,10000.00,LONG,0.00,closed
1366,6,1,TSLA,-1.00,-1.00,2025-02-17 22:35:51.311414,2025-02-17 22:35:51.311414,,-1.00,,2025-02-17 22:35:51.311414,10000.00,SHORT,0.00,closed
1367,1,1,COIN,-1.00,-1.00,2025-02-17 22:35:51.193721,2025-02-17 22:35:51.193721,,-1.00,,2025-02-17 22:35:51.193721,10000.00,LONG,0.00,closed
1368,2,1,COIN,-1.00,-1.00,2025-02-17 22:35:51.193721,2025-02-17 22:35:51.193721,,-1.00,,2025-02-17 22:35:51.193721,10000.00,SHORT,0.00,closed
1369,4,2,COIN,-1.00,-1.00,2025-02-17 22:35:51.193721,2025-02-17 22:35:51.193721,,-1.00,,2025-02-17 22:35:51.193721,10000.00,SHORT,0.00,closed
1370,3,2,COIN,-1.00,-1.00,2025-02-17 22:35:51.193721,2025-02-17 22:35:51.193721,,-1.00,,2025-02-17 22:35:51.193721,10000.00,LONG,0.00,closed
1371,6,1,TSLA,-1.00,-1.00,2025-02-17 22:35:51.311414,2025-02-17 22:35:51.311414,,-1.00,,2025-02-17 22:35:51.311414,10000.00,SHORT,0.00,closed
1372,1,1,COIN,-1.00,-1.00,2025-02-17 22:35:51.193721,2025-02-17 22:35:51.193721,,-1.00,,2025-02-17 22:35:51.193721,10000.00,LONG,0.00,closed
1373,2,1,COIN,-1.00,-1.00,2025-02-17 22:35:51.193721,2025-02-17 22:35:51.193721,,-1.00,,2025-02-17 22:35:51.193721,10000.00,SHORT,0.00,closed
1374,4,2,COIN,-1.00,-1.00,2025-02-17 22:35:51.193721,2025-02-17 22:35:51.193721,,-1.00,,2025-02-17 22:35:51.193721,10000.00,SHORT,0.00,closed
1375,3,2,COIN,-1.00,-1.00,2025-02-17 22:35:51.193721,2025-02-17 22:35:51.193721,,-1.00,,2025-02-17 22:35:51.193721,10000.00,LONG,0.00,closed
1376,6,1,TSLA,-1.00,-1.00,2025-02-17 22:35:51.311414,2025-02-17 22:35:51.311414,,-1.00,,2025-02-17 22:35:51.311414,10000.00,SHORT,0.00,closed
1377,1,1,COIN,-1.00,-1.00,2025-02-17 22:35:51.193721,2025-02-17 22:35:51.193721,,-1.00,,2025-02-17 22:35:51.193721,10000.00,LONG,0.00,closed
1378,2,1,COIN,-1.00,-1.00,2025-02-17 22:35:51.193721,2025-02-17 22:35:51.193721,,-1.00,,2025-02-17 22:35:51.193721,10000.00,SHORT,0.00,closed
1379,4,2,COIN,-1.00,-1.00,2025-02-17 22:35:51.193721,2025-02-17 22:35:51.193721,,-1.00,,2025-02-17 22:35:51.193721,10000.00,SHORT,0.00,closed
1380,3,2,COIN,-1.00,-1.00,2025-02-17 22:35:51.193721,2025-02-17 22:35:51.193721,,-1.00,,2025-02-17 22:35:51.193721,10000.00,LONG,0.00,closed
1381,6,1,TSLA,-1.00,-1.00,2025-02-17 22:35:51.311414,2025-02-17 22:35:51.311414,,-1.00,,2025-02-17 22:35:51.311414,10000.00,SHORT,0.00,closed
1382,1,1,COIN,-1.00,-1.00,2025-02-17 22:35:51.193721,2025-02-17 22:35:51.193721,,-1.00,,2025-02-17 22:35:51.193721,10000.00,LONG,0.00,closed
1383,2,1,COIN,-1.00,-1.00,2025-02-17 22:35:51.193721,2025-02-17 22:35:51.193721,,-1.00,,2025-02-17 22:35:51.193721,10000.00,SHORT,0.00,closed
1384,4,2,COIN,-1.00,-1.00,2025-02-17 22:35:51.193721,2025-02-17 22:35:51.193721,,-1.00,,2025-02-17 22:35:51.193721,10000.00,SHORT,0.00,closed
1385,3,2,COIN,-1.00,-1.00,2025-02-17 22:35:51.193721,2025-02-17 22:35:51.193721,,-1.00,,2025-02-17 22:35:51.193721,10000.00,LONG,0.00,closed
1386,6,1,TSLA,-1.00,-1.00,2025-02-17 22:35:51.311414,2025-02-17 22:35:51.311414,,-1.00,,2025-02-17 22:35:51.311414,10000.00,SHORT,0.00,closed
1387,1,1,COIN,-1.00,-1.00,2025-02-17 22:35:51.193721,2025-02-17 22:35:51.193721,,-1.00,,2025-02-17 22:35:51.193721,10000.00,LONG,0.00,closed
1388,2,1,COIN,-1.00,-1.00,2025-02-17 22:35:51.193721,2025-02-17 22:35:51.193721,,-1.00,,2025-02-17 22:35:51.193721,10000.00,SHORT,0.00,closed
1389,4,2,COIN,-1.00,-1.00,2025-02-17 22:35:51.193721,2025-02-17 22:35:51.193721,,-1.00,,2025-02-17 22:35:51.193721,10000.00,SHORT,0.00,closed
1390,3,2,COIN,-1.00,-1.00,2025-02-17 22:35:51.193721,2025-02-17 22:35:51.193721,,-1.00,,2025-02-17 22:35:51.193721,10000.00,LONG,0.00,closed
1391,6,1,TSLA,-1.00,-1.00,2025-02-17 22:35:51.311414,2025-02-17 22:35:51.311414,,-1.00,,2025-02-17 22:35:51.311414,10000.00,SHORT,0.00,closed
1392,1,1,COIN,-1.00,-1.00,2025-02-17 22:35:51.193721,2025-02-17 22:35:51.193721,,-1.00,,2025-02-17 22:35:51.193721,10000.00,LONG,0.00,closed
1393,2,1,COIN,-1.00,-1.00,2025-02-17 22:35:51.193721,2025-02-17 22:35:51.193721,,-1.00,,2025-02-17 22:35:51.193721,10000.00,SHORT,0.00,closed
1394,4,2,COIN,-1.00,-1.00,2025-02-17 22:35:51.193721,2025-02-17 22:35:51.193721,,-1.00,,2025-02-17 22:35:51.193721,10000.00,SHORT,0.00,closed
1395,3,2,COIN,-1.00,-1.00,2025-02-17 22:35:51.193721,2025-02-17 22:35:51.193721,,-1.00,,2025-02-17 22:35:51.193721,10000.00,LONG,0.00,closed
1396,6,1,TSLA,-1.00,-1.00,2025-02-17 22:35:51.311414,2025-02-17 22:35:51.311414,,-1.00,,2025-02-17 22:35:51.311414,10000.00,SHORT,0.00,closed
1397,1,1,COIN,-1.00,-1.00,2025-02-17 22:35:51.193721,2025-02-17 22:35:51.193721,,-1.00,,2025-02-17 22:35:51.193721,10000.00,LONG,0.00,closed
1398,2,1,COIN,-1.00,-1.00,2025-02-17 22:35:51.193721,2025-02-17 22:35:51.193721,,-1.00,,2025-02-17 22:35:51.193721,10000.00,SHORT,0.00,closed
1399,4,2,COIN,-1.00,-1.00,2025-02-17 22:35:51.193721,2025-02-17 22:35:51.193721,,-1.00,,2025-02-17 22:35:51.193721,10000.00,SHORT,0.00,closed
1400,3,2,COIN,-1.00,-1.00,2025-02-17 22:35:51.193721,2025-02-17 22:35:51.193721,,-1.00,,2025-02-17 22:35:51.193721,10000.00,LONG,0.00,closed
1401,6,1,TSLA,-1.00,-1.00,2025-02-17 22:35:51.311414,2025-02-17 22:35:51.311414,,-1.00,,2025-02-17 22:35:51.311414,10000.00,SHORT,0.00,closed
1402,1,1,COIN,-1.00,-1.00,2025-02-17 22:35:51.193721,2025-02-17 22:35:51.193721,,-1.00,,2025-02-17 22:35:51.193721,10000.00,LONG,0.00,closed
1403,2,1,COIN,-1.00,-1.00,2025-02-17 22:35:51.193721,2025-02-17 22:35:51.193721,,-1.00,,2025-02-17 22:35:51.193721,10000.00,SHORT,0.00,closed
1404,4,2,COIN,-1.00,-1.00,2025-02-17 22:35:51.193721,2025-02-17 22:35:51.193721,,-1.00,,2025-02-17 22:35:51.193721,10000.00,SHORT,0.00,closed
1405,3,2,COIN,-1.00,-1.00,2025-02-17 22:35:51.193721,2025-02-17 22:35:51.193721,,-1.00,,2025-02-17 22:35:51.193721,10000.00,LONG,0.00,closed
1406,6,1,TSLA,-1.00,-1.00,2025-02-17 22:35:51.311414,2025-02-17 22:35:51.311414,,-1.00,,2025-02-17 22:35:51.311414,10000.00,SHORT,0.00,closed
1407,1,1,COIN,-1.00,-1.00,2025-02-17 22:35:51.193721,2025-02-17 22:35:51.193721,,-1.00,,2025-02-17 22:35:51.193721,10000.00,LONG,0.00,closed
1408,2,1,COIN,-1.00,-1.00,2025-02-17 22:35:51.193721,2025-02-17 22:35:51.193721,,-1.00,,2025-02-17 22:35:51.193721,10000.00,SHORT,0.00,closed
1409,4,2,COIN,-1.00,-1.00,2025-02-17 22:35:51.193721,2025-02-17 22:35:51.193721,,-1.00,,2025-02-17 22:35:51.193721,10000.00,SHORT,0.00,closed
1410,3,2,COIN,-1.00,-1.00,2025-02-17 22:35:51.193721,2025-02-17 22:35:51.193721,,-1.00,,2025-02-17 22:35:51.193721,10000.00,LONG,0.00,closed
1411,6,1,TSLA,-1.00,-1.00,2025-02-17 22:35:51.311414,2025-02-17 22:35:51.311414,,-1.00,,2025-02-17 22:35:51.311414,10000.00,SHORT,0.00,closed
1412,1,1,COIN,-1.00,-1.00,2025-02-17 22:35:51.193721,2025-02-17 22:35:51.193721,,-1.00,,2025-02-17 22:35:51.193721,10000.00,LONG,0.00,closed
1413,2,1,COIN,-1.00,-1.00,2025-02-17 22:35:51.193721,2025-02-17 22:35:51.193721,,-1.00,,2025-02-17 22:35:51.193721,10000.00,SHORT,0.00,closed
1414,4,2,COIN,-1.00,-1.00,2025-02-17 22:35:51.193721,2025-02-17 22:35:51.193721,,-1.00,,2025-02-17 22:35:51.193721,10000.00,SHORT,0.00,closed
1415,3,2,COIN,-1.00,-1.00,2025-02-17 22:35:51.193721,2025-02-17 22:35:51.193721,,-1.00,,2025-02-17 22:35:51.193721,10000.00,LONG,0.00,closed
1416,6,1,TSLA,-1.00,-1.00,2025-02-17 22:35:51.311414,2025-02-17 22:35:51.311414,,-1.00,,2025-02-17 22:35:51.311414,10000.00,SHORT,0.00,closed
1417,1,1,COIN,-1.00,-1.00,2025-02-17 22:35:51.193721,2025-02-17 22:35:51.193721,,-1.00,,2025-02-17 22:35:51.193721,10000.00,LONG,0.00,closed
1418,2,1,COIN,-1.00,-1.00,2025-02-17 22:35:51.193721,2025-02-17 22:35:51.193721,,-1.00,,2025-02-17 22:35:51.193721,10000.00,SHORT,0.00,closed
1419,4,2,COIN,-1.00,-1.00,2025-02-17 22:35:51.193721,2025-02-17 22:35:51.193721,,-1.00,,2025-02-17 22:35:51.193721,10000.00,SHORT,0.00,closed
1420,3,2,COIN,-1.00,-1.00,2025-02-17 22:35:51.193721,2025-02-17 22:35:51.193721,,-1.00,,2025-02-17 22:35:51.193721,10000.00,LONG,0.00,closed
1421,6,1,TSLA,-1.00,-1.00,2025-02-17 22:35:51.311414,2025-02-17 22:35:51.311414,,-1.00,,2025-02-17 22:35:51.311414,10000.00,SHORT,0.00,closed
1422,1,1,COIN,-1.00,-1.00,2025-02-17 22:35:51.193721,2025-02-17 22:35:51.193721,,-1.00,,2025-02-17 22:35:51.193721,10000.00,LONG,0.00,closed
1423,2,1,COIN,-1.00,-1.00,2025-02-17 22:35:51.193721,2025-02-17 22:35:51.193721,,-1.00,,2025-02-17 22:35:51.193721,10000.00,SHORT,0.00,closed
1424,4,2,COIN,-1.00,-1.00,2025-02-17 22:35:51.193721,2025-02-17 22:35:51.193721,,-1.00,,2025-02-17 22:35:51.193721,10000.00,SHORT,0.00,closed
1425,3,2,COIN,-1.00,-1.00,2025-02-17 22:35:51.193721,2025-02-17 22:35:51.193721,,-1.00,,2025-02-17 22:35:51.193721,10000.00,LONG,0.00,closed
1426,6,1,TSLA,-1.00,-1.00,2025-02-17 22:35:51.311414,2025-02-17 22:35:51.311414,,-1.00,,2025-02-17 22:35:51.311414,10000.00,SHORT,0.00,closed
1427,1,1,COIN,-1.00,-1.00,2025-02-17 22:35:51.193721,2025-02-17 22:35:51.193721,,-1.00,,2025-02-17 22:35:51.193721,10000.00,LONG,0.00,closed
1428,2,1,COIN,-1.00,-1.00,2025-02-17 22:35:51.193721,2025-02-17 22:35:51.193721,,-1.00,,2025-02-17 22:35:51.193721,10000.00,SHORT,0.00,closed
1429,4,2,COIN,-1.00,-1.00,2025-02-17 22:35:51.193721,2025-02-17 22:35:51.193721,,-1.00,,2025-02-17 22:35:51.193721,10000.00,SHORT,0.00,closed
1430,3,2,COIN,-1.00,-1.00,2025-02-17 22:35:51.193721,2025-02-17 22:35:51.193721,,-1.00,,2025-02-17 22:35:51.193721,10000.00,LONG,0.00,closed
1431,6,1,TSLA,-1.00,-1.00,2025-02-17 22:35:51.311414,2025-02-17 22:35:51.311414,,-1.00,,2025-02-17 22:35:51.311414,10000.00,SHORT,0.00,closed
1432,1,1,COIN,-1.00,-1.00,2025-02-17 22:35:51.193721,2025-02-17 22:35:51.193721,,-1.00,,2025-02-17 22:35:51.193721,10000.00,LONG,0.00,closed
1433,2,1,COIN,-1.00,-1.00,2025-02-17 22:35:51.193721,2025-02-17 22:35:51.193721,,-1.00,,2025-02-17 22:35:51.193721,10000.00,SHORT,0.00,closed
1434,4,2,COIN,-1.00,-1.00,2025-02-17 22:35:51.193721,2025-02-17 22:35:51.193721,,-1.00,,2025-02-17 22:35:51.193721,10000.00,SHORT,0.00,closed
1435,3,2,COIN,-1.00,-1.00,2025-02-17 22:35:51.193721,2025-02-17 22:35:51.193721,,-1.00,,2025-02-17 22:35:51.193721,10000.00,LONG,0.00,closed
1436,6,1,TSLA,-1.00,-1.00,2025-02-17 22:35:51.311414,2025-02-17 22:35:51.311414,,-1.00,,2025-02-17 22:35:51.311414,10000.00,SHORT,0.00,closed
1437,1,1,COIN,-1.00,-1.00,2025-02-17 22:35:51.193721,2025-02-17 22:35:51.193721,,-1.00,,2025-02-17 22:35:51.193721,10000.00,LONG,0.00,closed
1438,2,1,COIN,-1.00,-1.00,2025-02-17 22:35:51.193721,2025-02-17 22:35:51.193721,,-1.00,,2025-02-17 22:35:51.193721,10000.00,SHORT,0.00,closed
1439,4,2,COIN,-1.00,-1.00,2025-02-17 22:35:51.193721,2025-02-17 22:35:51.193721,,-1.00,,2025-02-17 22:35:51.193721,10000.00,SHORT,0.00,closed
1440,3,2,COIN,-1.00,-1.00,2025-02-17 22:35:51.193721,2025-02-17 22:35:51.193721,,-1.00,,2025-02-17 22:35:51.193721,10000.00,LONG,0.00,closed
1441,6,1,TSLA,-1.00,-1.00,2025-02-17 22:35:51.311414,2025-02-17 22:35:51.311414,,-1.00,,2025-02-17 22:35:51.311414,10000.00,SHORT,0.00,closed
1442,1,1,COIN,-1.00,-1.00,2025-02-17 22:35:51.193721,2025-02-17 22:35:51.193721,,-1.00,,2025-02-17 22:35:51.193721,10000.00,LONG,0.00,closed
1443,2,1,COIN,-1.00,-1.00,2025-02-17 22:35:51.193721,2025-02-17 22:35:51.193721,,-1.00,,2025-02-17 22:35:51.193721,10000.00,SHORT,0.00,closed
1444,4,2,COIN,-1.00,-1.00,2025-02-17 22:35:51.193721,2025-02-17 22:35:51.193721,,-1.00,,2025-02-17 22:35:51.193721,10000.00,SHORT,0.00,closed
1445,3,2,COIN,-1.00,-1.00,2025-02-17 22:35:51.193721,2025-02-17 22:35:51.193721,,-1.00,,2025-02-17 22:35:51.193721,10000.00,LONG,0.00,closed
1446,6,1,TSLA,-1.00,-1.00,2025-02-17 22:35:51.311414,2025-02-17 22:35:51.311414,,-1.00,,2025-02-17 22:35:51.311414,10000.00,SHORT,0.00,closed
1447,1,1,COIN,-1.00,-1.00,2025-02-17 22:35:51.193721,2025-02-17 22:35:51.193721,,-1.00,,2025-02-17 22:35:51.193721,10000.00,LONG,0.00,closed
1448,2,1,COIN,-1.00,-1.00,2025-02-17 22:35:51.193721,2025-02-17 22:35:51.193721,,-1.00,,2025-02-17 22:35:51.193721,10000.00,SHORT,0.00,closed
1449,4,2,COIN,-1.00,-1.00,2025-02-17 22:35:51.193721,2025-02-17 22:35:51.193721,,-1.00,,2025-02-17 22:35:51.193721,10000.00,SHORT,0.00,closed
1450,3,2,COIN,-1.00,-1.00,2025-02-17 22:35:51.193721,2025-02-17 22:35:51.193721,,-1.00,,2025-02-17 22:35:51.193721,10000.00,LONG,0.00,closed
1451,6,1,TSLA,-1.00,-1.00,2025-02-17 22:35:51.311414,2025-02-17 22:35:51.311414,,-1.00,,2025-02-17 22:35:51.311414,10000.00,SHORT,0.00,closed
1452,1,1,COIN,-1.00,-1.00,2025-02-17 22:35:51.193721,2025-02-17 22:35:51.193721,,-1.00,,2025-02-17 22:35:51.193721,10000.00,LONG,0.00,closed
1453,2,1,COIN,-1.00,-1.00,2025-02-17 22:35:51.193721,2025-02-17 22:35:51.193721,,-1.00,,2025-02-17 22:35:51.193721,10000.00,SHORT,0.00,closed
1454,4,2,COIN,-1.00,-1.00,2025-02-17 22:35:51.193721,2025-02-17 22:35:51.193721,,-1.00,,2025-02-17 22:35:51.193721,10000.00,SHORT,0.00,closed
1455,3,2,COIN,-1.00,-1.00,2025-02-17 22:35:51.193721,2025-02-17 22:35:51.193721,,-1.00,,2025-02-17 22:35:51.193721,10000.00,LONG,0.00,closed
1456,6,1,TSLA,-1.00,-1.00,2025-02-17 22:35:51.311414,2025-02-17 22:35:51.311414,,-1.00,,2025-02-17 22:35:51.311414,10000.00,SHORT,0.00,closed
1457,1,1,COIN,-1.00,-1.00,2025-02-17 22:35:51.193721,2025-02-17 22:35:51.193721,,-1.00,,2025-02-17 22:35:51.193721,10000.00,LONG,0.00,closed
1458,2,1,COIN,-1.00,-1.00,2025-02-17 22:35:51.193721,2025-02-17 22:35:51.193721,,-1.00,,2025-02-17 22:35:51.193721,10000.00,SHORT,0.00,closed
1459,4,2,COIN,-1.00,-1.00,2025-02-17 22:35:51.193721,2025-02-17 22:35:51.193721,,-1.00,,2025-02-17 22:35:51.193721,10000.00,SHORT,0.00,closed
1460,3,2,COIN,-1.00,-1.00,2025-02-17 22:35:51.193721,2025-02-17 22:35:51.193721,,-1.00,,2025-02-17 22:35:51.193721,10000.00,LONG,0.00,closed
1461,6,1,TSLA,-1.00,-1.00,2025-02-17 22:35:51.311414,2025-02-17 22:35:51.311414,,-1.00,,2025-02-17 22:35:51.311414,10000.00,SHORT,0.00,closed
1462,1,1,COIN,-1.00,-1.00,2025-02-17 22:35:51.193721,2025-02-17 22:35:51.193721,,-1.00,,2025-02-17 22:35:51.193721,10000.00,LONG,0.00,closed
1463,2,1,COIN,-1.00,-1.00,2025-02-17 22:35:51.193721,2025-02-17 22:35:51.193721,,-1.00,,2025-02-17 22:35:51.193721,10000.00,SHORT,0.00,closed
1464,4,2,COIN,-1.00,-1.00,2025-02-17 22:35:51.193721,2025-02-17 22:35:51.193721,,-1.00,,2025-02-17 22:35:51.193721,10000.00,SHORT,0.00,closed
1465,3,2,COIN,-1.00,-1.00,2025-02-17 22:35:51.193721,2025-02-17 22:35:51.193721,,-1.00,,2025-02-17 22:35:51.193721,10000.00,LONG,0.00,closed
1466,6,1,TSLA,-1.00,-1.00,2025-02-17 22:35:51.311414,2025-02-17 22:35:51.311414,,-1.00,,2025-02-17 22:35:51.311414,10000.00,SHORT,0.00,closed
1467,1,1,COIN,-1.00,-1.00,2025-02-17 22:35:51.193721,2025-02-17 22:35:51.193721,,-1.00,,2025-02-17 22:35:51.193721,10000.00,LONG,0.00,closed
1468,2,1,COIN,-1.00,-1.00,2025-02-17 22:35:51.193721,2025-02-17 22:35:51.193721,,-1.00,,2025-02-17 22:35:51.193721,10000.00,SHORT,0.00,closed
1469,4,2,COIN,-1.00,-1.00,2025-02-17 22:35:51.193721,2025-02-17 22:35:51.193721,,-1.00,,2025-02-17 22:35:51.193721,10000.00,SHORT,0.00,closed
1470,3,2,COIN,-1.00,-1.00,2025-02-17 22:35:51.193721,2025-02-17 22:35:51.193721,,-1.00,,2025-02-17 22:35:51.193721,10000.00,LONG,0.00,closed
1471,6,1,TSLA,-1.00,-1.00,2025-02-17 22:35:51.311414,2025-02-17 22:35:51.311414,,-1.00,,2025-02-17 22:35:51.311414,10000.00,SHORT,0.00,closed
1472,1,1,COIN,-1.00,-1.00,2025-02-17 22:35:51.193721,2025-02-17 22:35:51.193721,,-1.00,,2025-02-17 22:35:51.193721,10000.00,LONG,0.00,closed
1473,2,1,COIN,-1.00,-1.00,2025-02-17 22:35:51.193721,2025-02-17 22:35:51.193721,,-1.00,,2025-02-17 22:35:51.193721,10000.00,SHORT,0.00,closed
1474,4,2,COIN,-1.00,-1.00,2025-02-17 22:35:51.193721,2025-02-17 22:35:51.193721,,-1.00,,2025-02-17 22:35:51.193721,10000.00,SHORT,0.00,closed
1475,3,2,COIN,-1.00,-1.00,2025-02-17 22:35:51.193721,2025-02-17 22:35:51.193721,,-1.00,,2025-02-17 22:35:51.193721,10000.00,LONG,0.00,closed
1476,6,1,TSLA,-1.00,-1.00,2025-02-17 22:35:51.311414,2025-02-17 22:35:51.311414,,-1.00,,2025-02-17 22:35:51.311414,10000.00,SHORT,0.00,closed
1477,1,1,COIN,-1.00,-1.00,2025-02-17 22:35:51.193721,2025-02-17 22:35:51.193721,,-1.00,,2025-02-17 22:35:51.193721,10000.00,LONG,0.00,closed
1478,2,1,COIN,-1.00,-1.00,2025-02-17 22:35:51.193721,2025-02-17 22:35:51.193721,,-1.00,,2025-02-17 22:35:51.193721,10000.00,SHORT,0.00,closed
1479,4,2,COIN,-1.00,-1.00,2025-02-17 22:35:51.193721,2025-02-17 22:35:51.193721,,-1.00,,2025-02-17 22:35:51.193721,10000.00,SHORT,0.00,closed
1480,3,2,COIN,-1.00,-1.00,2025-02-17 22:35:51.193721,2025-02-17 22:35:51.193721,,-1.00,,2025-02-17 22:35:51.193721,10000.00,LONG,0.00,closed
1481,6,1,TSLA,-1.00,-1.00,2025-02-17 22:35:51.311414,2025-02-17 22:35:51.311414,,-1.00,,2025-02-17 22:35:51.311414,10000.00,SHORT,0.00,closed
1482,1,1,COIN,-1.00,-1.00,2025-02-17 22:35:51.193721,2025-02-17 22:35:51.193721,,-1.00,,2025-02-17 22:35:51.193721,10000.00,LONG,0.00,closed
1483,2,1,COIN,-1.00,-1.00,2025-02-17 22:35:51.193721,2025-02-17 22:35:51.193721,,-1.00,,2025-02-17 22:35:51.193721,10000.00,SHORT,0.00,closed
1484,4,2,COIN,-1.00,-1.00,2025-02-17 22:35:51.193721,2025-02-17 22:35:51.193721,,-1.00,,2025-02-17 22:35:51.193721,10000.00,SHORT,0.00,closed
1485,3,2,COIN,-1.00,-1.00,2025-02-17 22:35:51.193721,2025-02-17 22:35:51.193721,,-1.00,,2025-02-17 22:35:51.193721,10000.00,LONG,0.00,closed
1486,6,1,TSLA,-1.00,-1.00,2025-02-17 22:35:51.311414,2025-02-17 22:35:51.311414,,-1.00,,2025-02-17 22:35:51.311414,10000.00,SHORT,0.00,closed
1487,1,1,COIN,-1.00,-1.00,2025-02-17 22:35:51.193721,2025-02-17 22:35:51.193721,,-1.00,,2025-02-17 22:35:51.193721,10000.00,LONG,0.00,closed
1488,2,1,COIN,-1.00,-1.00,2025-02-17 22:35:51.193721,2025-02-17 22:35:51.193721,,-1.00,,2025-02-17 22:35:51.193721,10000.00,SHORT,0.00,closed
1489,4,2,COIN,-1.00,-1.00,2025-02-17 22:35:51.193721,2025-02-17 22:35:51.193721,,-1.00,,2025-02-17 22:35:51.193721,10000.00,SHORT,0.00,closed
1490,3,2,COIN,-1.00,-1.00,2025-02-17 22:35:51.193721,2025-02-17 22:35:51.193721,,-1.00,,2025-02-17 22:35:51.193721,10000.00,LONG,0.00,closed
1491,6,1,TSLA,-1.00,-1.00,2025-02-17 22:35:51.311414,2025-02-17 22:35:51.311414,,-1.00,,2025-02-17 22:35:51.311414,10000.00,SHORT,0.00,closed
1492,1,1,COIN,-1.00,-1.00,2025-02-17 22:35:51.193721,2025-02-17 22:35:51.193721,,-1.00,,2025-02-17 22:35:51.193721,10000.00,LONG,0.00,closed
1493,2,1,COIN,-1.00,-1.00,2025-02-17 22:35:51.193721,2025-02-17 22:35:51.193721,,-1.00,,2025-02-17 22:35:51.193721,10000.00,SHORT,0.00,closed
1494,4,2,COIN,-1.00,-1.00,2025-02-17 22:35:51.193721,2025-02-17 22:35:51.193721,,-1.00,,2025-02-17 22:35:51.193721,10000.00,SHORT,0.00,closed
1495,3,2,COIN,-1.00,-1.00,2025-02-17 22:35:51.193721,2025-02-17 22:35:51.193721,,-1.00,,2025-02-17 22:35:51.193721,10000.00,LONG,0.00,closed
1496,6,1,TSLA,-1.00,-1.00,2025-02-17 22:35:51.311414,2025-02-17 22:35:51.311414,,-1.00,,2025-02-17 22:35:51.311414,10000.00,SHORT,0.00,closed
1497,1,1,COIN,-1.00,-1.00,2025-02-17 22:35:51.193721,2025-02-17 22:35:51.193721,,-1.00,,2025-02-17 22:35:51.193721,10000.00,LONG,0.00,closed
1498,2,1,COIN,-1.00,-1.00,2025-02-17 22:35:51.193721,2025-02-17 22:35:51.193721,,-1.00,,2025-02-17 22:35:51.193721,10000.00,SHORT,0.00,closed
1499,4,2,COIN,-1.00,-1.00,2025-02-17 22:35:51.193721,2025-02-17 22:35:51.193721,,-1.00,,2025-02-17 22:35:51.193721,10000.00,SHORT,0.00,closed
1500,3,2,COIN,-1.00,-1.00,2025-02-17 22:35:51.193721,2025-02-17 22:35:51.193721,,-1.00,,2025-02-17 22:35:51.193721,10000.00,LONG,0.00,closed
1501,6,1,TSLA,-1.00,-1.00,2025-02-17 22:35:51.311414,2025-02-17 22:35:51.311414,,-1.00,,2025-02-17 22:35:51.311414,10000.00,SHORT,0.00,closed
1502,1,1,COIN,-1.00,-1.00,2025-02-17 22:35:51.193721,2025-02-17 22:35:51.193721,,-1.00,,2025-02-17 22:35:51.193721,10000.00,LONG,0.00,closed
1503,2,1,COIN,-1.00,-1.00,2025-02-17 22:35:51.193721,2025-02-17 22:35:51.193721,,-1.00,,2025-02-17 22:35:51.193721,10000.00,SHORT,0.00,closed
1504,4,2,COIN,-1.00,-1.00,2025-02-17 22:35:51.193721,2025-02-17 22:35:51.193721,,-1.00,,2025-02-17 22:35:51.193721,10000.00,SHORT,0.00,closed
1505,3,2,COIN,-1.00,-1.00,2025-02-17 22:35:51.193721,2025-02-17 22:35:51.193721,,-1.00,,2025-02-17 22:35:51.193721,10000.00,LONG,0.00,closed
1506,6,1,TSLA,-1.00,-1.00,2025-02-17 22:35:51.311414,2025-02-17 22:35:51.311414,,-1.00,,2025-02-17 22:35:51.311414,10000.00,SHORT,0.00,closed
1507,1,1,COIN,-1.00,-1.00,2025-02-17 22:35:51.193721,2025-02-17 22:35:51.193721,,-1.00,,2025-02-17 22:35:51.193721,10000.00,LONG,0.00,closed
1508,2,1,COIN,-1.00,-1.00,2025-02-17 22:35:51.193721,2025-02-17 22:35:51.193721,,-1.00,,2025-02-17 22:35:51.193721,10000.00,SHORT,0.00,closed
1509,4,2,COIN,-1.00,-1.00,2025-02-17 22:35:51.193721,2025-02-17 22:35:51.193721,,-1.00,,2025-02-17 22:35:51.193721,10000.00,SHORT,0.00,closed
1510,3,2,COIN,-1.00,-1.00,2025-02-17 22:35:51.193721,2025-02-17 22:35:51.193721,,-1.00,,2025-02-17 22:35:51.193721,10000.00,LONG,0.00,closed
1511,6,1,TSLA,-1.00,-1.00,2025-02-17 22:35:51.311414,2025-02-17 22:35:51.311414,,-1.00,,2025-02-17 22:35:51.311414,10000.00,SHORT,0.00,closed
1512,1,1,COIN,-1.00,-1.00,2025-02-17 22:35:51.193721,2025-02-17 22:35:51.193721,,-1.00,,2025-02-17 22:35:51.193721,10000.00,LONG,0.00,closed
1513,2,1,COIN,-1.00,-1.00,2025-02-17 22:35:51.193721,2025-02-17 22:35:51.193721,,-1.00,,2025-02-17 22:35:51.193721,10000.00,SHORT,0.00,closed
1514,4,2,COIN,-1.00,-1.00,2025-02-17 22:35:51.193721,2025-02-17 22:35:51.193721,,-1.00,,2025-02-17 22:35:51.193721,10000.00,SHORT,0.00,closed
1515,3,2,COIN,-1.00,-1.00,2025-02-17 22:35:51.193721,2025-02-17 22:35:51.193721,,-1.00,,2025-02-17 22:35:51.193721,10000.00,LONG,0.00,closed
1516,6,1,TSLA,-1.00,-1.00,2025-02-17 22:35:51.311414,2025-02-17 22:35:51.311414,,-1.00,,2025-02-17 22:35:51.311414,10000.00,SHORT,0.00,closed
1517,1,1,COIN,-1.00,-1.00,2025-02-17 22:35:51.193721,2025-02-17 22:35:51.193721,,-1.00,,2025-02-17 22:35:51.193721,10000.00,LONG,0.00,closed
1518,2,1,COIN,-1.00,-1.00,2025-02-17 22:35:51.193721,2025-02-17 22:35:51.193721,,-1.00,,2025-02-17 22:35:51.193721,10000.00,SHORT,0.00,closed
1519,4,2,COIN,-1.00,-1.00,2025-02-17 22:35:51.193721,2025-02-17 22:35:51.193721,,-1.00,,2025-02-17 22:35:51.193721,10000.00,SHORT,0.00,closed
1520,3,2,COIN,-1.00,-1.00,2025-02-17 22:35:51.193721,2025-02-17 22:35:51.193721,,-1.00,,2025-02-17 22:35:51.193721,10000.00,LONG,0.00,closed
1521,6,1,TSLA,-1.00,-1.00,2025-02-17 22:35:51.311414,2025-02-17 22:35:51.311414,,-1.00,,2025-02-17 22:35:51.311414,10000.00,SHORT,0.00,closed
1522,1,1,COIN,-1.00,-1.00,2025-02-17 22:35:51.193721,2025-02-17 22:35:51.193721,,-1.00,,2025-02-17 22:35:51.193721,10000.00,LONG,0.00,closed
1523,2,1,COIN,-1.00,-1.00,2025-02-17 22:35:51.193721,2025-02-17 22:35:51.193721,,-1.00,,2025-02-17 22:35:51.193721,10000.00,SHORT,0.00,closed
1524,4,2,COIN,-1.00,-1.00,2025-02-17 22:35:51.193721,2025-02-17 22:35:51.193721,,-1.00,,2025-02-17 22:35:51.193721,10000.00,SHORT,0.00,closed
1525,3,2,COIN,-1.00,-1.00,2025-02-17 22:35:51.193721,2025-02-17 22:35:51.193721,,-1.00,,2025-02-17 22:35:51.193721,10000.00,LONG,0.00,closed
1526,6,1,TSLA,-1.00,-1.00,2025-02-17 22:35:51.311414,2025-02-17 22:35:51.311414,,-1.00,,2025-02-17 22:35:51.311414,10000.00,SHORT,0.00,closed
1527,1,1,COIN,-1.00,-1.00,2025-02-17 22:35:51.193721,2025-02-17 22:35:51.193721,,-1.00,,2025-02-17 22:35:51.193721,10000.00,LONG,0.00,closed
1528,2,1,COIN,-1.00,-1.00,2025-02-17 22:35:51.193721,2025-02-17 22:35:51.193721,,-1.00,,2025-02-17 22:35:51.193721,10000.00,SHORT,0.00,closed
1529,4,2,COIN,-1.00,-1.00,2025-02-17 22:35:51.193721,2025-02-17 22:35:51.193721,,-1.00,,2025-02-17 22:35:51.193721,10000.00,SHORT,0.00,closed
1530,3,2,COIN,-1.00,-1.00,2025-02-17 22:35:51.193721,2025-02-17 22:35:51.193721,,-1.00,,2025-02-17 22:35:51.193721,10000.00,LONG,0.00,closed
1531,6,1,TSLA,-1.00,-1.00,2025-02-17 22:35:51.311414,2025-02-17 22:35:51.311414,,-1.00,,2025-02-17 22:35:51.311414,10000.00,SHORT,0.00,closed
1532,1,1,COIN,-1.00,-1.00,2025-02-17 22:35:51.193721,2025-02-17 22:35:51.193721,,-1.00,,2025-02-17 22:35:51.193721,10000.00,LONG,0.00,closed
1533,2,1,COIN,-1.00,-1.00,2025-02-17 22:35:51.193721,2025-02-17 22:35:51.193721,,-1.00,,2025-02-17 22:35:51.193721,10000.00,SHORT,0.00,closed
1534,4,2,COIN,-1.00,-1.00,2025-02-17 22:35:51.193721,2025-02-17 22:35:51.193721,,-1.00,,2025-02-17 22:35:51.193721,10000.00,SHORT,0.00,closed
1535,3,2,COIN,-1.00,-1.00,2025-02-17 22:35:51.193721,2025-02-17 22:35:51.193721,,-1.00,,2025-02-17 22:35:51.193721,10000.00,LONG,0.00,closed
1536,6,1,TSLA,-1.00,-1.00,2025-02-17 22:35:51.311414,2025-02-17 22:35:51.311414,,-1.00,,2025-02-17 22:35:51.311414,10000.00,SHORT,0.00,closed
1537,1,1,COIN,-1.00,-1.00,2025-02-17 22:35:51.193721,2025-02-17 22:35:51.193721,,-1.00,,2025-02-17 22:35:51.193721,10000.00,LONG,0.00,closed
1538,2,1,COIN,-1.00,-1.00,2025-02-17 22:35:51.193721,2025-02-17 22:35:51.193721,,-1.00,,2025-02-17 22:35:51.193721,10000.00,SHORT,0.00,closed
1539,4,2,COIN,-1.00,-1.00,2025-02-17 22:35:51.193721,2025-02-17 22:35:51.193721,,-1.00,,2025-02-17 22:35:51.193721,10000.00,SHORT,0.00,closed
1540,3,2,COIN,-1.00,-1.00,2025-02-17 22:35:51.193721,2025-02-17 22:35:51.193721,,-1.00,,2025-02-17 22:35:51.193721,10000.00,LONG,0.00,closed
1541,6,1,TSLA,-1.00,-1.00,2025-02-17 22:35:51.311414,2025-02-17 22:35:51.311414,,-1.00,,2025-02-17 22:35:51.311414,10000.00,SHORT,0.00,closed
1542,1,1,COIN,-1.00,-1.00,2025-02-17 22:35:51.193721,2025-02-17 22:35:51.193721,,-1.00,,2025-02-17 22:35:51.193721,10000.00,LONG,0.00,closed
1543,2,1,COIN,-1.00,-1.00,2025-02-17 22:35:51.193721,2025-02-17 22:35:51.193721,,-1.00,,2025-02-17 22:35:51.193721,10000.00,SHORT,0.00,closed
1544,4,2,COIN,-1.00,-1.00,2025-02-17 22:35:51.193721,2025-02-17 22:35:51.193721,,-1.00,,2025-02-17 22:35:51.193721,10000.00,SHORT,0.00,closed
1545,3,2,COIN,-1.00,-1.00,2025-02-17 22:35:51.193721,2025-02-17 22:35:51.193721,,-1.00,,2025-02-17 22:35:51.193721,10000.00,LONG,0.00,closed
1546,6,1,TSLA,-1.00,-1.00,2025-02-17 22:35:51.311414,2025-02-17 22:35:51.311414,,-1.00,,2025-02-17 22:35:51.311414,10000.00,SHORT,0.00,closed
1547,1,1,COIN,-1.00,-1.00,2025-02-17 22:35:51.193721,2025-02-17 22:35:51.193721,,-1.00,,2025-02-17 22:35:51.193721,10000.00,LONG,0.00,closed
1548,2,1,COIN,-1.00,-1.00,2025-02-17 22:35:51.193721,2025-02-17 22:35:51.193721,,-1.00,,2025-02-17 22:35:51.193721,10000.00,SHORT,0.00,closed
1549,4,2,COIN,-1.00,-1.00,2025-02-17 22:35:51.193721,2025-02-17 22:35:51.193721,,-1.00,,2025-02-17 22:35:51.193721,10000.00,SHORT,0.00,closed
1550,3,2,COIN,-1.00,-1.00,2025-02-17 22:35:51.193721,2025-02-17 22:35:51.193721,,-1.00,,2025-02-17 22:35:51.193721,10000.00,LONG,0.00,closed
1551,6,1,TSLA,-1.00,-1.00,2025-02-17 22:35:51.311414,2025-02-17 22:35:51.311414,,-1.00,,2025-02-17 22:35:51.311414,10000.00,SHORT,0.00,closed
1552,1,1,COIN,-1.00,-1.00,2025-02-17 22:35:51.193721,2025-02-17 22:35:51.193721,,-1.00,,2025-02-17 22:35:51.193721,10000.00,LONG,0.00,closed
1553,2,1,COIN,-1.00,-1.00,2025-02-17 22:35:51.193721,2025-02-17 22:37:31.608449,,-1.00,,2025-02-17 22:37:31.608449,10000.00,SHORT,0.00,closed
1554,4,2,COIN,-1.00,-1.00,2025-02-17 22:35:51.193721,2025-02-17 22:37:31.608449,,-1.00,,2025-02-17 22:37:31.608449,10000.00,SHORT,0.00,closed
1555,3,2,COIN,-1.00,-1.00,2025-02-17 22:37:31.608449,2025-02-17 22:37:31.608449,,-1.00,,2025-02-17 22:37:31.608449,10000.00,LONG,0.00,closed
1556,6,1,TSLA,-1.00,-1.00,2025-02-17 22:37:31.612450,2025-02-17 22:37:31.612450,,-1.00,,2025-02-17 22:37:31.612450,10000.00,SHORT,0.00,closed
1557,1,1,COIN,-1.00,-1.00,2025-02-17 22:37:31.608449,2025-02-17 22:37:31.608449,,-1.00,,2025-02-17 22:37:31.608449,10000.00,LONG,0.00,closed
1558,2,1,COIN,-1.00,-1.00,2025-02-17 22:37:31.608449,2025-02-17 22:37:31.608449,,-1.00,,2025-02-17 22:37:31.608449,10000.00,SHORT,0.00,closed
1559,4,2,COIN,-1.00,-1.00,2025-02-17 22:37:31.608449,2025-02-17 22:37:31.608449,,-1.00,,2025-02-17 22:37:31.608449,10000.00,SHORT,0.00,closed
1560,3,2,COIN,-1.00,-1.00,2025-02-17 22:37:31.608449,2025-02-17 22:37:31.608449,,-1.00,,2025-02-17 22:37:31.608449,10000.00,LONG,0.00,closed
1561,6,1,TSLA,-1.00,-1.00,2025-02-17 22:37:31.612450,2025-02-17 22:37:31.612450,,-1.00,,2025-02-17 22:37:31.612450,10000.00,SHORT,0.00,closed
1562,1,1,COIN,-1.00,-1.00,2025-02-17 22:37:31.608449,2025-02-17 22:37:31.608449,,-1.00,,2025-02-17 22:37:31.608449,10000.00,LONG,0.00,closed
1563,2,1,COIN,-1.00,-1.00,2025-02-17 22:37:31.608449,2025-02-17 22:37:31.608449,,-1.00,,2025-02-17 22:37:31.608449,10000.00,SHORT,0.00,closed
1564,4,2,COIN,-1.00,-1.00,2025-02-17 22:37:31.608449,2025-02-17 22:37:31.608449,,-1.00,,2025-02-17 22:37:31.608449,10000.00,SHORT,0.00,closed
1565,3,2,COIN,-1.00,-1.00,2025-02-17 22:37:31.608449,2025-02-17 22:37:31.608449,,-1.00,,2025-02-17 22:37:31.608449,10000.00,LONG,0.00,closed
1566,1,1,COIN,-1.00,-1.00,2025-02-17 22:37:31.608449,2025-02-17 22:37:31.608449,,-1.00,,2025-02-17 22:37:31.608449,10000.00,LONG,0.00,closed
1567,6,1,TSLA,-1.00,-1.00,2025-02-17 22:37:31.612450,2025-02-17 22:37:31.612450,,-1.00,,2025-02-17 22:37:31.612450,10000.00,SHORT,0.00,closed
1568,2,1,COIN,-1.00,-1.00,2025-02-17 22:37:31.608449,2025-02-17 22:37:31.608449,,-1.00,,2025-02-17 22:37:31.608449,10000.00,SHORT,0.00,closed
1569,4,2,COIN,-1.00,-1.00,2025-02-17 22:37:31.608449,2025-02-17 22:37:31.608449,,-1.00,,2025-02-17 22:37:31.608449,10000.00,SHORT,0.00,closed
1570,3,2,COIN,-1.00,-1.00,2025-02-17 22:37:31.608449,2025-02-17 22:37:31.608449,,-1.00,,2025-02-17 22:37:31.608449,10000.00,LONG,0.00,closed
1571,1,1,COIN,-1.00,-1.00,2025-02-17 22:37:31.608449,2025-02-17 22:37:31.608449,,-1.00,,2025-02-17 22:37:31.608449,10000.00,LONG,0.00,closed
1572,6,1,TSLA,-1.00,-1.00,2025-02-17 22:37:31.612450,2025-02-17 22:37:31.612450,,-1.00,,2025-02-17 22:37:31.612450,10000.00,SHORT,0.00,closed
1573,2,1,COIN,-1.00,-1.00,2025-02-17 22:37:31.608449,2025-02-17 22:37:31.608449,,-1.00,,2025-02-17 22:37:31.608449,10000.00,SHORT,0.00,closed
1574,4,2,COIN,-1.00,-1.00,2025-02-17 22:37:31.608449,2025-02-17 22:37:31.608449,,-1.00,,2025-02-17 22:37:31.608449,10000.00,SHORT,0.00,closed
1575,3,2,COIN,-1.00,-1.00,2025-02-17 22:37:31.608449,2025-02-17 22:37:31.608449,,-1.00,,2025-02-17 22:37:31.608449,10000.00,LONG,0.00,closed
1576,1,1,COIN,-1.00,-1.00,2025-02-17 22:37:31.608449,2025-02-17 22:37:31.608449,,-1.00,,2025-02-17 22:37:31.608449,10000.00,LONG,0.00,closed
1577,6,1,TSLA,-1.00,-1.00,2025-02-17 22:37:31.612450,2025-02-17 22:37:31.612450,,-1.00,,2025-02-17 22:37:31.612450,10000.00,SHORT,0.00,closed
1578,2,1,COIN,-1.00,-1.00,2025-02-17 22:37:31.608449,2025-02-17 22:37:31.608449,,-1.00,,2025-02-17 22:37:31.608449,10000.00,SHORT,0.00,closed
1579,4,2,COIN,-1.00,-1.00,2025-02-17 22:37:31.608449,2025-02-17 22:37:31.608449,,-1.00,,2025-02-17 22:37:31.608449,10000.00,SHORT,0.00,closed
1580,3,2,COIN,-1.00,-1.00,2025-02-17 22:37:31.608449,2025-02-17 22:37:31.608449,,-1.00,,2025-02-17 22:37:31.608449,10000.00,LONG,0.00,closed
1581,1,1,COIN,-1.00,-1.00,2025-02-17 22:37:31.608449,2025-02-17 22:37:31.608449,,-1.00,,2025-02-17 22:37:31.608449,10000.00,LONG,0.00,closed
1582,6,1,TSLA,-1.00,-1.00,2025-02-17 22:37:31.612450,2025-02-17 22:37:31.612450,,-1.00,,2025-02-17 22:37:31.612450,10000.00,SHORT,0.00,closed
1583,2,1,COIN,-1.00,-1.00,2025-02-17 22:37:31.608449,2025-02-17 22:37:31.608449,,-1.00,,2025-02-17 22:37:31.608449,10000.00,SHORT,0.00,closed
1584,4,2,COIN,-1.00,-1.00,2025-02-17 22:37:31.608449,2025-02-17 22:37:31.608449,,-1.00,,2025-02-17 22:37:31.608449,10000.00,SHORT,0.00,closed
1585,3,2,COIN,-1.00,-1.00,2025-02-17 22:37:31.608449,2025-02-17 22:37:31.608449,,-1.00,,2025-02-17 22:37:31.608449,10000.00,LONG,0.00,closed
1586,1,1,COIN,-1.00,-1.00,2025-02-17 22:37:31.608449,2025-02-17 22:37:31.608449,,-1.00,,2025-02-17 22:37:31.608449,10000.00,LONG,0.00,closed
1587,6,1,TSLA,-1.00,-1.00,2025-02-17 22:37:31.612450,2025-02-17 22:37:31.612450,,-1.00,,2025-02-17 22:37:31.612450,10000.00,SHORT,0.00,closed
1588,2,1,COIN,-1.00,-1.00,2025-02-17 22:37:31.608449,2025-02-17 22:37:31.608449,,-1.00,,2025-02-17 22:37:31.608449,10000.00,SHORT,0.00,closed
1589,4,2,COIN,-1.00,-1.00,2025-02-17 22:37:31.608449,2025-02-17 22:37:31.608449,,-1.00,,2025-02-17 22:37:31.608449,10000.00,SHORT,0.00,closed
1590,3,2,COIN,-1.00,-1.00,2025-02-17 22:37:31.608449,2025-02-17 22:37:31.608449,,-1.00,,2025-02-17 22:37:31.608449,10000.00,LONG,0.00,closed
1591,1,1,COIN,-1.00,-1.00,2025-02-17 22:37:31.608449,2025-02-17 22:37:31.608449,,-1.00,,2025-02-17 22:37:31.608449,10000.00,LONG,0.00,closed
1592,6,1,TSLA,-1.00,-1.00,2025-02-17 22:37:31.612450,2025-02-17 22:37:31.612450,,-1.00,,2025-02-17 22:37:31.612450,10000.00,SHORT,0.00,closed
1593,2,1,COIN,-1.00,-1.00,2025-02-17 22:37:31.608449,2025-02-17 22:37:31.608449,,-1.00,,2025-02-17 22:37:31.608449,10000.00,SHORT,0.00,closed
1594,4,2,COIN,-1.00,-1.00,2025-02-17 22:37:31.608449,2025-02-17 22:37:31.608449,,-1.00,,2025-02-17 22:37:31.608449,10000.00,SHORT,0.00,closed
1595,3,2,COIN,-1.00,-1.00,2025-02-17 22:37:31.608449,2025-02-17 22:37:31.608449,,-1.00,,2025-02-17 22:37:31.608449,10000.00,LONG,0.00,closed
1596,1,1,COIN,-1.00,-1.00,2025-02-17 22:37:31.608449,2025-02-17 22:37:31.608449,,-1.00,,2025-02-17 22:37:31.608449,10000.00,LONG,0.00,closed
1597,6,1,TSLA,-1.00,-1.00,2025-02-17 22:37:31.612450,2025-02-17 22:37:31.612450,,-1.00,,2025-02-17 22:37:31.612450,10000.00,SHORT,0.00,closed
1598,2,1,COIN,-1.00,-1.00,2025-02-17 22:37:31.608449,2025-02-17 22:37:31.608449,,-1.00,,2025-02-17 22:37:31.608449,10000.00,SHORT,0.00,closed
1599,4,2,COIN,-1.00,-1.00,2025-02-17 22:37:31.608449,2025-02-17 22:37:31.608449,,-1.00,,2025-02-17 22:37:31.608449,10000.00,SHORT,0.00,closed
1600,3,2,COIN,-1.00,-1.00,2025-02-17 22:37:31.608449,2025-02-17 22:37:31.608449,,-1.00,,2025-02-17 22:37:31.608449,10000.00,LONG,0.00,closed
1601,1,1,COIN,-1.00,-1.00,2025-02-17 22:37:31.608449,2025-02-17 22:37:31.608449,,-1.00,,2025-02-17 22:37:31.608449,10000.00,LONG,0.00,closed
1602,6,1,TSLA,-1.00,-1.00,2025-02-17 22:37:31.612450,2025-02-17 22:37:31.612450,,-1.00,,2025-02-17 22:37:31.612450,10000.00,SHORT,0.00,closed
1603,2,1,COIN,-1.00,-1.00,2025-02-17 22:37:31.608449,2025-02-17 22:37:31.608449,,-1.00,,2025-02-17 22:37:31.608449,10000.00,SHORT,0.00,closed
1604,4,2,COIN,-1.00,-1.00,2025-02-17 22:37:31.608449,2025-02-17 22:37:31.608449,,-1.00,,2025-02-17 22:37:31.608449,10000.00,SHORT,0.00,closed
1605,3,2,COIN,-1.00,-1.00,2025-02-17 22:37:31.608449,2025-02-17 22:37:31.608449,,-1.00,,2025-02-17 22:37:31.608449,10000.00,LONG,0.00,closed
1606,1,1,COIN,-1.00,-1.00,2025-02-17 22:37:31.608449,2025-02-17 22:37:31.608449,,-1.00,,2025-02-17 22:37:31.608449,10000.00,LONG,0.00,closed
1607,6,1,TSLA,-1.00,-1.00,2025-02-17 22:37:31.612450,2025-02-17 22:37:31.612450,,-1.00,,2025-02-17 22:37:31.612450,10000.00,SHORT,0.00,closed
1608,2,1,COIN,-1.00,-1.00,2025-02-17 22:37:31.608449,2025-02-17 22:37:31.608449,,-1.00,,2025-02-17 22:37:31.608449,10000.00,SHORT,0.00,closed
1609,4,2,COIN,-1.00,-1.00,2025-02-17 22:37:31.608449,2025-02-17 22:37:31.608449,,-1.00,,2025-02-17 22:37:31.608449,10000.00,SHORT,0.00,closed
1610,3,2,COIN,-1.00,-1.00,2025-02-17 22:37:31.608449,2025-02-17 22:37:31.608449,,-1.00,,2025-02-17 22:37:31.608449,10000.00,LONG,0.00,closed
1611,1,1,COIN,-1.00,-1.00,2025-02-17 22:37:31.608449,2025-02-17 22:37:31.608449,,-1.00,,2025-02-17 22:37:31.608449,10000.00,LONG,0.00,closed
1612,6,1,TSLA,-1.00,-1.00,2025-02-17 22:37:31.612450,2025-02-17 22:37:31.612450,,-1.00,,2025-02-17 22:37:31.612450,10000.00,SHORT,0.00,closed
1613,2,1,COIN,-1.00,-1.00,2025-02-17 22:37:31.608449,2025-02-17 22:37:31.608449,,-1.00,,2025-02-17 22:37:31.608449,10000.00,SHORT,0.00,closed
1614,4,2,COIN,-1.00,-1.00,2025-02-17 22:37:31.608449,2025-02-17 22:37:31.608449,,-1.00,,2025-02-17 22:37:31.608449,10000.00,SHORT,0.00,closed
1615,3,2,COIN,-1.00,-1.00,2025-02-17 22:37:31.608449,2025-02-17 22:37:31.608449,,-1.00,,2025-02-17 22:37:31.608449,10000.00,LONG,0.00,closed
1616,1,1,COIN,-1.00,-1.00,2025-02-17 22:37:31.608449,2025-02-17 22:37:31.608449,,-1.00,,2025-02-17 22:37:31.608449,10000.00,LONG,0.00,closed
1617,6,1,TSLA,-1.00,-1.00,2025-02-17 22:37:31.612450,2025-02-17 22:37:31.612450,,-1.00,,2025-02-17 22:37:31.612450,10000.00,SHORT,0.00,closed
1618,2,1,COIN,-1.00,-1.00,2025-02-17 22:37:31.608449,2025-02-17 22:37:31.608449,,-1.00,,2025-02-17 22:37:31.608449,10000.00,SHORT,0.00,closed
1619,4,2,COIN,-1.00,-1.00,2025-02-17 22:37:31.608449,2025-02-17 22:37:31.608449,,-1.00,,2025-02-17 22:37:31.608449,10000.00,SHORT,0.00,closed
1620,3,2,COIN,-1.00,-1.00,2025-02-17 22:37:31.608449,2025-02-17 22:37:31.608449,,-1.00,,2025-02-17 22:37:31.608449,10000.00,LONG,0.00,closed
1621,1,1,COIN,-1.00,-1.00,2025-02-17 22:37:31.608449,2025-02-17 22:37:31.608449,,-1.00,,2025-02-17 22:37:31.608449,10000.00,LONG,0.00,closed
1622,6,1,TSLA,-1.00,-1.00,2025-02-17 22:37:31.612450,2025-02-17 22:37:31.612450,,-1.00,,2025-02-17 22:37:31.612450,10000.00,SHORT,0.00,closed
1623,2,1,COIN,-1.00,-1.00,2025-02-17 22:37:31.608449,2025-02-17 22:37:31.608449,,-1.00,,2025-02-17 22:37:31.608449,10000.00,SHORT,0.00,closed
1624,4,2,COIN,-1.00,-1.00,2025-02-17 22:37:31.608449,2025-02-17 22:37:31.608449,,-1.00,,2025-02-17 22:37:31.608449,10000.00,SHORT,0.00,closed
1625,3,2,COIN,-1.00,-1.00,2025-02-17 22:37:31.608449,2025-02-17 22:37:31.608449,,-1.00,,2025-02-17 22:37:31.608449,10000.00,LONG,0.00,closed
1626,1,1,COIN,-1.00,-1.00,2025-02-17 22:37:31.608449,2025-02-17 22:37:31.608449,,-1.00,,2025-02-17 22:37:31.608449,10000.00,LONG,0.00,closed
1627,6,1,TSLA,-1.00,-1.00,2025-02-17 22:37:31.612450,2025-02-17 22:37:31.612450,,-1.00,,2025-02-17 22:37:31.612450,10000.00,SHORT,0.00,closed
1628,2,1,COIN,-1.00,-1.00,2025-02-17 22:37:31.608449,2025-02-17 22:37:31.608449,,-1.00,,2025-02-17 22:37:31.608449,10000.00,SHORT,0.00,closed
1629,4,2,COIN,-1.00,-1.00,2025-02-17 22:37:31.608449,2025-02-17 22:37:31.608449,,-1.00,,2025-02-17 22:37:31.608449,10000.00,SHORT,0.00,closed
1630,3,2,COIN,-1.00,-1.00,2025-02-17 22:37:31.608449,2025-02-17 22:37:31.608449,,-1.00,,2025-02-17 22:37:31.608449,10000.00,LONG,0.00,closed
1631,1,1,COIN,-1.00,-1.00,2025-02-17 22:37:31.608449,2025-02-17 22:37:31.608449,,-1.00,,2025-02-17 22:37:31.608449,10000.00,LONG,0.00,closed
1632,6,1,TSLA,-1.00,-1.00,2025-02-17 22:37:31.612450,2025-02-17 22:37:31.612450,,-1.00,,2025-02-17 22:37:31.612450,10000.00,SHORT,0.00,closed
1633,2,1,COIN,-1.00,-1.00,2025-02-17 22:37:31.608449,2025-02-17 22:37:31.608449,,-1.00,,2025-02-17 22:37:31.608449,10000.00,SHORT,0.00,closed
1634,4,2,COIN,-1.00,-1.00,2025-02-17 22:37:31.608449,2025-02-17 22:37:31.608449,,-1.00,,2025-02-17 22:37:31.608449,10000.00,SHORT,0.00,closed
1635,3,2,COIN,-1.00,-1.00,2025-02-17 22:37:31.608449,2025-02-17 22:37:31.608449,,-1.00,,2025-02-17 22:37:31.608449,10000.00,LONG,0.00,closed
1636,1,1,COIN,-1.00,-1.00,2025-02-17 22:37:31.608449,2025-02-17 22:37:31.608449,,-1.00,,2025-02-17 22:37:31.608449,10000.00,LONG,0.00,closed
1637,6,1,TSLA,-1.00,-1.00,2025-02-17 22:37:31.612450,2025-02-17 22:37:31.612450,,-1.00,,2025-02-17 22:37:31.612450,10000.00,SHORT,0.00,closed
1638,2,1,COIN,-1.00,-1.00,2025-02-17 22:37:31.608449,2025-02-17 22:37:31.608449,,-1.00,,2025-02-17 22:37:31.608449,10000.00,SHORT,0.00,closed
1639,4,2,COIN,-1.00,-1.00,2025-02-17 22:37:31.608449,2025-02-17 22:37:31.608449,,-1.00,,2025-02-17 22:37:31.608449,10000.00,SHORT,0.00,closed
1640,3,2,COIN,-1.00,-1.00,2025-02-17 22:37:31.608449,2025-02-17 22:37:31.608449,,-1.00,,2025-02-17 22:37:31.608449,10000.00,LONG,0.00,closed
1641,1,1,COIN,-1.00,-1.00,2025-02-17 22:37:31.608449,2025-02-17 22:37:31.608449,,-1.00,,2025-02-17 22:37:31.608449,10000.00,LONG,0.00,closed
1642,6,1,TSLA,-1.00,-1.00,2025-02-17 22:37:31.612450,2025-02-17 22:37:31.612450,,-1.00,,2025-02-17 22:37:31.612450,10000.00,SHORT,0.00,closed
1643,2,1,COIN,-1.00,-1.00,2025-02-17 22:37:31.608449,2025-02-17 22:37:31.608449,,-1.00,,2025-02-17 22:37:31.608449,10000.00,SHORT,0.00,closed
1644,4,2,COIN,-1.00,-1.00,2025-02-17 22:37:31.608449,2025-02-17 22:37:31.608449,,-1.00,,2025-02-17 22:37:31.608449,10000.00,SHORT,0.00,closed
1645,3,2,COIN,-1.00,-1.00,2025-02-17 22:37:31.608449,2025-02-17 22:37:31.608449,,-1.00,,2025-02-17 22:37:31.608449,10000.00,LONG,0.00,closed
1646,1,1,COIN,-1.00,-1.00,2025-02-17 22:37:31.608449,2025-02-17 22:37:31.608449,,-1.00,,2025-02-17 22:37:31.608449,10000.00,LONG,0.00,closed
1647,6,1,TSLA,-1.00,-1.00,2025-02-17 22:37:31.612450,2025-02-17 22:37:31.612450,,-1.00,,2025-02-17 22:37:31.612450,10000.00,SHORT,0.00,closed
1648,2,1,COIN,-1.00,-1.00,2025-02-17 22:37:31.608449,2025-02-17 22:37:31.608449,,-1.00,,2025-02-17 22:37:31.608449,10000.00,SHORT,0.00,closed
1649,4,2,COIN,-1.00,-1.00,2025-02-17 22:37:31.608449,2025-02-17 22:37:31.608449,,-1.00,,2025-02-17 22:37:31.608449,10000.00,SHORT,0.00,closed
1650,3,2,COIN,-1.00,-1.00,2025-02-17 22:37:31.608449,2025-02-17 22:37:31.608449,,-1.00,,2025-02-17 22:37:31.608449,10000.00,LONG,0.00,closed
1651,6,1,TSLA,-1.00,-1.00,2025-02-17 22:37:31.612450,2025-02-17 22:37:31.612450,,-1.00,,2025-02-17 22:37:31.612450,10000.00,SHORT,0.00,closed
1652,1,1,COIN,-1.00,-1.00,2025-02-17 22:37:31.608449,2025-02-17 22:37:31.608449,,-1.00,,2025-02-17 22:37:31.608449,10000.00,LONG,0.00,closed
1653,2,1,COIN,-1.00,-1.00,2025-02-17 22:37:31.608449,2025-02-17 22:37:31.608449,,-1.00,,2025-02-17 22:37:31.608449,10000.00,SHORT,0.00,closed
1654,4,2,COIN,-1.00,-1.00,2025-02-17 22:37:31.608449,2025-02-17 22:37:31.608449,,-1.00,,2025-02-17 22:37:31.608449,10000.00,SHORT,0.00,closed
1655,3,2,COIN,-1.00,-1.00,2025-02-17 22:37:31.608449,2025-02-17 22:37:31.608449,,-1.00,,2025-02-17 22:37:31.608449,10000.00,LONG,0.00,closed
1656,6,1,TSLA,-1.00,-1.00,2025-02-17 22:37:31.612450,2025-02-17 22:37:31.612450,,-1.00,,2025-02-17 22:37:31.612450,10000.00,SHORT,0.00,closed
1657,1,1,COIN,-1.00,-1.00,2025-02-17 22:37:31.608449,2025-02-17 22:37:31.608449,,-1.00,,2025-02-17 22:37:31.608449,10000.00,LONG,0.00,closed
1658,2,1,COIN,-1.00,-1.00,2025-02-17 22:37:31.608449,2025-02-17 22:37:31.608449,,-1.00,,2025-02-17 22:37:31.608449,10000.00,SHORT,0.00,closed
1659,4,2,COIN,-1.00,-1.00,2025-02-17 22:37:31.608449,2025-02-17 22:37:31.608449,,-1.00,,2025-02-17 22:37:31.608449,10000.00,SHORT,0.00,closed
1660,3,2,COIN,-1.00,-1.00,2025-02-17 22:37:31.608449,2025-02-17 22:37:31.608449,,-1.00,,2025-02-17 22:37:31.608449,10000.00,LONG,0.00,closed
1661,6,1,TSLA,-1.00,-1.00,2025-02-17 22:37:31.612450,2025-02-17 22:37:31.612450,,-1.00,,2025-02-17 22:37:31.612450,10000.00,SHORT,0.00,closed
1662,1,1,COIN,-1.00,-1.00,2025-02-17 22:37:31.608449,2025-02-17 22:37:31.608449,,-1.00,,2025-02-17 22:37:31.608449,10000.00,LONG,0.00,closed
1663,2,1,COIN,-1.00,-1.00,2025-02-17 22:37:31.608449,2025-02-17 22:37:31.608449,,-1.00,,2025-02-17 22:37:31.608449,10000.00,SHORT,0.00,closed
1664,4,2,COIN,-1.00,-1.00,2025-02-17 22:37:31.608449,2025-02-17 22:37:31.608449,,-1.00,,2025-02-17 22:37:31.608449,10000.00,SHORT,0.00,closed
1665,3,2,COIN,-1.00,-1.00,2025-02-17 22:37:31.608449,2025-02-17 22:37:31.608449,,-1.00,,2025-02-17 22:37:31.608449,10000.00,LONG,0.00,closed
1666,6,1,TSLA,-1.00,-1.00,2025-02-17 22:37:31.612450,2025-02-17 22:37:31.612450,,-1.00,,2025-02-17 22:37:31.612450,10000.00,SHORT,0.00,closed
1667,1,1,COIN,-1.00,-1.00,2025-02-17 22:37:31.608449,2025-02-17 22:37:31.608449,,-1.00,,2025-02-17 22:37:31.608449,10000.00,LONG,0.00,closed
1668,2,1,COIN,-1.00,-1.00,2025-02-17 22:37:31.608449,2025-02-17 22:37:31.608449,,-1.00,,2025-02-17 22:37:31.608449,10000.00,SHORT,0.00,closed
1669,4,2,COIN,-1.00,-1.00,2025-02-17 22:37:31.608449,2025-02-17 22:37:31.608449,,-1.00,,2025-02-17 22:37:31.608449,10000.00,SHORT,0.00,closed
1670,3,2,COIN,-1.00,-1.00,2025-02-17 22:37:31.608449,2025-02-17 22:37:31.608449,,-1.00,,2025-02-17 22:37:31.608449,10000.00,LONG,0.00,closed
1671,6,1,TSLA,-1.00,-1.00,2025-02-17 22:37:31.612450,2025-02-17 22:37:31.612450,,-1.00,,2025-02-17 22:37:31.612450,10000.00,SHORT,0.00,closed
1672,1,1,COIN,-1.00,-1.00,2025-02-17 22:37:31.608449,2025-02-17 22:37:31.608449,,-1.00,,2025-02-17 22:37:31.608449,10000.00,LONG,0.00,closed
1673,2,1,COIN,-1.00,-1.00,2025-02-17 22:37:31.608449,2025-02-17 22:37:31.608449,,-1.00,,2025-02-17 22:37:31.608449,10000.00,SHORT,0.00,closed
1674,4,2,COIN,-1.00,-1.00,2025-02-17 22:37:31.608449,2025-02-17 22:37:31.608449,,-1.00,,2025-02-17 22:37:31.608449,10000.00,SHORT,0.00,closed
1675,3,2,COIN,-1.00,-1.00,2025-02-17 22:37:31.608449,2025-02-17 22:37:31.608449,,-1.00,,2025-02-17 22:37:31.608449,10000.00,LONG,0.00,closed
1676,6,1,TSLA,-1.00,-1.00,2025-02-17 22:37:31.612450,2025-02-17 22:37:31.612450,,-1.00,,2025-02-17 22:37:31.612450,10000.00,SHORT,0.00,closed
1677,1,1,COIN,-1.00,-1.00,2025-02-17 22:37:31.608449,2025-02-17 22:37:31.608449,,-1.00,,2025-02-17 22:37:31.608449,10000.00,LONG,0.00,closed
1678,2,1,COIN,-1.00,-1.00,2025-02-17 22:37:31.608449,2025-02-17 22:37:31.608449,,-1.00,,2025-02-17 22:37:31.608449,10000.00,SHORT,0.00,closed
1679,4,2,COIN,-1.00,-1.00,2025-02-17 22:37:31.608449,2025-02-17 22:37:31.608449,,-1.00,,2025-02-17 22:37:31.608449,10000.00,SHORT,0.00,closed
1680,3,2,COIN,-1.00,-1.00,2025-02-17 22:37:31.608449,2025-02-17 22:37:31.608449,,-1.00,,2025-02-17 22:37:31.608449,10000.00,LONG,0.00,closed
1681,6,1,TSLA,-1.00,-1.00,2025-02-17 22:37:31.612450,2025-02-17 22:37:31.612450,,-1.00,,2025-02-17 22:37:31.612450,10000.00,SHORT,0.00,closed
1682,1,1,COIN,-1.00,-1.00,2025-02-17 22:37:31.608449,2025-02-17 22:37:31.608449,,-1.00,,2025-02-17 22:37:31.608449,10000.00,LONG,0.00,closed
1683,2,1,COIN,-1.00,-1.00,2025-02-17 22:37:31.608449,2025-02-17 22:37:31.608449,,-1.00,,2025-02-17 22:37:31.608449,10000.00,SHORT,0.00,closed
1684,4,2,COIN,-1.00,-1.00,2025-02-17 22:37:31.608449,2025-02-17 22:37:31.608449,,-1.00,,2025-02-17 22:37:31.608449,10000.00,SHORT,0.00,closed
1685,3,2,COIN,-1.00,-1.00,2025-02-17 22:37:31.608449,2025-02-17 22:37:31.608449,,-1.00,,2025-02-17 22:37:31.608449,10000.00,LONG,0.00,closed
1686,6,1,TSLA,-1.00,-1.00,2025-02-17 22:37:31.612450,2025-02-17 22:37:31.612450,,-1.00,,2025-02-17 22:37:31.612450,10000.00,SHORT,0.00,closed
1687,1,1,COIN,-1.00,-1.00,2025-02-17 22:37:31.608449,2025-02-17 22:37:31.608449,,-1.00,,2025-02-17 22:37:31.608449,10000.00,LONG,0.00,closed
1688,2,1,COIN,-1.00,-1.00,2025-02-17 22:37:31.608449,2025-02-17 22:37:31.608449,,-1.00,,2025-02-17 22:37:31.608449,10000.00,SHORT,0.00,closed
1689,4,2,COIN,-1.00,-1.00,2025-02-17 22:37:31.608449,2025-02-17 22:37:31.608449,,-1.00,,2025-02-17 22:37:31.608449,10000.00,SHORT,0.00,closed
1690,3,2,COIN,-1.00,-1.00,2025-02-17 22:37:31.608449,2025-02-17 22:37:31.608449,,-1.00,,2025-02-17 22:37:31.608449,10000.00,LONG,0.00,closed
1691,6,1,TSLA,-1.00,-1.00,2025-02-17 22:37:31.612450,2025-02-17 22:37:31.612450,,-1.00,,2025-02-17 22:37:31.612450,10000.00,SHORT,0.00,closed
1692,1,1,COIN,-1.00,-1.00,2025-02-17 22:37:31.608449,2025-02-17 22:37:31.608449,,-1.00,,2025-02-17 22:37:31.608449,10000.00,LONG,0.00,closed
1693,2,1,COIN,-1.00,-1.00,2025-02-17 22:37:31.608449,2025-02-17 22:37:31.608449,,-1.00,,2025-02-17 22:37:31.608449,10000.00,SHORT,0.00,closed
1694,4,2,COIN,-1.00,-1.00,2025-02-17 22:37:31.608449,2025-02-17 22:37:31.608449,,-1.00,,2025-02-17 22:37:31.608449,10000.00,SHORT,0.00,closed
1695,3,2,COIN,-1.00,-1.00,2025-02-17 22:37:31.608449,2025-02-17 22:37:31.608449,,-1.00,,2025-02-17 22:37:31.608449,10000.00,LONG,0.00,closed
1696,1,1,COIN,-1.00,-1.00,2025-02-17 22:37:31.608449,2025-02-17 22:37:31.608449,,-1.00,,2025-02-17 22:37:31.608449,10000.00,LONG,0.00,closed
1697,6,1,TSLA,-1.00,-1.00,2025-02-17 22:37:31.612450,2025-02-17 22:37:31.612450,,-1.00,,2025-02-17 22:37:31.612450,10000.00,SHORT,0.00,closed
1698,2,1,COIN,-1.00,-1.00,2025-02-17 22:37:31.608449,2025-02-17 22:37:31.608449,,-1.00,,2025-02-17 22:37:31.608449,10000.00,SHORT,0.00,closed
1699,4,2,COIN,-1.00,-1.00,2025-02-17 22:37:31.608449,2025-02-17 22:37:31.608449,,-1.00,,2025-02-17 22:37:31.608449,10000.00,SHORT,0.00,closed
1700,3,2,COIN,-1.00,-1.00,2025-02-17 22:37:31.608449,2025-02-17 22:37:31.608449,,-1.00,,2025-02-17 22:37:31.608449,10000.00,LONG,0.00,closed
1701,1,1,COIN,-1.00,-1.00,2025-02-17 22:37:31.608449,2025-02-17 22:37:31.608449,,-1.00,,2025-02-17 22:37:31.608449,10000.00,LONG,0.00,closed
1702,6,1,TSLA,-1.00,-1.00,2025-02-17 22:37:31.612450,2025-02-17 22:37:31.612450,,-1.00,,2025-02-17 22:37:31.612450,10000.00,SHORT,0.00,closed
1703,2,1,COIN,-1.00,-1.00,2025-02-17 22:37:31.608449,2025-02-17 22:37:31.608449,,-1.00,,2025-02-17 22:37:31.608449,10000.00,SHORT,0.00,closed
1704,4,2,COIN,-1.00,-1.00,2025-02-17 22:37:31.608449,2025-02-17 22:37:31.608449,,-1.00,,2025-02-17 22:37:31.608449,10000.00,SHORT,0.00,closed
1705,3,2,COIN,-1.00,-1.00,2025-02-17 22:37:31.608449,2025-02-17 22:37:31.608449,,-1.00,,2025-02-17 22:37:31.608449,10000.00,LONG,0.00,closed
1706,1,1,COIN,-1.00,-1.00,2025-02-17 22:37:31.608449,2025-02-17 22:37:31.608449,,-1.00,,2025-02-17 22:37:31.608449,10000.00,LONG,0.00,closed
1707,6,1,TSLA,-1.00,-1.00,2025-02-17 22:37:31.612450,2025-02-17 22:37:31.612450,,-1.00,,2025-02-17 22:37:31.612450,10000.00,SHORT,0.00,closed
1708,2,1,COIN,-1.00,-1.00,2025-02-17 22:37:31.608449,2025-02-17 22:37:31.608449,,-1.00,,2025-02-17 22:37:31.608449,10000.00,SHORT,0.00,closed
1709,4,2,COIN,-1.00,-1.00,2025-02-17 22:37:31.608449,2025-02-17 22:37:31.608449,,-1.00,,2025-02-17 22:37:31.608449,10000.00,SHORT,0.00,closed
1710,3,2,COIN,-1.00,-1.00,2025-02-17 22:37:31.608449,2025-02-17 22:37:31.608449,,-1.00,,2025-02-17 22:37:31.608449,10000.00,LONG,0.00,closed
1711,1,1,COIN,-1.00,-1.00,2025-02-17 22:37:31.608449,2025-02-17 22:37:31.608449,,-1.00,,2025-02-17 22:37:31.608449,10000.00,LONG,0.00,closed
1712,6,1,TSLA,-1.00,-1.00,2025-02-17 22:37:31.612450,2025-02-17 22:37:31.612450,,-1.00,,2025-02-17 22:37:31.612450,10000.00,SHORT,0.00,closed
1713,2,1,COIN,-1.00,-1.00,2025-02-17 22:37:31.608449,2025-02-17 22:37:31.608449,,-1.00,,2025-02-17 22:37:31.608449,10000.00,SHORT,0.00,closed
1714,4,2,COIN,-1.00,-1.00,2025-02-17 22:37:31.608449,2025-02-17 22:37:31.608449,,-1.00,,2025-02-17 22:37:31.608449,10000.00,SHORT,0.00,closed
1715,3,2,COIN,-1.00,-1.00,2025-02-17 22:37:31.608449,2025-02-17 22:37:31.608449,,-1.00,,2025-02-17 22:37:31.608449,10000.00,LONG,0.00,closed
1716,1,1,COIN,-1.00,-1.00,2025-02-17 22:37:31.608449,2025-02-17 22:37:31.608449,,-1.00,,2025-02-17 22:37:31.608449,10000.00,LONG,0.00,closed
1717,6,1,TSLA,-1.00,-1.00,2025-02-17 22:37:31.612450,2025-02-17 22:37:31.612450,,-1.00,,2025-02-17 22:37:31.612450,10000.00,SHORT,0.00,closed
1718,2,1,COIN,-1.00,-1.00,2025-02-17 22:37:31.608449,2025-02-17 22:37:31.608449,,-1.00,,2025-02-17 22:37:31.608449,10000.00,SHORT,0.00,closed
1719,4,2,COIN,-1.00,-1.00,2025-02-17 22:37:31.608449,2025-02-17 22:37:31.608449,,-1.00,,2025-02-17 22:37:31.608449,10000.00,SHORT,0.00,closed
1720,3,2,COIN,-1.00,-1.00,2025-02-17 22:37:31.608449,2025-02-17 22:37:31.608449,,-1.00,,2025-02-17 22:37:31.608449,10000.00,LONG,0.00,closed
1721,1,1,COIN,-1.00,-1.00,2025-02-17 22:37:31.608449,2025-02-17 22:37:31.608449,,-1.00,,2025-02-17 22:37:31.608449,10000.00,LONG,0.00,closed
1722,6,1,TSLA,-1.00,-1.00,2025-02-17 22:37:31.612450,2025-02-17 22:37:31.612450,,-1.00,,2025-02-17 22:37:31.612450,10000.00,SHORT,0.00,closed
1723,2,1,COIN,-1.00,-1.00,2025-02-17 22:37:31.608449,2025-02-17 22:37:31.608449,,-1.00,,2025-02-17 22:37:31.608449,10000.00,SHORT,0.00,closed
1724,4,2,COIN,-1.00,-1.00,2025-02-17 22:37:31.608449,2025-02-17 22:37:31.608449,,-1.00,,2025-02-17 22:37:31.608449,10000.00,SHORT,0.00,closed
1725,3,2,COIN,-1.00,-1.00,2025-02-17 22:37:31.608449,2025-02-17 22:37:31.608449,,-1.00,,2025-02-17 22:37:31.608449,10000.00,LONG,0.00,closed
1726,1,1,COIN,-1.00,-1.00,2025-02-17 22:37:31.608449,2025-02-17 22:37:31.608449,,-1.00,,2025-02-17 22:37:31.608449,10000.00,LONG,0.00,closed
1727,6,1,TSLA,-1.00,-1.00,2025-02-17 22:37:31.612450,2025-02-17 22:37:31.612450,,-1.00,,2025-02-17 22:37:31.612450,10000.00,SHORT,0.00,closed
1728,2,1,COIN,-1.00,-1.00,2025-02-17 22:37:31.608449,2025-02-17 22:37:31.608449,,-1.00,,2025-02-17 22:37:31.608449,10000.00,SHORT,0.00,closed
1729,4,2,COIN,-1.00,-1.00,2025-02-17 22:37:31.608449,2025-02-17 22:37:31.608449,,-1.00,,2025-02-17 22:37:31.608449,10000.00,SHORT,0.00,closed
1730,3,2,COIN,-1.00,-1.00,2025-02-17 22:37:31.608449,2025-02-17 22:37:31.608449,,-1.00,,2025-02-17 22:37:31.608449,10000.00,LONG,0.00,closed
1731,1,1,COIN,-1.00,-1.00,2025-02-17 22:37:31.608449,2025-02-17 22:37:31.608449,,-1.00,,2025-02-17 22:37:31.608449,10000.00,LONG,0.00,closed
1732,6,1,TSLA,-1.00,-1.00,2025-02-17 22:37:31.612450,2025-02-17 22:37:31.612450,,-1.00,,2025-02-17 22:37:31.612450,10000.00,SHORT,0.00,closed
1733,2,1,COIN,-1.00,-1.00,2025-02-17 22:37:31.608449,2025-02-17 22:37:31.608449,,-1.00,,2025-02-17 22:37:31.608449,10000.00,SHORT,0.00,closed
1734,4,2,COIN,-1.00,-1.00,2025-02-17 22:37:31.608449,2025-02-17 22:37:31.608449,,-1.00,,2025-02-17 22:37:31.608449,10000.00,SHORT,0.00,closed
1735,3,2,COIN,-1.00,-1.00,2025-02-17 22:37:31.608449,2025-02-17 22:37:31.608449,,-1.00,,2025-02-17 22:37:31.608449,10000.00,LONG,0.00,closed
1736,1,1,COIN,-1.00,-1.00,2025-02-17 22:37:31.608449,2025-02-17 22:37:31.608449,,-1.00,,2025-02-17 22:37:31.608449,10000.00,LONG,0.00,closed
1737,6,1,TSLA,-1.00,-1.00,2025-02-17 22:37:31.612450,2025-02-17 22:37:31.612450,,-1.00,,2025-02-17 22:37:31.612450,10000.00,SHORT,0.00,closed
1738,2,1,COIN,-1.00,-1.00,2025-02-17 22:37:31.608449,2025-02-17 22:37:31.608449,,-1.00,,2025-02-17 22:37:31.608449,10000.00,SHORT,0.00,closed
1739,4,2,COIN,-1.00,-1.00,2025-02-17 22:37:31.608449,2025-02-17 22:37:31.608449,,-1.00,,2025-02-17 22:37:31.608449,10000.00,SHORT,0.00,closed
1740,3,2,COIN,-1.00,-1.00,2025-02-17 22:37:31.608449,2025-02-17 22:37:31.608449,,-1.00,,2025-02-17 22:37:31.608449,10000.00,LONG,0.00,closed
1741,1,1,COIN,-1.00,-1.00,2025-02-17 22:37:31.608449,2025-02-17 22:37:31.608449,,-1.00,,2025-02-17 22:37:31.608449,10000.00,LONG,0.00,closed
1742,6,1,TSLA,-1.00,-1.00,2025-02-17 22:37:31.612450,2025-02-17 22:37:31.612450,,-1.00,,2025-02-17 22:37:31.612450,10000.00,SHORT,0.00,closed
1743,2,1,COIN,-1.00,-1.00,2025-02-17 22:37:31.608449,2025-02-17 22:37:31.608449,,-1.00,,2025-02-17 22:37:31.608449,10000.00,SHORT,0.00,closed
1744,4,2,COIN,-1.00,-1.00,2025-02-17 22:37:31.608449,2025-02-17 22:37:31.608449,,-1.00,,2025-02-17 22:37:31.608449,10000.00,SHORT,0.00,closed
1745,3,2,COIN,-1.00,-1.00,2025-02-17 22:37:31.608449,2025-02-17 22:37:31.608449,,-1.00,,2025-02-17 22:37:31.608449,10000.00,LONG,0.00,closed
1746,1,1,COIN,-1.00,-1.00,2025-02-17 22:37:31.608449,2025-02-17 22:37:31.608449,,-1.00,,2025-02-17 22:37:31.608449,10000.00,LONG,0.00,closed
1747,6,1,TSLA,-1.00,-1.00,2025-02-17 22:37:31.612450,2025-02-17 22:37:31.612450,,-1.00,,2025-02-17 22:37:31.612450,10000.00,SHORT,0.00,closed
1748,2,1,COIN,-1.00,-1.00,2025-02-17 22:37:31.608449,2025-02-17 22:37:31.608449,,-1.00,,2025-02-17 22:37:31.608449,10000.00,SHORT,0.00,closed
1749,4,2,COIN,-1.00,-1.00,2025-02-17 22:37:31.608449,2025-02-17 22:37:31.608449,,-1.00,,2025-02-17 22:37:31.608449,10000.00,SHORT,0.00,closed
1750,3,2,COIN,-1.00,-1.00,2025-02-17 22:37:31.608449,2025-02-17 22:37:31.608449,,-1.00,,2025-02-17 22:37:31.608449,10000.00,LONG,0.00,closed
1751,1,1,COIN,-1.00,-1.00,2025-02-17 22:37:31.608449,2025-02-17 22:37:31.608449,,-1.00,,2025-02-17 22:37:31.608449,10000.00,LONG,0.00,closed
1752,6,1,TSLA,-1.00,-1.00,2025-02-17 22:37:31.612450,2025-02-17 22:37:31.612450,,-1.00,,2025-02-17 22:37:31.612450,10000.00,SHORT,0.00,closed
1753,2,1,COIN,-1.00,-1.00,2025-02-17 22:37:31.608449,2025-02-17 22:37:31.608449,,-1.00,,2025-02-17 22:37:31.608449,10000.00,SHORT,0.00,closed
1754,4,2,COIN,-1.00,-1.00,2025-02-17 22:37:31.608449,2025-02-17 22:37:31.608449,,-1.00,,2025-02-17 22:37:31.608449,10000.00,SHORT,0.00,closed
1755,3,2,COIN,-1.00,-1.00,2025-02-17 22:37:31.608449,2025-02-17 22:37:31.608449,,-1.00,,2025-02-17 22:37:31.608449,10000.00,LONG,0.00,closed
1756,1,1,COIN,-1.00,-1.00,2025-02-17 22:37:31.608449,2025-02-17 22:37:31.608449,,-1.00,,2025-02-17 22:37:31.608449,10000.00,LONG,0.00,closed
1757,6,1,TSLA,-1.00,-1.00,2025-02-17 22:37:31.612450,2025-02-17 22:37:31.612450,,-1.00,,2025-02-17 22:37:31.612450,10000.00,SHORT,0.00,closed
1758,2,1,COIN,-1.00,-1.00,2025-02-17 22:37:31.608449,2025-02-17 22:37:31.608449,,-1.00,,2025-02-17 22:37:31.608449,10000.00,SHORT,0.00,closed
1759,4,2,COIN,-1.00,-1.00,2025-02-17 22:37:31.608449,2025-02-17 22:37:31.608449,,-1.00,,2025-02-17 22:37:31.608449,10000.00,SHORT,0.00,closed
1760,3,2,COIN,-1.00,-1.00,2025-02-17 22:37:31.608449,2025-02-17 22:37:31.608449,,-1.00,,2025-02-17 22:37:31.608449,10000.00,LONG,0.00,closed
1761,1,1,COIN,-1.00,-1.00,2025-02-17 22:37:31.608449,2025-02-17 22:37:31.608449,,-1.00,,2025-02-17 22:37:31.608449,10000.00,LONG,0.00,closed
1762,6,1,TSLA,-1.00,-1.00,2025-02-17 22:37:31.612450,2025-02-17 22:37:31.612450,,-1.00,,2025-02-17 22:37:31.612450,10000.00,SHORT,0.00,closed
1763,2,1,COIN,-1.00,-1.00,2025-02-17 22:37:31.608449,2025-02-17 22:37:31.608449,,-1.00,,2025-02-17 22:37:31.608449,10000.00,SHORT,0.00,closed
1764,4,2,COIN,-1.00,-1.00,2025-02-17 22:37:31.608449,2025-02-17 22:37:31.608449,,-1.00,,2025-02-17 22:37:31.608449,10000.00,SHORT,0.00,closed
1765,3,2,COIN,-1.00,-1.00,2025-02-17 22:37:31.608449,2025-02-17 22:37:31.608449,,-1.00,,2025-02-17 22:37:31.608449,10000.00,LONG,0.00,closed
1766,1,1,COIN,-1.00,-1.00,2025-02-17 22:37:31.608449,2025-02-17 22:37:31.608449,,-1.00,,2025-02-17 22:37:31.608449,10000.00,LONG,0.00,closed
1767,6,1,TSLA,-1.00,-1.00,2025-02-17 22:37:31.612450,2025-02-17 22:37:31.612450,,-1.00,,2025-02-17 22:37:31.612450,10000.00,SHORT,0.00,closed
1768,2,1,COIN,-1.00,-1.00,2025-02-17 22:37:31.608449,2025-02-17 22:37:31.608449,,-1.00,,2025-02-17 22:37:31.608449,10000.00,SHORT,0.00,closed
1769,4,2,COIN,-1.00,-1.00,2025-02-17 22:37:31.608449,2025-02-17 22:37:31.608449,,-1.00,,2025-02-17 22:37:31.608449,10000.00,SHORT,0.00,closed
1770,3,2,COIN,-1.00,-1.00,2025-02-17 22:37:31.608449,2025-02-17 22:37:31.608449,,-1.00,,2025-02-17 22:37:31.608449,10000.00,LONG,0.00,closed
1771,1,1,COIN,-1.00,-1.00,2025-02-17 22:37:31.608449,2025-02-17 22:37:31.608449,,-1.00,,2025-02-17 22:37:31.608449,10000.00,LONG,0.00,closed
1772,6,1,TSLA,-1.00,-1.00,2025-02-17 22:37:31.612450,2025-02-17 22:37:31.612450,,-1.00,,2025-02-17 22:37:31.612450,10000.00,SHORT,0.00,closed
1773,2,1,COIN,-1.00,-1.00,2025-02-17 22:37:31.608449,2025-02-17 22:37:31.608449,,-1.00,,2025-02-17 22:37:31.608449,10000.00,SHORT,0.00,closed
1774,4,2,COIN,-1.00,-1.00,2025-02-17 22:37:31.608449,2025-02-17 22:37:31.608449,,-1.00,,2025-02-17 22:37:31.608449,10000.00,SHORT,0.00,closed
1775,3,2,COIN,-1.00,-1.00,2025-02-17 22:37:31.608449,2025-02-17 22:37:31.608449,,-1.00,,2025-02-17 22:37:31.608449,10000.00,LONG,0.00,closed
1776,1,1,COIN,-1.00,-1.00,2025-02-17 22:37:31.608449,2025-02-17 22:37:31.608449,,-1.00,,2025-02-17 22:37:31.608449,10000.00,LONG,0.00,closed
1777,6,1,TSLA,-1.00,-1.00,2025-02-17 22:37:31.612450,2025-02-17 22:37:31.612450,,-1.00,,2025-02-17 22:37:31.612450,10000.00,SHORT,0.00,closed
1778,2,1,COIN,-1.00,-1.00,2025-02-17 22:37:31.608449,2025-02-17 22:37:31.608449,,-1.00,,2025-02-17 22:37:31.608449,10000.00,SHORT,0.00,closed
1779,4,2,COIN,-1.00,-1.00,2025-02-17 22:37:31.608449,2025-02-17 22:37:31.608449,,-1.00,,2025-02-17 22:37:31.608449,10000.00,SHORT,0.00,closed
1780,3,2,COIN,-1.00,-1.00,2025-02-17 22:37:31.608449,2025-02-17 22:37:31.608449,,-1.00,,2025-02-17 22:37:31.608449,10000.00,LONG,0.00,closed
1781,1,1,COIN,-1.00,-1.00,2025-02-17 22:37:31.608449,2025-02-17 22:37:31.608449,,-1.00,,2025-02-17 22:37:31.608449,10000.00,LONG,0.00,closed
1782,6,1,TSLA,-1.00,-1.00,2025-02-17 22:37:31.612450,2025-02-17 22:37:31.612450,,-1.00,,2025-02-17 22:37:31.612450,10000.00,SHORT,0.00,closed
1783,2,1,COIN,-1.00,-1.00,2025-02-17 22:37:31.608449,2025-02-17 22:37:31.608449,,-1.00,,2025-02-17 22:37:31.608449,10000.00,SHORT,0.00,closed
1784,4,2,COIN,-1.00,-1.00,2025-02-17 22:37:31.608449,2025-02-17 22:37:31.608449,,-1.00,,2025-02-17 22:37:31.608449,10000.00,SHORT,0.00,closed
1785,3,2,COIN,-1.00,-1.00,2025-02-17 22:37:31.608449,2025-02-17 22:37:31.608449,,-1.00,,2025-02-17 22:37:31.608449,10000.00,LONG,0.00,closed
1786,1,1,COIN,-1.00,-1.00,2025-02-17 22:37:31.608449,2025-02-17 22:37:31.608449,,-1.00,,2025-02-17 22:37:31.608449,10000.00,LONG,0.00,closed
1787,6,1,TSLA,-1.00,-1.00,2025-02-17 22:37:31.612450,2025-02-17 22:37:31.612450,,-1.00,,2025-02-17 22:37:31.612450,10000.00,SHORT,0.00,closed
1788,2,1,COIN,-1.00,-1.00,2025-02-17 22:37:31.608449,2025-02-17 22:37:31.608449,,-1.00,,2025-02-17 22:37:31.608449,10000.00,SHORT,0.00,closed
1789,4,2,COIN,-1.00,-1.00,2025-02-17 22:37:31.608449,2025-02-17 22:37:31.608449,,-1.00,,2025-02-17 22:37:31.608449,10000.00,SHORT,0.00,closed
1790,3,2,COIN,-1.00,-1.00,2025-02-17 22:37:31.608449,2025-02-17 22:37:31.608449,,-1.00,,2025-02-17 22:37:31.608449,10000.00,LONG,0.00,closed
1791,1,1,COIN,-1.00,-1.00,2025-02-17 22:37:31.608449,2025-02-17 22:37:31.608449,,-1.00,,2025-02-17 22:37:31.608449,10000.00,LONG,0.00,closed
1792,6,1,TSLA,-1.00,-1.00,2025-02-17 22:37:31.612450,2025-02-17 22:37:31.612450,,-1.00,,2025-02-17 22:37:31.612450,10000.00,SHORT,0.00,closed
1793,2,1,COIN,-1.00,-1.00,2025-02-17 22:37:31.608449,2025-02-17 22:37:31.608449,,-1.00,,2025-02-17 22:37:31.608449,10000.00,SHORT,0.00,closed
1794,4,2,COIN,-1.00,-1.00,2025-02-17 22:37:31.608449,2025-02-17 22:37:31.608449,,-1.00,,2025-02-17 22:37:31.608449,10000.00,SHORT,0.00,closed
1795,3,2,COIN,-1.00,-1.00,2025-02-17 22:37:31.608449,2025-02-17 22:37:31.608449,,-1.00,,2025-02-17 22:37:31.608449,10000.00,LONG,0.00,closed
1796,1,1,COIN,-1.00,-1.00,2025-02-17 22:37:31.608449,2025-02-17 22:37:31.608449,,-1.00,,2025-02-17 22:37:31.608449,10000.00,LONG,0.00,closed
1797,6,1,TSLA,-1.00,-1.00,2025-02-17 22:37:31.612450,2025-02-17 22:37:31.612450,,-1.00,,2025-02-17 22:37:31.612450,10000.00,SHORT,0.00,closed
1798,2,1,COIN,-1.00,-1.00,2025-02-17 22:37:31.608449,2025-02-17 22:37:31.608449,,-1.00,,2025-02-17 22:37:31.608449,10000.00,SHORT,0.00,closed
1799,4,2,COIN,-1.00,-1.00,2025-02-17 22:37:31.608449,2025-02-17 22:37:31.608449,,-1.00,,2025-02-17 22:37:31.608449,10000.00,SHORT,0.00,closed
1800,3,2,COIN,-1.00,-1.00,2025-02-17 22:37:31.608449,2025-02-17 22:37:31.608449,,-1.00,,2025-02-17 22:37:31.608449,10000.00,LONG,0.00,closed
1801,1,1,COIN,-1.00,-1.00,2025-02-17 22:37:31.608449,2025-02-17 22:37:31.608449,,-1.00,,2025-02-17 22:37:31.608449,10000.00,LONG,0.00,closed
1802,6,1,TSLA,-1.00,-1.00,2025-02-17 22:37:31.612450,2025-02-17 22:37:31.612450,,-1.00,,2025-02-17 22:37:31.612450,10000.00,SHORT,0.00,closed
1803,2,1,COIN,-1.00,-1.00,2025-02-17 22:37:31.608449,2025-02-17 22:37:31.608449,,-1.00,,2025-02-17 22:37:31.608449,10000.00,SHORT,0.00,closed
1804,4,2,COIN,-1.00,-1.00,2025-02-17 22:37:31.608449,2025-02-17 22:37:31.608449,,-1.00,,2025-02-17 22:37:31.608449,10000.00,SHORT,0.00,closed
1805,3,2,COIN,-1.00,-1.00,2025-02-17 22:37:31.608449,2025-02-17 22:37:31.608449,,-1.00,,2025-02-17 22:37:31.608449,10000.00,LONG,0.00,closed
1806,1,1,COIN,-1.00,-1.00,2025-02-17 22:37:31.608449,2025-02-17 22:37:31.608449,,-1.00,,2025-02-17 22:37:31.608449,10000.00,LONG,0.00,closed
1807,6,1,TSLA,-1.00,-1.00,2025-02-17 22:37:31.612450,2025-02-17 22:37:31.612450,,-1.00,,2025-02-17 22:37:31.612450,10000.00,SHORT,0.00,closed
1808,2,1,COIN,-1.00,-1.00,2025-02-17 22:37:31.608449,2025-02-17 22:37:31.608449,,-1.00,,2025-02-17 22:37:31.608449,10000.00,SHORT,0.00,closed
1809,4,2,COIN,-1.00,-1.00,2025-02-17 22:37:31.608449,2025-02-17 22:37:31.608449,,-1.00,,2025-02-17 22:37:31.608449,10000.00,SHORT,0.00,closed
1810,3,2,COIN,-1.00,-1.00,2025-02-17 22:37:31.608449,2025-02-17 22:37:31.608449,,-1.00,,2025-02-17 22:37:31.608449,10000.00,LONG,0.00,closed
1811,1,1,COIN,-1.00,-1.00,2025-02-17 22:37:31.608449,2025-02-17 22:37:31.608449,,-1.00,,2025-02-17 22:37:31.608449,10000.00,LONG,0.00,closed
1812,6,1,TSLA,-1.00,-1.00,2025-02-17 22:37:31.612450,2025-02-17 22:37:31.612450,,-1.00,,2025-02-17 22:37:31.612450,10000.00,SHORT,0.00,closed
1813,2,1,COIN,-1.00,-1.00,2025-02-17 22:37:31.608449,2025-02-17 22:37:31.608449,,-1.00,,2025-02-17 22:37:31.608449,10000.00,SHORT,0.00,closed
1814,4,2,COIN,-1.00,-1.00,2025-02-17 22:37:31.608449,2025-02-17 22:37:31.608449,,-1.00,,2025-02-17 22:37:31.608449,10000.00,SHORT,0.00,closed
1815,3,2,COIN,-1.00,-1.00,2025-02-17 22:37:31.608449,2025-02-17 22:37:31.608449,,-1.00,,2025-02-17 22:37:31.608449,10000.00,LONG,0.00,closed
1816,1,1,COIN,-1.00,-1.00,2025-02-17 22:37:31.608449,2025-02-17 22:37:31.608449,,-1.00,,2025-02-17 22:37:31.608449,10000.00,LONG,0.00,closed
1817,6,1,TSLA,-1.00,-1.00,2025-02-17 22:37:31.612450,2025-02-17 22:37:31.612450,,-1.00,,2025-02-17 22:37:31.612450,10000.00,SHORT,0.00,closed
1818,2,1,COIN,-1.00,-1.00,2025-02-17 22:37:31.608449,2025-02-17 22:37:31.608449,,-1.00,,2025-02-17 22:37:31.608449,10000.00,SHORT,0.00,closed
1819,4,2,COIN,-1.00,-1.00,2025-02-17 22:37:31.608449,2025-02-17 22:37:31.608449,,-1.00,,2025-02-17 22:37:31.608449,10000.00,SHORT,0.00,closed
1820,3,2,COIN,-1.00,-1.00,2025-02-17 22:37:31.608449,2025-02-17 22:37:31.608449,,-1.00,,2025-02-17 22:37:31.608449,10000.00,LONG,0.00,closed
1821,1,1,COIN,-1.00,-1.00,2025-02-17 22:37:31.608449,2025-02-17 22:37:31.608449,,-1.00,,2025-02-17 22:37:31.608449,10000.00,LONG,0.00,closed
1822,6,1,TSLA,-1.00,-1.00,2025-02-17 22:37:31.612450,2025-02-17 22:37:31.612450,,-1.00,,2025-02-17 22:37:31.612450,10000.00,SHORT,0.00,closed
1823,2,1,COIN,-1.00,-1.00,2025-02-17 22:37:31.608449,2025-02-17 22:37:31.608449,,-1.00,,2025-02-17 22:37:31.608449,10000.00,SHORT,0.00,closed
1824,4,2,COIN,-1.00,-1.00,2025-02-17 22:37:31.608449,2025-02-17 22:37:31.608449,,-1.00,,2025-02-17 22:37:31.608449,10000.00,SHORT,0.00,closed
1825,3,2,COIN,-1.00,-1.00,2025-02-17 22:37:31.608449,2025-02-17 22:37:31.608449,,-1.00,,2025-02-17 22:37:31.608449,10000.00,LONG,0.00,closed
1826,1,1,COIN,-1.00,-1.00,2025-02-17 22:37:31.608449,2025-02-17 22:37:31.608449,,-1.00,,2025-02-17 22:37:31.608449,10000.00,LONG,0.00,closed
1827,6,1,TSLA,-1.00,-1.00,2025-02-17 22:37:31.612450,2025-02-17 22:37:31.612450,,-1.00,,2025-02-17 22:37:31.612450,10000.00,SHORT,0.00,closed
1828,2,1,COIN,-1.00,-1.00,2025-02-17 22:37:31.608449,2025-02-17 22:37:31.608449,,-1.00,,2025-02-17 22:37:31.608449,10000.00,SHORT,0.00,closed
1829,4,2,COIN,-1.00,-1.00,2025-02-17 22:37:31.608449,2025-02-17 22:37:31.608449,,-1.00,,2025-02-17 22:37:31.608449,10000.00,SHORT,0.00,closed
1830,3,2,COIN,-1.00,-1.00,2025-02-17 22:37:31.608449,2025-02-17 22:37:31.608449,,-1.00,,2025-02-17 22:37:31.608449,10000.00,LONG,0.00,closed
1831,1,1,COIN,-1.00,-1.00,2025-02-17 22:37:31.608449,2025-02-17 22:37:31.608449,,-1.00,,2025-02-17 22:37:31.608449,10000.00,LONG,0.00,closed
1832,6,1,TSLA,-1.00,-1.00,2025-02-17 22:37:31.612450,2025-02-17 22:37:31.612450,,-1.00,,2025-02-17 22:37:31.612450,10000.00,SHORT,0.00,closed
1833,2,1,COIN,-1.00,-1.00,2025-02-17 22:37:31.608449,2025-02-17 22:37:31.608449,,-1.00,,2025-02-17 22:37:31.608449,10000.00,SHORT,0.00,closed
1834,4,2,COIN,-1.00,-1.00,2025-02-17 22:37:31.608449,2025-02-17 22:37:31.608449,,-1.00,,2025-02-17 22:37:31.608449,10000.00,SHORT,0.00,closed
1835,3,2,COIN,-1.00,-1.00,2025-02-17 22:37:31.608449,2025-02-17 22:37:31.608449,,-1.00,,2025-02-17 22:37:31.608449,10000.00,LONG,0.00,closed
1836,1,1,COIN,-1.00,-1.00,2025-02-17 22:37:31.608449,2025-02-17 22:37:31.608449,,-1.00,,2025-02-17 22:37:31.608449,10000.00,LONG,0.00,closed
1837,6,1,TSLA,-1.00,-1.00,2025-02-17 22:37:31.612450,2025-02-17 22:37:31.612450,,-1.00,,2025-02-17 22:37:31.612450,10000.00,SHORT,0.00,closed
1838,2,1,COIN,-1.00,-1.00,2025-02-17 22:37:31.608449,2025-02-17 22:37:31.608449,,-1.00,,2025-02-17 22:37:31.608449,10000.00,SHORT,0.00,closed
1839,4,2,COIN,-1.00,-1.00,2025-02-17 22:37:31.608449,2025-02-17 22:37:31.608449,,-1.00,,2025-02-17 22:37:31.608449,10000.00,SHORT,0.00,closed
1840,3,2,COIN,-1.00,-1.00,2025-02-17 22:37:31.608449,2025-02-17 22:37:31.608449,,-1.00,,2025-02-17 22:37:31.608449,10000.00,LONG,0.00,closed
1841,1,1,COIN,-1.00,-1.00,2025-02-17 22:37:31.608449,2025-02-17 22:37:31.608449,,-1.00,,2025-02-17 22:37:31.608449,10000.00,LONG,0.00,closed
1842,6,1,TSLA,-1.00,-1.00,2025-02-17 22:37:31.612450,2025-02-17 22:37:31.612450,,-1.00,,2025-02-17 22:37:31.612450,10000.00,SHORT,0.00,closed
1843,2,1,COIN,-1.00,-1.00,2025-02-17 22:37:31.608449,2025-02-17 22:37:31.608449,,-1.00,,2025-02-17 22:37:31.608449,10000.00,SHORT,0.00,closed
1844,4,2,COIN,-1.00,-1.00,2025-02-17 22:37:31.608449,2025-02-17 22:37:31.608449,,-1.00,,2025-02-17 22:37:31.608449,10000.00,SHORT,0.00,closed
1845,3,2,COIN,-1.00,-1.00,2025-02-17 22:37:31.608449,2025-02-17 22:37:31.608449,,-1.00,,2025-02-17 22:37:31.608449,10000.00,LONG,0.00,closed
1846,1,1,COIN,-1.00,-1.00,2025-02-17 22:37:31.608449,2025-02-17 22:37:31.608449,,-1.00,,2025-02-17 22:37:31.608449,10000.00,LONG,0.00,closed
1847,6,1,TSLA,-1.00,-1.00,2025-02-17 22:37:31.612450,2025-02-17 22:37:31.612450,,-1.00,,2025-02-17 22:37:31.612450,10000.00,SHORT,0.00,closed
1848,2,1,COIN,-1.00,-1.00,2025-02-17 22:37:31.608449,2025-02-17 22:37:31.608449,,-1.00,,2025-02-17 22:37:31.608449,10000.00,SHORT,0.00,closed
1849,4,2,COIN,-1.00,-1.00,2025-02-17 22:37:31.608449,2025-02-17 22:37:31.608449,,-1.00,,2025-02-17 22:37:31.608449,10000.00,SHORT,0.00,closed
1850,3,2,COIN,-1.00,-1.00,2025-02-17 22:37:31.608449,2025-02-17 22:37:31.608449,,-1.00,,2025-02-17 22:37:31.608449,10000.00,LONG,0.00,closed
1851,1,1,COIN,-1.00,-1.00,2025-02-17 22:37:31.608449,2025-02-17 22:37:31.608449,,-1.00,,2025-02-17 22:37:31.608449,10000.00,LONG,0.00,closed
1852,6,1,TSLA,-1.00,-1.00,2025-02-17 22:37:31.612450,2025-02-17 22:37:31.612450,,-1.00,,2025-02-17 22:37:31.612450,10000.00,SHORT,0.00,closed
1853,2,1,COIN,-1.00,-1.00,2025-02-17 22:37:31.608449,2025-02-17 22:37:31.608449,,-1.00,,2025-02-17 22:37:31.608449,10000.00,SHORT,0.00,closed
1854,4,2,COIN,-1.00,-1.00,2025-02-17 22:37:31.608449,2025-02-17 22:37:31.608449,,-1.00,,2025-02-17 22:37:31.608449,10000.00,SHORT,0.00,closed
1855,3,2,COIN,-1.00,-1.00,2025-02-17 22:37:31.608449,2025-02-17 22:37:31.608449,,-1.00,,2025-02-17 22:37:31.608449,10000.00,LONG,0.00,closed
1856,1,1,COIN,-1.00,-1.00,2025-02-17 22:37:31.608449,2025-02-17 22:37:31.608449,,-1.00,,2025-02-17 22:37:31.608449,10000.00,LONG,0.00,closed
1857,6,1,TSLA,-1.00,-1.00,2025-02-17 22:37:31.612450,2025-02-17 22:37:31.612450,,-1.00,,2025-02-17 22:37:31.612450,10000.00,SHORT,0.00,closed
1858,2,1,COIN,-1.00,-1.00,2025-02-17 22:37:31.608449,2025-02-17 22:37:31.608449,,-1.00,,2025-02-17 22:37:31.608449,10000.00,SHORT,0.00,closed
1859,4,2,COIN,-1.00,-1.00,2025-02-17 22:37:31.608449,2025-02-17 22:37:31.608449,,-1.00,,2025-02-17 22:37:31.608449,10000.00,SHORT,0.00,closed
1860,3,2,COIN,-1.00,-1.00,2025-02-17 22:37:31.608449,2025-02-17 22:37:31.608449,,-1.00,,2025-02-17 22:37:31.608449,10000.00,LONG,0.00,closed
1861,1,1,COIN,-1.00,-1.00,2025-02-17 22:37:31.608449,2025-02-17 22:37:31.608449,,-1.00,,2025-02-17 22:37:31.608449,10000.00,LONG,0.00,closed
1862,6,1,TSLA,-1.00,-1.00,2025-02-17 22:37:31.612450,2025-02-17 22:37:31.612450,,-1.00,,2025-02-17 22:37:31.612450,10000.00,SHORT,0.00,closed
1863,2,1,COIN,-1.00,-1.00,2025-02-17 22:37:31.608449,2025-02-17 22:37:31.608449,,-1.00,,2025-02-17 22:37:31.608449,10000.00,SHORT,0.00,closed
1864,4,2,COIN,-1.00,-1.00,2025-02-17 22:37:31.608449,2025-02-17 22:37:31.608449,,-1.00,,2025-02-17 22:37:31.608449,10000.00,SHORT,0.00,closed
1865,3,2,COIN,-1.00,-1.00,2025-02-17 22:37:31.608449,2025-02-17 22:37:31.608449,,-1.00,,2025-02-17 22:37:31.608449,10000.00,LONG,0.00,closed
1866,1,1,COIN,-1.00,-1.00,2025-02-17 22:37:31.608449,2025-02-17 22:37:31.608449,,-1.00,,2025-02-17 22:37:31.608449,10000.00,LONG,0.00,closed
1867,6,1,TSLA,-1.00,-1.00,2025-02-17 22:37:31.612450,2025-02-17 22:37:31.612450,,-1.00,,2025-02-17 22:37:31.612450,10000.00,SHORT,0.00,closed
1868,2,1,COIN,-1.00,-1.00,2025-02-17 22:37:31.608449,2025-02-17 22:37:31.608449,,-1.00,,2025-02-17 22:37:31.608449,10000.00,SHORT,0.00,closed
1869,4,2,COIN,-1.00,-1.00,2025-02-17 22:37:31.608449,2025-02-17 22:37:31.608449,,-1.00,,2025-02-17 22:37:31.608449,10000.00,SHORT,0.00,closed
1870,3,2,COIN,-1.00,-1.00,2025-02-17 22:37:31.608449,2025-02-17 22:37:31.608449,,-1.00,,2025-02-17 22:37:31.608449,10000.00,LONG,0.00,closed
1871,1,1,COIN,-1.00,-1.00,2025-02-17 22:37:31.608449,2025-02-17 22:37:31.608449,,-1.00,,2025-02-17 22:37:31.608449,10000.00,LONG,0.00,closed
1872,6,1,TSLA,-1.00,-1.00,2025-02-17 22:37:31.612450,2025-02-17 22:37:31.612450,,-1.00,,2025-02-17 22:37:31.612450,10000.00,SHORT,0.00,closed
1873,2,1,COIN,-1.00,-1.00,2025-02-17 22:37:31.608449,2025-02-17 22:37:31.608449,,-1.00,,2025-02-17 22:37:31.608449,10000.00,SHORT,0.00,closed
1874,4,2,COIN,-1.00,-1.00,2025-02-17 22:37:31.608449,2025-02-17 22:37:31.608449,,-1.00,,2025-02-17 22:37:31.608449,10000.00,SHORT,0.00,closed
1875,3,2,COIN,-1.00,-1.00,2025-02-17 22:37:31.608449,2025-02-17 22:37:31.608449,,-1.00,,2025-02-17 22:37:31.608449,10000.00,LONG,0.00,closed
1876,1,1,COIN,-1.00,-1.00,2025-02-17 22:37:31.608449,2025-02-17 22:37:31.608449,,-1.00,,2025-02-17 22:37:31.608449,10000.00,LONG,0.00,closed
1877,6,1,TSLA,-1.00,-1.00,2025-02-17 22:37:31.612450,2025-02-17 22:37:31.612450,,-1.00,,2025-02-17 22:37:31.612450,10000.00,SHORT,0.00,closed
1878,2,1,COIN,-1.00,-1.00,2025-02-17 22:37:31.608449,2025-02-17 22:37:31.608449,,-1.00,,2025-02-17 22:37:31.608449,10000.00,SHORT,0.00,closed
1879,4,2,COIN,-1.00,-1.00,2025-02-17 22:37:31.608449,2025-02-17 22:37:31.608449,,-1.00,,2025-02-17 22:37:31.608449,10000.00,SHORT,0.00,closed
1880,3,2,COIN,-1.00,-1.00,2025-02-17 22:37:31.608449,2025-02-17 22:37:31.608449,,-1.00,,2025-02-17 22:37:31.608449,10000.00,LONG,0.00,closed
1881,1,1,COIN,-1.00,-1.00,2025-02-17 22:37:31.608449,2025-02-17 22:37:31.608449,,-1.00,,2025-02-17 22:37:31.608449,10000.00,LONG,0.00,closed
1882,6,1,TSLA,-1.00,-1.00,2025-02-17 22:37:31.612450,2025-02-17 22:37:31.612450,,-1.00,,2025-02-17 22:37:31.612450,10000.00,SHORT,0.00,closed
1883,2,1,COIN,-1.00,-1.00,2025-02-17 22:37:31.608449,2025-02-17 22:37:31.608449,,-1.00,,2025-02-17 22:37:31.608449,10000.00,SHORT,0.00,closed
1884,4,2,COIN,-1.00,-1.00,2025-02-17 22:37:31.608449,2025-02-17 22:37:31.608449,,-1.00,,2025-02-17 22:37:31.608449,10000.00,SHORT,0.00,closed
1885,3,2,COIN,-1.00,-1.00,2025-02-17 22:37:31.608449,2025-02-17 22:37:31.608449,,-1.00,,2025-02-17 22:37:31.608449,10000.00,LONG,0.00,closed
1886,1,1,COIN,-1.00,-1.00,2025-02-17 22:37:31.608449,2025-02-17 22:37:31.608449,,-1.00,,2025-02-17 22:37:31.608449,10000.00,LONG,0.00,closed
1887,6,1,TSLA,-1.00,-1.00,2025-02-17 22:37:31.612450,2025-02-17 22:37:31.612450,,-1.00,,2025-02-17 22:37:31.612450,10000.00,SHORT,0.00,closed
1888,2,1,COIN,-1.00,-1.00,2025-02-17 22:37:31.608449,2025-02-17 22:37:31.608449,,-1.00,,2025-02-17 22:37:31.608449,10000.00,SHORT,0.00,closed
1889,4,2,COIN,-1.00,-1.00,2025-02-17 22:37:31.608449,2025-02-17 22:37:31.608449,,-1.00,,2025-02-17 22:37:31.608449,10000.00,SHORT,0.00,closed
1890,3,2,COIN,-1.00,-1.00,2025-02-17 22:37:31.608449,2025-02-17 22:37:31.608449,,-1.00,,2025-02-17 22:37:31.608449,10000.00,LONG,0.00,closed
1891,1,1,COIN,-1.00,-1.00,2025-02-17 22:37:31.608449,2025-02-17 22:37:31.608449,,-1.00,,2025-02-17 22:37:31.608449,10000.00,LONG,0.00,closed
1892,6,1,TSLA,-1.00,-1.00,2025-02-17 22:37:31.612450,2025-02-17 22:37:31.612450,,-1.00,,2025-02-17 22:37:31.612450,10000.00,SHORT,0.00,closed
1893,2,1,COIN,-1.00,-1.00,2025-02-17 22:37:31.608449,2025-02-17 22:37:31.608449,,-1.00,,2025-02-17 22:37:31.608449,10000.00,SHORT,0.00,closed
1894,4,2,COIN,-1.00,-1.00,2025-02-17 22:37:31.608449,2025-02-17 22:37:31.608449,,-1.00,,2025-02-17 22:37:31.608449,10000.00,SHORT,0.00,closed
1895,3,2,COIN,-1.00,-1.00,2025-02-17 22:37:31.608449,2025-02-17 22:37:31.608449,,-1.00,,2025-02-17 22:37:31.608449,10000.00,LONG,0.00,closed
1896,1,1,COIN,-1.00,-1.00,2025-02-17 22:37:31.608449,2025-02-17 22:37:31.608449,,-1.00,,2025-02-17 22:37:31.608449,10000.00,LONG,0.00,closed
1897,6,1,TSLA,-1.00,-1.00,2025-02-17 22:37:31.612450,2025-02-17 22:37:31.612450,,-1.00,,2025-02-17 22:37:31.612450,10000.00,SHORT,0.00,closed
1898,2,1,COIN,-1.00,-1.00,2025-02-17 22:37:31.608449,2025-02-17 22:37:31.608449,,-1.00,,2025-02-17 22:37:31.608449,10000.00,SHORT,0.00,closed
1899,4,2,COIN,-1.00,-1.00,2025-02-17 22:37:31.608449,2025-02-17 22:37:31.608449,,-1.00,,2025-02-17 22:37:31.608449,10000.00,SHORT,0.00,closed
1900,3,2,COIN,-1.00,-1.00,2025-02-17 22:37:31.608449,2025-02-17 22:37:31.608449,,-1.00,,2025-02-17 22:37:31.608449,10000.00,LONG,0.00,closed
1901,1,1,COIN,-1.00,-1.00,2025-02-17 22:37:31.608449,2025-02-17 22:37:31.608449,,-1.00,,2025-02-17 22:37:31.608449,10000.00,LONG,0.00,closed
1902,6,1,TSLA,-1.00,-1.00,2025-02-17 22:37:31.612450,2025-02-17 22:37:31.612450,,-1.00,,2025-02-17 22:37:31.612450,10000.00,SHORT,0.00,closed
1903,2,1,COIN,-1.00,-1.00,2025-02-17 22:37:31.608449,2025-02-17 22:37:31.608449,,-1.00,,2025-02-17 22:37:31.608449,10000.00,SHORT,0.00,closed
1904,4,2,COIN,-1.00,-1.00,2025-02-17 22:37:31.608449,2025-02-17 22:37:31.608449,,-1.00,,2025-02-17 22:37:31.608449,10000.00,SHORT,0.00,closed
1905,3,2,COIN,-1.00,-1.00,2025-02-17 22:37:31.608449,2025-02-17 22:37:31.608449,,-1.00,,2025-02-17 22:37:31.608449,10000.00,LONG,0.00,closed
1906,1,1,COIN,-1.00,-1.00,2025-02-17 22:37:31.608449,2025-02-17 22:37:31.608449,,-1.00,,2025-02-17 22:37:31.608449,10000.00,LONG,0.00,closed
1907,6,1,TSLA,-1.00,-1.00,2025-02-17 22:37:31.612450,2025-02-17 22:37:31.612450,,-1.00,,2025-02-17 22:37:31.612450,10000.00,SHORT,0.00,closed
1908,2,1,COIN,-1.00,-1.00,2025-02-17 22:37:31.608449,2025-02-17 22:37:31.608449,,-1.00,,2025-02-17 22:37:31.608449,10000.00,SHORT,0.00,closed
1909,4,2,COIN,-1.00,-1.00,2025-02-17 22:37:31.608449,2025-02-17 22:37:31.608449,,-1.00,,2025-02-17 22:37:31.608449,10000.00,SHORT,0.00,closed
1910,3,2,COIN,-1.00,-1.00,2025-02-17 22:37:31.608449,2025-02-17 22:37:31.608449,,-1.00,,2025-02-17 22:37:31.608449,10000.00,LONG,0.00,closed
1911,1,1,COIN,-1.00,-1.00,2025-02-17 22:37:31.608449,2025-02-17 22:37:31.608449,,-1.00,,2025-02-17 22:37:31.608449,10000.00,LONG,0.00,closed
1912,6,1,TSLA,-1.00,-1.00,2025-02-17 22:37:31.612450,2025-02-17 22:37:31.612450,,-1.00,,2025-02-17 22:37:31.612450,10000.00,SHORT,0.00,closed
1913,2,1,COIN,-1.00,-1.00,2025-02-17 22:37:31.608449,2025-02-17 22:37:31.608449,,-1.00,,2025-02-17 22:37:31.608449,10000.00,SHORT,0.00,closed
1914,4,2,COIN,-1.00,-1.00,2025-02-17 22:37:31.608449,2025-02-17 22:37:31.608449,,-1.00,,2025-02-17 22:37:31.608449,10000.00,SHORT,0.00,closed
1915,3,2,COIN,-1.00,-1.00,2025-02-17 22:37:31.608449,2025-02-17 22:37:31.608449,,-1.00,,2025-02-17 22:37:31.608449,10000.00,LONG,0.00,closed
1916,1,1,COIN,-1.00,-1.00,2025-02-17 22:37:31.608449,2025-02-17 22:37:31.608449,,-1.00,,2025-02-17 22:37:31.608449,10000.00,LONG,0.00,closed
1917,6,1,TSLA,-1.00,-1.00,2025-02-17 22:37:31.612450,2025-02-17 22:37:31.612450,,-1.00,,2025-02-17 22:37:31.612450,10000.00,SHORT,0.00,closed
1918,2,1,COIN,-1.00,-1.00,2025-02-17 22:37:31.608449,2025-02-17 22:37:31.608449,,-1.00,,2025-02-17 22:37:31.608449,10000.00,SHORT,0.00,closed
1919,4,2,COIN,-1.00,-1.00,2025-02-17 22:37:31.608449,2025-02-17 22:37:31.608449,,-1.00,,2025-02-17 22:37:31.608449,10000.00,SHORT,0.00,closed
1920,3,2,COIN,-1.00,-1.00,2025-02-17 22:37:31.608449,2025-02-17 22:37:31.608449,,-1.00,,2025-02-17 22:37:31.608449,10000.00,LONG,0.00,closed
1921,1,1,COIN,-1.00,-1.00,2025-02-17 22:37:31.608449,2025-02-17 22:37:31.608449,,-1.00,,2025-02-17 22:37:31.608449,10000.00,LONG,0.00,closed
1922,6,1,TSLA,-1.00,-1.00,2025-02-17 22:37:31.612450,2025-02-17 22:37:31.612450,,-1.00,,2025-02-17 22:37:31.612450,10000.00,SHORT,0.00,closed
1923,2,1,COIN,-1.00,-1.00,2025-02-17 22:37:31.608449,2025-02-17 22:37:31.608449,,-1.00,,2025-02-17 22:37:31.608449,10000.00,SHORT,0.00,closed
1924,4,2,COIN,-1.00,-1.00,2025-02-17 22:37:31.608449,2025-02-17 22:37:31.608449,,-1.00,,2025-02-17 22:37:31.608449,10000.00,SHORT,0.00,closed
1925,3,2,COIN,-1.00,-1.00,2025-02-17 22:37:31.608449,2025-02-17 22:37:31.608449,,-1.00,,2025-02-17 22:37:31.608449,10000.00,LONG,0.00,closed
1926,1,1,COIN,-1.00,-1.00,2025-02-17 22:37:31.608449,2025-02-17 22:37:31.608449,,-1.00,,2025-02-17 22:37:31.608449,10000.00,LONG,0.00,closed
1927,6,1,TSLA,-1.00,-1.00,2025-02-17 22:37:31.612450,2025-02-17 22:37:31.612450,,-1.00,,2025-02-17 22:37:31.612450,10000.00,SHORT,0.00,closed
1928,2,1,COIN,-1.00,-1.00,2025-02-17 22:37:31.608449,2025-02-17 22:37:31.608449,,-1.00,,2025-02-17 22:37:31.608449,10000.00,SHORT,0.00,closed
1929,4,2,COIN,-1.00,-1.00,2025-02-17 22:37:31.608449,2025-02-17 22:37:31.608449,,-1.00,,2025-02-17 22:37:31.608449,10000.00,SHORT,0.00,closed
1930,3,2,COIN,-1.00,-1.00,2025-02-17 22:37:31.608449,2025-02-17 22:37:31.608449,,-1.00,,2025-02-17 22:37:31.608449,10000.00,LONG,0.00,closed
1931,1,1,COIN,-1.00,-1.00,2025-02-17 22:37:31.608449,2025-02-17 22:37:31.608449,,-1.00,,2025-02-17 22:37:31.608449,10000.00,LONG,0.00,closed
1932,6,1,TSLA,-1.00,-1.00,2025-02-17 22:37:31.612450,2025-02-17 22:37:31.612450,,-1.00,,2025-02-17 22:37:31.612450,10000.00,SHORT,0.00,closed
1933,2,1,COIN,-1.00,-1.00,2025-02-17 22:37:31.608449,2025-02-17 22:37:31.608449,,-1.00,,2025-02-17 22:37:31.608449,10000.00,SHORT,0.00,closed
1934,4,2,COIN,-1.00,-1.00,2025-02-17 22:37:31.608449,2025-02-17 22:37:31.608449,,-1.00,,2025-02-17 22:37:31.608449,10000.00,SHORT,0.00,closed
1935,3,2,COIN,-1.00,-1.00,2025-02-17 22:37:31.608449,2025-02-17 22:37:31.608449,,-1.00,,2025-02-17 22:37:31.608449,10000.00,LONG,0.00,closed
1936,1,1,COIN,-1.00,-1.00,2025-02-17 22:37:31.608449,2025-02-17 22:37:31.608449,,-1.00,,2025-02-17 22:37:31.608449,10000.00,LONG,0.00,closed
1937,6,1,TSLA,-1.00,-1.00,2025-02-17 22:37:31.612450,2025-02-17 22:37:31.612450,,-1.00,,2025-02-17 22:37:31.612450,10000.00,SHORT,0.00,closed
1938,2,1,COIN,-1.00,-1.00,2025-02-17 22:37:31.608449,2025-02-17 22:37:31.608449,,-1.00,,2025-02-17 22:37:31.608449,10000.00,SHORT,0.00,closed
1939,4,2,COIN,-1.00,-1.00,2025-02-17 22:37:31.608449,2025-02-17 22:37:31.608449,,-1.00,,2025-02-17 22:37:31.608449,10000.00,SHORT,0.00,closed
1940,3,2,COIN,-1.00,-1.00,2025-02-17 22:37:31.608449,2025-02-17 22:37:31.608449,,-1.00,,2025-02-17 22:37:31.608449,10000.00,LONG,0.00,closed
1941,1,1,COIN,-1.00,-1.00,2025-02-17 22:37:31.608449,2025-02-17 22:37:31.608449,,-1.00,,2025-02-17 22:37:31.608449,10000.00,LONG,0.00,closed
1942,6,1,TSLA,-1.00,-1.00,2025-02-17 22:37:31.612450,2025-02-17 22:37:31.612450,,-1.00,,2025-02-17 22:37:31.612450,10000.00,SHORT,0.00,closed
1943,2,1,COIN,-1.00,-1.00,2025-02-17 22:37:31.608449,2025-02-17 22:37:31.608449,,-1.00,,2025-02-17 22:37:31.608449,10000.00,SHORT,0.00,closed
1944,4,2,COIN,-1.00,-1.00,2025-02-17 22:37:31.608449,2025-02-17 22:37:31.608449,,-1.00,,2025-02-17 22:37:31.608449,10000.00,SHORT,0.00,closed
1945,3,2,COIN,-1.00,-1.00,2025-02-17 22:37:31.608449,2025-02-17 22:37:31.608449,,-1.00,,2025-02-17 22:37:31.608449,10000.00,LONG,0.00,closed
1946,1,1,COIN,-1.00,-1.00,2025-02-17 22:37:31.608449,2025-02-17 22:37:31.608449,,-1.00,,2025-02-17 22:37:31.608449,10000.00,LONG,0.00,closed
1947,6,1,TSLA,-1.00,-1.00,2025-02-17 22:37:31.612450,2025-02-17 22:37:31.612450,,-1.00,,2025-02-17 22:37:31.612450,10000.00,SHORT,0.00,closed
1948,2,1,COIN,-1.00,-1.00,2025-02-17 22:37:31.608449,2025-02-17 22:37:31.608449,,-1.00,,2025-02-17 22:37:31.608449,10000.00,SHORT,0.00,closed
1949,4,2,COIN,-1.00,-1.00,2025-02-17 22:37:31.608449,2025-02-17 22:37:31.608449,,-1.00,,2025-02-17 22:37:31.608449,10000.00,SHORT,0.00,closed
1950,3,2,COIN,-1.00,-1.00,2025-02-17 22:37:31.608449,2025-02-17 22:37:31.608449,,-1.00,,2025-02-17 22:37:31.608449,10000.00,LONG,0.00,closed
1951,1,1,COIN,-1.00,-1.00,2025-02-17 22:37:31.608449,2025-02-17 22:37:31.608449,,-1.00,,2025-02-17 22:37:31.608449,10000.00,LONG,0.00,closed
1952,6,1,TSLA,-1.00,-1.00,2025-02-17 22:37:31.612450,2025-02-17 22:37:31.612450,,-1.00,,2025-02-17 22:37:31.612450,10000.00,SHORT,0.00,closed
1953,2,1,COIN,-1.00,-1.00,2025-02-17 22:37:31.608449,2025-02-17 22:37:31.608449,,-1.00,,2025-02-17 22:37:31.608449,10000.00,SHORT,0.00,closed
1954,4,2,COIN,-1.00,-1.00,2025-02-17 22:37:31.608449,2025-02-17 22:37:31.608449,,-1.00,,2025-02-17 22:37:31.608449,10000.00,SHORT,0.00,closed
1955,3,2,COIN,-1.00,-1.00,2025-02-17 22:37:31.608449,2025-02-17 22:37:31.608449,,-1.00,,2025-02-17 22:37:31.608449,10000.00,LONG,0.00,closed
1956,1,1,COIN,-1.00,-1.00,2025-02-17 22:37:31.608449,2025-02-17 22:37:31.608449,,-1.00,,2025-02-17 22:37:31.608449,10000.00,LONG,0.00,closed
1957,6,1,TSLA,-1.00,-1.00,2025-02-17 22:37:31.612450,2025-02-17 22:37:31.612450,,-1.00,,2025-02-17 22:37:31.612450,10000.00,SHORT,0.00,closed
1958,2,1,COIN,-1.00,-1.00,2025-02-17 22:37:31.608449,2025-02-17 22:37:31.608449,,-1.00,,2025-02-17 22:37:31.608449,10000.00,SHORT,0.00,closed
1959,4,2,COIN,-1.00,-1.00,2025-02-17 22:37:31.608449,2025-02-17 22:37:31.608449,,-1.00,,2025-02-17 22:37:31.608449,10000.00,SHORT,0.00,closed
1960,3,2,COIN,-1.00,-1.00,2025-02-17 22:37:31.608449,2025-02-17 22:37:31.608449,,-1.00,,2025-02-17 22:37:31.608449,10000.00,LONG,0.00,closed
1961,1,1,COIN,-1.00,-1.00,2025-02-17 22:37:31.608449,2025-02-17 22:37:31.608449,,-1.00,,2025-02-17 22:37:31.608449,10000.00,LONG,0.00,closed
1962,6,1,TSLA,-1.00,-1.00,2025-02-17 22:37:31.612450,2025-02-17 22:37:31.612450,,-1.00,,2025-02-17 22:37:31.612450,10000.00,SHORT,0.00,closed
1963,2,1,COIN,-1.00,-1.00,2025-02-17 22:37:31.608449,2025-02-17 22:37:31.608449,,-1.00,,2025-02-17 22:37:31.608449,10000.00,SHORT,0.00,closed
1964,4,2,COIN,-1.00,-1.00,2025-02-17 22:37:31.608449,2025-02-17 22:37:31.608449,,-1.00,,2025-02-17 22:37:31.608449,10000.00,SHORT,0.00,closed
1965,3,2,COIN,-1.00,-1.00,2025-02-17 22:37:31.608449,2025-02-17 22:37:31.608449,,-1.00,,2025-02-17 22:37:31.608449,10000.00,LONG,0.00,closed
1966,1,1,COIN,-1.00,-1.00,2025-02-17 22:37:31.608449,2025-02-17 22:37:31.608449,,-1.00,,2025-02-17 22:37:31.608449,10000.00,LONG,0.00,closed
1967,6,1,TSLA,-1.00,-1.00,2025-02-17 22:37:31.612450,2025-02-17 22:37:31.612450,,-1.00,,2025-02-17 22:37:31.612450,10000.00,SHORT,0.00,closed
1968,2,1,COIN,-1.00,-1.00,2025-02-17 22:37:31.608449,2025-02-17 22:37:31.608449,,-1.00,,2025-02-17 22:37:31.608449,10000.00,SHORT,0.00,closed
1969,4,2,COIN,-1.00,-1.00,2025-02-17 22:37:31.608449,2025-02-17 22:37:31.608449,,-1.00,,2025-02-17 22:37:31.608449,10000.00,SHORT,0.00,closed
1970,3,2,COIN,-1.00,-1.00,2025-02-17 22:37:31.608449,2025-02-17 22:37:31.608449,,-1.00,,2025-02-17 22:37:31.608449,10000.00,LONG,0.00,closed
1971,1,1,COIN,-1.00,-1.00,2025-02-17 22:37:31.608449,2025-02-17 22:37:31.608449,,-1.00,,2025-02-17 22:37:31.608449,10000.00,LONG,0.00,closed
1972,6,1,TSLA,-1.00,-1.00,2025-02-17 22:37:31.612450,2025-02-17 22:37:31.612450,,-1.00,,2025-02-17 22:37:31.612450,10000.00,SHORT,0.00,closed
1973,2,1,COIN,-1.00,-1.00,2025-02-17 22:37:31.608449,2025-02-17 22:37:31.608449,,-1.00,,2025-02-17 22:37:31.608449,10000.00,SHORT,0.00,closed
1974,4,2,COIN,-1.00,-1.00,2025-02-17 22:37:31.608449,2025-02-17 22:37:31.608449,,-1.00,,2025-02-17 22:37:31.608449,10000.00,SHORT,0.00,closed
1975,3,2,COIN,-1.00,-1.00,2025-02-17 22:37:31.608449,2025-02-17 22:37:31.608449,,-1.00,,2025-02-17 22:37:31.608449,10000.00,LONG,0.00,closed
1976,1,1,COIN,-1.00,-1.00,2025-02-17 22:37:31.608449,2025-02-17 22:37:31.608449,,-1.00,,2025-02-17 22:37:31.608449,10000.00,LONG,0.00,closed
1977,6,1,TSLA,-1.00,-1.00,2025-02-17 22:37:31.612450,2025-02-17 22:37:31.612450,,-1.00,,2025-02-17 22:37:31.612450,10000.00,SHORT,0.00,closed
1978,2,1,COIN,-1.00,-1.00,2025-02-17 22:37:31.608449,2025-02-17 22:37:31.608449,,-1.00,,2025-02-17 22:37:31.608449,10000.00,SHORT,0.00,closed
1979,4,2,COIN,-1.00,-1.00,2025-02-17 22:37:31.608449,2025-02-17 22:37:31.608449,,-1.00,,2025-02-17 22:37:31.608449,10000.00,SHORT,0.00,closed
1980,3,2,COIN,-1.00,-1.00,2025-02-17 22:37:31.608449,2025-02-17 22:37:31.608449,,-1.00,,2025-02-17 22:37:31.608449,10000.00,LONG,0.00,closed
1981,1,1,COIN,-1.00,-1.00,2025-02-17 22:37:31.608449,2025-02-17 22:37:31.608449,,-1.00,,2025-02-17 22:37:31.608449,10000.00,LONG,0.00,closed
1982,6,1,TSLA,-1.00,-1.00,2025-02-17 22:37:31.612450,2025-02-17 22:37:31.612450,,-1.00,,2025-02-17 22:37:31.612450,10000.00,SHORT,0.00,closed
1983,2,1,COIN,-1.00,-1.00,2025-02-17 22:37:31.608449,2025-02-17 22:37:31.608449,,-1.00,,2025-02-17 22:37:31.608449,10000.00,SHORT,0.00,closed
1984,4,2,COIN,-1.00,-1.00,2025-02-17 22:37:31.608449,2025-02-17 22:37:31.608449,,-1.00,,2025-02-17 22:37:31.608449,10000.00,SHORT,0.00,closed
1985,3,2,COIN,-1.00,-1.00,2025-02-17 22:37:31.608449,2025-02-17 22:37:31.608449,,-1.00,,2025-02-17 22:37:31.608449,10000.00,LONG,0.00,closed
1986,1,1,COIN,-1.00,-1.00,2025-02-17 22:37:31.608449,2025-02-17 22:37:31.608449,,-1.00,,2025-02-17 22:37:31.608449,10000.00,LONG,0.00,closed
1987,6,1,TSLA,-1.00,-1.00,2025-02-17 22:37:31.612450,2025-02-17 22:37:31.612450,,-1.00,,2025-02-17 22:37:31.612450,10000.00,SHORT,0.00,closed
1988,2,1,COIN,-1.00,-1.00,2025-02-17 22:37:31.608449,2025-02-17 22:37:31.608449,,-1.00,,2025-02-17 22:37:31.608449,10000.00,SHORT,0.00,closed
1989,4,2,COIN,-1.00,-1.00,2025-02-17 22:37:31.608449,2025-02-17 22:37:31.608449,,-1.00,,2025-02-17 22:37:31.608449,10000.00,SHORT,0.00,closed
1990,3,2,COIN,-1.00,-1.00,2025-02-17 22:37:31.608449,2025-02-17 22:37:31.608449,,-1.00,,2025-02-17 22:37:31.608449,10000.00,LONG,0.00,closed
1991,1,1,COIN,-1.00,-1.00,2025-02-17 22:37:31.608449,2025-02-17 22:37:31.608449,,-1.00,,2025-02-17 22:37:31.608449,10000.00,LONG,0.00,closed
1992,6,1,TSLA,-1.00,-1.00,2025-02-17 22:37:31.612450,2025-02-17 22:37:31.612450,,-1.00,,2025-02-17 22:37:31.612450,10000.00,SHORT,0.00,closed
1993,2,1,COIN,-1.00,-1.00,2025-02-17 22:37:31.608449,2025-02-17 22:37:31.608449,,-1.00,,2025-02-17 22:37:31.608449,10000.00,SHORT,0.00,closed
1994,4,2,COIN,-1.00,-1.00,2025-02-17 22:37:31.608449,2025-02-17 22:37:31.608449,,-1.00,,2025-02-17 22:37:31.608449,10000.00,SHORT,0.00,closed
1995,3,2,COIN,-1.00,-1.00,2025-02-17 22:37:31.608449,2025-02-17 22:37:31.608449,,-1.00,,2025-02-17 22:37:31.608449,10000.00,LONG,0.00,closed
1996,1,1,COIN,-1.00,-1.00,2025-02-17 22:37:31.608449,2025-02-17 22:37:31.608449,,-1.00,,2025-02-17 22:37:31.608449,10000.00,LONG,0.00,closed
1997,6,1,TSLA,-1.00,-1.00,2025-02-17 22:37:31.612450,2025-02-17 22:37:31.612450,,-1.00,,2025-02-17 22:37:31.612450,10000.00,SHORT,0.00,closed
1998,2,1,COIN,-1.00,-1.00,2025-02-17 22:37:31.608449,2025-02-17 22:37:31.608449,,-1.00,,2025-02-17 22:37:31.608449,10000.00,SHORT,0.00,closed
1999,4,2,COIN,-1.00,-1.00,2025-02-17 22:37:31.608449,2025-02-17 22:37:31.608449,,-1.00,,2025-02-17 22:37:31.608449,10000.00,SHORT,0.00,closed
2000,3,2,COIN,-1.00,-1.00,2025-02-17 22:37:31.608449,2025-02-17 22:37:31.608449,,-1.00,,2025-02-17 22:37:31.608449,10000.00,LONG,0.00,closed
2001,1,1,COIN,-1.00,-1.00,2025-02-17 22:37:31.608449,2025-02-17 22:37:31.608449,,-1.00,,2025-02-17 22:37:31.608449,10000.00,LONG,0.00,closed
2002,6,1,TSLA,-1.00,-1.00,2025-02-17 22:37:31.612450,2025-02-17 22:37:31.612450,,-1.00,,2025-02-17 22:37:31.612450,10000.00,SHORT,0.00,closed
2003,2,1,COIN,-1.00,-1.00,2025-02-17 22:37:31.608449,2025-02-17 22:37:31.608449,,-1.00,,2025-02-17 22:37:31.608449,10000.00,SHORT,0.00,closed
2004,4,2,COIN,-1.00,-1.00,2025-02-17 22:37:31.608449,2025-02-17 22:37:31.608449,,-1.00,,2025-02-17 22:37:31.608449,10000.00,SHORT,0.00,closed
2005,3,2,COIN,-1.00,-1.00,2025-02-17 22:37:31.608449,2025-02-17 22:37:31.608449,,-1.00,,2025-02-17 22:37:31.608449,10000.00,LONG,0.00,closed
2006,1,1,COIN,-1.00,-1.00,2025-02-17 22:37:31.608449,2025-02-17 22:37:31.608449,,-1.00,,2025-02-17 22:37:31.608449,10000.00,LONG,0.00,closed
2007,6,1,TSLA,-1.00,-1.00,2025-02-17 22:37:31.612450,2025-02-17 22:37:31.612450,,-1.00,,2025-02-17 22:37:31.612450,10000.00,SHORT,0.00,closed
2008,2,1,COIN,-1.00,-1.00,2025-02-17 22:37:31.608449,2025-02-17 22:37:31.608449,,-1.00,,2025-02-17 22:37:31.608449,10000.00,SHORT,0.00,closed
2009,4,2,COIN,-1.00,-1.00,2025-02-17 22:37:31.608449,2025-02-17 22:37:31.608449,,-1.00,,2025-02-17 22:37:31.608449,10000.00,SHORT,0.00,closed
2010,3,2,COIN,-1.00,-1.00,2025-02-17 22:37:31.608449,2025-02-17 22:37:31.608449,,-1.00,,2025-02-17 22:37:31.608449,10000.00,LONG,0.00,closed
2011,1,1,COIN,-1.00,-1.00,2025-02-17 22:37:31.608449,2025-02-17 22:37:31.608449,,-1.00,,2025-02-17 22:37:31.608449,10000.00,LONG,0.00,closed
2012,6,1,TSLA,-1.00,-1.00,2025-02-17 22:37:31.612450,2025-02-17 22:37:31.612450,,-1.00,,2025-02-17 22:37:31.612450,10000.00,SHORT,0.00,closed
2013,2,1,COIN,-1.00,-1.00,2025-02-17 22:37:31.608449,2025-02-17 22:37:31.608449,,-1.00,,2025-02-17 22:37:31.608449,10000.00,SHORT,0.00,closed
2014,4,2,COIN,-1.00,-1.00,2025-02-17 22:37:31.608449,2025-02-17 22:37:31.608449,,-1.00,,2025-02-17 22:37:31.608449,10000.00,SHORT,0.00,closed
2015,3,2,COIN,-1.00,-1.00,2025-02-17 22:37:31.608449,2025-02-17 22:37:31.608449,,-1.00,,2025-02-17 22:37:31.608449,10000.00,LONG,0.00,closed
2016,1,1,COIN,-1.00,-1.00,2025-02-17 22:37:31.608449,2025-02-17 22:37:31.608449,,-1.00,,2025-02-17 22:37:31.608449,10000.00,LONG,0.00,closed
2017,6,1,TSLA,-1.00,-1.00,2025-02-17 22:37:31.612450,2025-02-17 22:37:31.612450,,-1.00,,2025-02-17 22:37:31.612450,10000.00,SHORT,0.00,closed
2018,2,1,COIN,-1.00,-1.00,2025-02-17 22:37:31.608449,2025-02-17 22:37:31.608449,,-1.00,,2025-02-17 22:37:31.608449,10000.00,SHORT,0.00,closed
2019,4,2,COIN,-1.00,-1.00,2025-02-17 22:37:31.608449,2025-02-17 22:37:31.608449,,-1.00,,2025-02-17 22:37:31.608449,10000.00,SHORT,0.00,closed
2020,3,2,COIN,-1.00,-1.00,2025-02-17 22:37:31.608449,2025-02-17 22:37:31.608449,,-1.00,,2025-02-17 22:37:31.608449,10000.00,LONG,0.00,closed
2021,1,1,COIN,-1.00,-1.00,2025-02-17 22:37:31.608449,2025-02-17 22:37:31.608449,,-1.00,,2025-02-17 22:37:31.608449,10000.00,LONG,0.00,closed
2022,6,1,TSLA,-1.00,-1.00,2025-02-17 22:37:31.612450,2025-02-17 22:37:31.612450,,-1.00,,2025-02-17 22:37:31.612450,10000.00,SHORT,0.00,closed
2023,2,1,COIN,-1.00,-1.00,2025-02-17 22:37:31.608449,2025-02-17 22:37:31.608449,,-1.00,,2025-02-17 22:37:31.608449,10000.00,SHORT,0.00,closed
2024,4,2,COIN,-1.00,-1.00,2025-02-17 22:37:31.608449,2025-02-17 22:37:31.608449,,-1.00,,2025-02-17 22:37:31.608449,10000.00,SHORT,0.00,closed
2025,3,2,COIN,-1.00,-1.00,2025-02-17 22:37:31.608449,2025-02-17 22:37:31.608449,,-1.00,,2025-02-17 22:37:31.608449,10000.00,LONG,0.00,closed
2026,1,1,COIN,-1.00,-1.00,2025-02-17 22:37:31.608449,2025-02-17 22:37:31.608449,,-1.00,,2025-02-17 22:37:31.608449,10000.00,LONG,0.00,closed
2027,6,1,TSLA,-1.00,-1.00,2025-02-17 22:37:31.612450,2025-02-17 22:37:31.612450,,-1.00,,2025-02-17 22:37:31.612450,10000.00,SHORT,0.00,closed
2028,2,1,COIN,-1.00,-1.00,2025-02-17 22:37:31.608449,2025-02-17 22:37:31.608449,,-1.00,,2025-02-17 22:37:31.608449,10000.00,SHORT,0.00,closed
2029,4,2,COIN,-1.00,-1.00,2025-02-17 22:37:31.608449,2025-02-17 22:37:31.608449,,-1.00,,2025-02-17 22:37:31.608449,10000.00,SHORT,0.00,closed
2030,3,2,COIN,-1.00,-1.00,2025-02-17 22:37:31.608449,2025-02-17 22:37:31.608449,,-1.00,,2025-02-17 22:37:31.608449,10000.00,LONG,0.00,closed
2031,1,1,COIN,-1.00,-1.00,2025-02-17 22:37:31.608449,2025-02-17 22:37:31.608449,,-1.00,,2025-02-17 22:37:31.608449,10000.00,LONG,0.00,closed
2032,6,1,TSLA,-1.00,-1.00,2025-02-17 22:37:31.612450,2025-02-17 22:37:31.612450,,-1.00,,2025-02-17 22:37:31.612450,10000.00,SHORT,0.00,closed
2033,2,1,COIN,-1.00,-1.00,2025-02-17 22:37:31.608449,2025-02-17 22:37:31.608449,,-1.00,,2025-02-17 22:37:31.608449,10000.00,SHORT,0.00,closed
2034,4,2,COIN,-1.00,-1.00,2025-02-17 22:37:31.608449,2025-02-17 22:37:31.608449,,-1.00,,2025-02-17 22:37:31.608449,10000.00,SHORT,0.00,closed
2035,3,2,COIN,-1.00,-1.00,2025-02-17 22:37:31.608449,2025-02-17 22:37:31.608449,,-1.00,,2025-02-17 22:37:31.608449,10000.00,LONG,0.00,closed
2036,1,1,COIN,-1.00,-1.00,2025-02-17 22:37:31.608449,2025-02-17 22:37:31.608449,,-1.00,,2025-02-17 22:37:31.608449,10000.00,LONG,0.00,closed
2037,6,1,TSLA,-1.00,-1.00,2025-02-17 22:37:31.612450,2025-02-17 22:37:31.612450,,-1.00,,2025-02-17 22:37:31.612450,10000.00,SHORT,0.00,closed
2038,2,1,COIN,-1.00,-1.00,2025-02-17 22:37:31.608449,2025-02-17 22:37:31.608449,,-1.00,,2025-02-17 22:37:31.608449,10000.00,SHORT,0.00,closed
2039,4,2,COIN,-1.00,-1.00,2025-02-17 22:37:31.608449,2025-02-17 22:37:31.608449,,-1.00,,2025-02-17 22:37:31.608449,10000.00,SHORT,0.00,closed
2040,3,2,COIN,-1.00,-1.00,2025-02-17 22:37:31.608449,2025-02-17 22:37:31.608449,,-1.00,,2025-02-17 22:37:31.608449,10000.00,LONG,0.00,closed
2041,1,1,COIN,-1.00,-1.00,2025-02-17 22:37:31.608449,2025-02-17 22:37:31.608449,,-1.00,,2025-02-17 22:37:31.608449,10000.00,LONG,0.00,closed
2042,6,1,TSLA,-1.00,-1.00,2025-02-17 22:37:31.612450,2025-02-17 22:37:31.612450,,-1.00,,2025-02-17 22:37:31.612450,10000.00,SHORT,0.00,closed
2043,2,1,COIN,-1.00,-1.00,2025-02-17 22:37:31.608449,2025-02-17 22:37:31.608449,,-1.00,,2025-02-17 22:37:31.608449,10000.00,SHORT,0.00,closed
2044,4,2,COIN,-1.00,-1.00,2025-02-17 22:37:31.608449,2025-02-17 22:37:31.608449,,-1.00,,2025-02-17 22:37:31.608449,10000.00,SHORT,0.00,closed
2045,3,2,COIN,-1.00,-1.00,2025-02-17 22:37:31.608449,2025-02-17 22:37:31.608449,,-1.00,,2025-02-17 22:37:31.608449,10000.00,LONG,0.00,closed
2046,1,1,COIN,-1.00,-1.00,2025-02-17 22:37:31.608449,2025-02-17 22:37:31.608449,,-1.00,,2025-02-17 22:37:31.608449,10000.00,LONG,0.00,closed
2047,6,1,TSLA,-1.00,-1.00,2025-02-17 22:37:31.612450,2025-02-17 22:37:31.612450,,-1.00,,2025-02-17 22:37:31.612450,10000.00,SHORT,0.00,closed
2048,2,1,COIN,-1.00,-1.00,2025-02-17 22:37:31.608449,2025-02-17 22:37:31.608449,,-1.00,,2025-02-17 22:37:31.608449,10000.00,SHORT,0.00,closed
2049,4,2,COIN,-1.00,-1.00,2025-02-17 22:37:31.608449,2025-02-17 22:37:31.608449,,-1.00,,2025-02-17 22:37:31.608449,10000.00,SHORT,0.00,closed
2050,3,2,COIN,-1.00,-1.00,2025-02-17 22:37:31.608449,2025-02-17 22:37:31.608449,,-1.00,,2025-02-17 22:37:31.608449,10000.00,LONG,0.00,closed
2051,1,1,COIN,-1.00,-1.00,2025-02-17 22:37:31.608449,2025-02-17 22:37:31.608449,,-1.00,,2025-02-17 22:37:31.608449,10000.00,LONG,0.00,closed
2052,6,1,TSLA,-1.00,-1.00,2025-02-17 22:37:31.612450,2025-02-17 22:37:31.612450,,-1.00,,2025-02-17 22:37:31.612450,10000.00,SHORT,0.00,closed
2053,2,1,COIN,-1.00,-1.00,2025-02-17 22:37:31.608449,2025-02-17 22:37:31.608449,,-1.00,,2025-02-17 22:37:31.608449,10000.00,SHORT,0.00,closed
2054,4,2,COIN,-1.00,-1.00,2025-02-17 22:37:31.608449,2025-02-17 22:37:31.608449,,-1.00,,2025-02-17 22:37:31.608449,10000.00,SHORT,0.00,closed
2055,3,2,COIN,-1.00,-1.00,2025-02-17 22:37:31.608449,2025-02-17 22:37:31.608449,,-1.00,,2025-02-17 22:37:31.608449,10000.00,LONG,0.00,closed
2056,1,1,COIN,-1.00,-1.00,2025-02-17 22:37:31.608449,2025-02-17 22:37:31.608449,,-1.00,,2025-02-17 22:37:31.608449,10000.00,LONG,0.00,closed
2057,6,1,TSLA,-1.00,-1.00,2025-02-17 22:37:31.612450,2025-02-17 22:37:31.612450,,-1.00,,2025-02-17 22:37:31.612450,10000.00,SHORT,0.00,closed
2058,2,1,COIN,-1.00,-1.00,2025-02-17 22:37:31.608449,2025-02-17 22:37:31.608449,,-1.00,,2025-02-17 22:37:31.608449,10000.00,SHORT,0.00,closed
2059,4,2,COIN,-1.00,-1.00,2025-02-17 22:37:31.608449,2025-02-17 22:37:31.608449,,-1.00,,2025-02-17 22:37:31.608449,10000.00,SHORT,0.00,closed
2060,3,2,COIN,-1.00,-1.00,2025-02-17 22:37:31.608449,2025-02-17 22:37:31.608449,,-1.00,,2025-02-17 22:37:31.608449,10000.00,LONG,0.00,closed
2061,1,1,COIN,-1.00,-1.00,2025-02-17 22:37:31.608449,2025-02-17 22:37:31.608449,,-1.00,,2025-02-17 22:37:31.608449,10000.00,LONG,0.00,closed
2062,6,1,TSLA,-1.00,-1.00,2025-02-17 22:37:31.612450,2025-02-17 22:37:31.612450,,-1.00,,2025-02-17 22:37:31.612450,10000.00,SHORT,0.00,closed
2063,2,1,COIN,-1.00,-1.00,2025-02-17 22:37:31.608449,2025-02-17 22:37:31.608449,,-1.00,,2025-02-17 22:37:31.608449,10000.00,SHORT,0.00,closed
2064,4,2,COIN,-1.00,-1.00,2025-02-17 22:37:31.608449,2025-02-17 22:37:31.608449,,-1.00,,2025-02-17 22:37:31.608449,10000.00,SHORT,0.00,closed
2065,3,2,COIN,-1.00,-1.00,2025-02-17 22:37:31.608449,2025-02-17 22:37:31.608449,,-1.00,,2025-02-17 22:37:31.608449,10000.00,LONG,0.00,closed
2066,1,1,COIN,-1.00,-1.00,2025-02-17 22:37:31.608449,2025-02-17 22:37:31.608449,,-1.00,,2025-02-17 22:37:31.608449,10000.00,LONG,0.00,closed
2067,6,1,TSLA,-1.00,-1.00,2025-02-17 22:37:31.612450,2025-02-17 22:37:31.612450,,-1.00,,2025-02-17 22:37:31.612450,10000.00,SHORT,0.00,closed
2068,2,1,COIN,-1.00,-1.00,2025-02-17 22:37:31.608449,2025-02-17 22:37:31.608449,,-1.00,,2025-02-17 22:37:31.608449,10000.00,SHORT,0.00,closed
2069,4,2,COIN,-1.00,-1.00,2025-02-17 22:37:31.608449,2025-02-17 22:37:31.608449,,-1.00,,2025-02-17 22:37:31.608449,10000.00,SHORT,0.00,closed
2070,3,2,COIN,-1.00,-1.00,2025-02-17 22:37:31.608449,2025-02-17 22:37:31.608449,,-1.00,,2025-02-17 22:37:31.608449,10000.00,LONG,0.00,closed
2071,1,1,COIN,-1.00,-1.00,2025-02-17 22:37:31.608449,2025-02-17 22:37:31.608449,,-1.00,,2025-02-17 22:37:31.608449,10000.00,LONG,0.00,closed
2072,6,1,TSLA,-1.00,-1.00,2025-02-17 22:37:31.612450,2025-02-17 22:37:31.612450,,-1.00,,2025-02-17 22:37:31.612450,10000.00,SHORT,0.00,closed
2073,2,1,COIN,-1.00,-1.00,2025-02-17 22:37:31.608449,2025-02-17 22:37:31.608449,,-1.00,,2025-02-17 22:37:31.608449,10000.00,SHORT,0.00,closed
2074,4,2,COIN,-1.00,-1.00,2025-02-17 22:37:31.608449,2025-02-17 22:37:31.608449,,-1.00,,2025-02-17 22:37:31.608449,10000.00,SHORT,0.00,closed
2075,3,2,COIN,-1.00,-1.00,2025-02-17 22:37:31.608449,2025-02-17 22:37:31.608449,,-1.00,,2025-02-17 22:37:31.608449,10000.00,LONG,0.00,closed
2076,1,1,COIN,-1.00,-1.00,2025-02-17 22:37:31.608449,2025-02-17 22:37:31.608449,,-1.00,,2025-02-17 22:37:31.608449,10000.00,LONG,0.00,closed
2077,6,1,TSLA,-1.00,-1.00,2025-02-17 22:37:31.612450,2025-02-17 22:37:31.612450,,-1.00,,2025-02-17 22:37:31.612450,10000.00,SHORT,0.00,closed
2078,2,1,COIN,-1.00,-1.00,2025-02-17 22:37:31.608449,2025-02-17 22:37:31.608449,,-1.00,,2025-02-17 22:37:31.608449,10000.00,SHORT,0.00,closed
2079,4,2,COIN,-1.00,-1.00,2025-02-17 22:37:31.608449,2025-02-17 22:37:31.608449,,-1.00,,2025-02-17 22:37:31.608449,10000.00,SHORT,0.00,closed
2080,3,2,COIN,-1.00,-1.00,2025-02-17 22:37:31.608449,2025-02-17 22:37:31.608449,,-1.00,,2025-02-17 22:37:31.608449,10000.00,LONG,0.00,closed
2081,1,1,COIN,-1.00,-1.00,2025-02-17 22:37:31.608449,2025-02-17 22:37:31.608449,,-1.00,,2025-02-17 22:37:31.608449,10000.00,LONG,0.00,closed
2082,6,1,TSLA,-1.00,-1.00,2025-02-17 22:37:31.612450,2025-02-17 22:37:31.612450,,-1.00,,2025-02-17 22:37:31.612450,10000.00,SHORT,0.00,closed
2083,2,1,COIN,-1.00,-1.00,2025-02-17 22:37:31.608449,2025-02-17 22:37:31.608449,,-1.00,,2025-02-17 22:37:31.608449,10000.00,SHORT,0.00,closed
2084,4,2,COIN,-1.00,-1.00,2025-02-17 22:37:31.608449,2025-02-17 22:37:31.608449,,-1.00,,2025-02-17 22:37:31.608449,10000.00,SHORT,0.00,closed
2085,3,2,COIN,-1.00,-1.00,2025-02-17 22:37:31.608449,2025-02-17 22:37:31.608449,,-1.00,,2025-02-17 22:37:31.608449,10000.00,LONG,0.00,closed
2086,1,1,COIN,-1.00,-1.00,2025-02-17 22:37:31.608449,2025-02-17 22:37:31.608449,,-1.00,,2025-02-17 22:37:31.608449,10000.00,LONG,0.00,closed
2087,6,1,TSLA,-1.00,-1.00,2025-02-17 22:37:31.612450,2025-02-17 22:37:31.612450,,-1.00,,2025-02-17 22:37:31.612450,10000.00,SHORT,0.00,closed
2088,2,1,COIN,-1.00,-1.00,2025-02-17 22:37:31.608449,2025-02-17 22:37:31.608449,,-1.00,,2025-02-17 22:37:31.608449,10000.00,SHORT,0.00,closed
2089,4,2,COIN,-1.00,-1.00,2025-02-17 22:37:31.608449,2025-02-17 22:37:31.608449,,-1.00,,2025-02-17 22:37:31.608449,10000.00,SHORT,0.00,closed
2090,3,2,COIN,-1.00,-1.00,2025-02-17 22:37:31.608449,2025-02-17 22:37:31.608449,,-1.00,,2025-02-17 22:37:31.608449,10000.00,LONG,0.00,closed
2091,1,1,COIN,-1.00,-1.00,2025-02-17 22:37:31.608449,2025-02-17 22:37:31.608449,,-1.00,,2025-02-17 22:37:31.608449,10000.00,LONG,0.00,closed
2092,6,1,TSLA,-1.00,-1.00,2025-02-17 22:37:31.612450,2025-02-17 22:37:31.612450,,-1.00,,2025-02-17 22:37:31.612450,10000.00,SHORT,0.00,closed
2093,2,1,COIN,-1.00,-1.00,2025-02-17 22:37:31.608449,2025-02-17 22:37:31.608449,,-1.00,,2025-02-17 22:37:31.608449,10000.00,SHORT,0.00,closed
2094,4,2,COIN,-1.00,-1.00,2025-02-17 22:37:31.608449,2025-02-17 22:37:31.608449,,-1.00,,2025-02-17 22:37:31.608449,10000.00,SHORT,0.00,closed
2095,3,2,COIN,-1.00,-1.00,2025-02-17 22:37:31.608449,2025-02-17 22:37:31.608449,,-1.00,,2025-02-17 22:37:31.608449,10000.00,LONG,0.00,closed
2096,1,1,COIN,-1.00,-1.00,2025-02-17 22:37:31.608449,2025-02-17 22:37:31.608449,,-1.00,,2025-02-17 22:37:31.608449,10000.00,LONG,0.00,closed
2097,6,1,TSLA,-1.00,-1.00,2025-02-17 22:37:31.612450,2025-02-17 22:37:31.612450,,-1.00,,2025-02-17 22:37:31.612450,10000.00,SHORT,0.00,closed
2098,2,1,COIN,-1.00,-1.00,2025-02-17 22:37:31.608449,2025-02-17 22:37:31.608449,,-1.00,,2025-02-17 22:37:31.608449,10000.00,SHORT,0.00,closed
2099,4,2,COIN,-1.00,-1.00,2025-02-17 22:37:31.608449,2025-02-17 22:37:31.608449,,-1.00,,2025-02-17 22:37:31.608449,10000.00,SHORT,0.00,closed
2100,3,2,COIN,-1.00,-1.00,2025-02-17 22:37:31.608449,2025-02-17 22:37:31.608449,,-1.00,,2025-02-17 22:37:31.608449,10000.00,LONG,0.00,closed
2101,1,1,COIN,-1.00,-1.00,2025-02-17 22:37:31.608449,2025-02-17 22:37:31.608449,,-1.00,,2025-02-17 22:37:31.608449,10000.00,LONG,0.00,closed
2102,6,1,TSLA,-1.00,-1.00,2025-02-17 22:37:31.612450,2025-02-17 22:37:31.612450,,-1.00,,2025-02-17 22:37:31.612450,10000.00,SHORT,0.00,closed
2103,2,1,COIN,-1.00,-1.00,2025-02-17 22:37:31.608449,2025-02-17 22:37:31.608449,,-1.00,,2025-02-17 22:37:31.608449,10000.00,SHORT,0.00,closed
2104,4,2,COIN,-1.00,-1.00,2025-02-17 22:37:31.608449,2025-02-17 22:37:31.608449,,-1.00,,2025-02-17 22:37:31.608449,10000.00,SHORT,0.00,closed
2105,3,2,COIN,-1.00,-1.00,2025-02-17 22:37:31.608449,2025-02-17 22:37:31.608449,,-1.00,,2025-02-17 22:37:31.608449,10000.00,LONG,0.00,closed
2106,1,1,COIN,-1.00,-1.00,2025-02-17 22:37:31.608449,2025-02-17 22:37:31.608449,,-1.00,,2025-02-17 22:37:31.608449,10000.00,LONG,0.00,closed
2107,6,1,TSLA,-1.00,-1.00,2025-02-17 22:37:31.612450,2025-02-17 22:37:31.612450,,-1.00,,2025-02-17 22:37:31.612450,10000.00,SHORT,0.00,closed
2108,2,1,COIN,-1.00,-1.00,2025-02-17 22:37:31.608449,2025-02-17 22:37:31.608449,,-1.00,,2025-02-17 22:37:31.608449,10000.00,SHORT,0.00,closed
2109,4,2,COIN,-1.00,-1.00,2025-02-17 22:37:31.608449,2025-02-17 22:37:31.608449,,-1.00,,2025-02-17 22:37:31.608449,10000.00,SHORT,0.00,closed
2110,3,2,COIN,-1.00,-1.00,2025-02-17 22:37:31.608449,2025-02-17 22:37:31.608449,,-1.00,,2025-02-17 22:37:31.608449,10000.00,LONG,0.00,closed
2111,1,1,COIN,-1.00,-1.00,2025-02-17 22:37:31.608449,2025-02-17 22:37:31.608449,,-1.00,,2025-02-17 22:37:31.608449,10000.00,LONG,0.00,closed
2112,6,1,TSLA,-1.00,-1.00,2025-02-17 22:37:31.612450,2025-02-17 22:37:31.612450,,-1.00,,2025-02-17 22:37:31.612450,10000.00,SHORT,0.00,closed
2113,2,1,COIN,-1.00,-1.00,2025-02-17 22:37:31.608449,2025-02-17 22:37:31.608449,,-1.00,,2025-02-17 22:37:31.608449,10000.00,SHORT,0.00,closed
2114,4,2,COIN,-1.00,-1.00,2025-02-17 22:37:31.608449,2025-02-17 22:37:31.608449,,-1.00,,2025-02-17 22:37:31.608449,10000.00,SHORT,0.00,closed
2115,3,2,COIN,-1.00,-1.00,2025-02-17 22:37:31.608449,2025-02-17 22:37:31.608449,,-1.00,,2025-02-17 22:37:31.608449,10000.00,LONG,0.00,closed
2116,1,1,COIN,-1.00,-1.00,2025-02-17 22:37:31.608449,2025-02-17 22:37:31.608449,,-1.00,,2025-02-17 22:37:31.608449,10000.00,LONG,0.00,closed
2117,6,1,TSLA,-1.00,-1.00,2025-02-17 22:37:31.612450,2025-02-17 22:37:31.612450,,-1.00,,2025-02-17 22:37:31.612450,10000.00,SHORT,0.00,closed
2118,2,1,COIN,-1.00,-1.00,2025-02-17 22:37:31.608449,2025-02-17 22:37:31.608449,,-1.00,,2025-02-17 22:37:31.608449,10000.00,SHORT,0.00,closed
2119,4,2,COIN,-1.00,-1.00,2025-02-17 22:37:31.608449,2025-02-17 22:37:31.608449,,-1.00,,2025-02-17 22:37:31.608449,10000.00,SHORT,0.00,closed
2120,3,2,COIN,-1.00,-1.00,2025-02-17 22:37:31.608449,2025-02-17 22:37:31.608449,,-1.00,,2025-02-17 22:37:31.608449,10000.00,LONG,0.00,closed
2121,1,1,COIN,-1.00,-1.00,2025-02-17 22:37:31.608449,2025-02-17 22:37:31.608449,,-1.00,,2025-02-17 22:37:31.608449,10000.00,LONG,0.00,closed
2122,6,1,TSLA,-1.00,-1.00,2025-02-17 22:37:31.612450,2025-02-17 22:37:31.612450,,-1.00,,2025-02-17 22:37:31.612450,10000.00,SHORT,0.00,closed
2123,2,1,COIN,-1.00,-1.00,2025-02-17 22:37:31.608449,2025-02-17 22:37:31.608449,,-1.00,,2025-02-17 22:37:31.608449,10000.00,SHORT,0.00,closed
2124,4,2,COIN,-1.00,-1.00,2025-02-17 22:37:31.608449,2025-02-17 22:37:31.608449,,-1.00,,2025-02-17 22:37:31.608449,10000.00,SHORT,0.00,closed
2125,3,2,COIN,-1.00,-1.00,2025-02-17 22:37:31.608449,2025-02-17 22:37:31.608449,,-1.00,,2025-02-17 22:37:31.608449,10000.00,LONG,0.00,closed
2126,1,1,COIN,-1.00,-1.00,2025-02-17 22:37:31.608449,2025-02-17 22:37:31.608449,,-1.00,,2025-02-17 22:37:31.608449,10000.00,LONG,0.00,closed
2127,6,1,TSLA,-1.00,-1.00,2025-02-17 22:37:31.612450,2025-02-17 22:37:31.612450,,-1.00,,2025-02-17 22:37:31.612450,10000.00,SHORT,0.00,closed
2128,2,1,COIN,-1.00,-1.00,2025-02-17 22:37:31.608449,2025-02-17 22:37:31.608449,,-1.00,,2025-02-17 22:37:31.608449,10000.00,SHORT,0.00,closed
2129,4,2,COIN,-1.00,-1.00,2025-02-17 22:37:31.608449,2025-02-17 22:37:31.608449,,-1.00,,2025-02-17 22:37:31.608449,10000.00,SHORT,0.00,closed
2130,3,2,COIN,-1.00,-1.00,2025-02-17 22:37:31.608449,2025-02-17 22:37:31.608449,,-1.00,,2025-02-17 22:37:31.608449,10000.00,LONG,0.00,closed
2131,1,1,COIN,-1.00,-1.00,2025-02-17 22:37:31.608449,2025-02-17 22:37:31.608449,,-1.00,,2025-02-17 22:37:31.608449,10000.00,LONG,0.00,closed
2132,6,1,TSLA,-1.00,-1.00,2025-02-17 22:37:31.612450,2025-02-17 22:37:31.612450,,-1.00,,2025-02-17 22:37:31.612450,10000.00,SHORT,0.00,closed
2133,2,1,COIN,-1.00,-1.00,2025-02-17 22:37:31.608449,2025-02-17 22:37:31.608449,,-1.00,,2025-02-17 22:37:31.608449,10000.00,SHORT,0.00,closed
2134,4,2,COIN,-1.00,-1.00,2025-02-17 22:37:31.608449,2025-02-17 22:37:31.608449,,-1.00,,2025-02-17 22:37:31.608449,10000.00,SHORT,0.00,closed
2135,3,2,COIN,-1.00,-1.00,2025-02-17 22:37:31.608449,2025-02-17 22:37:31.608449,,-1.00,,2025-02-17 22:37:31.608449,10000.00,LONG,0.00,closed
2136,1,1,COIN,-1.00,-1.00,2025-02-17 22:37:31.608449,2025-02-17 22:37:31.608449,,-1.00,,2025-02-17 22:37:31.608449,10000.00,LONG,0.00,closed
2137,6,1,TSLA,-1.00,-1.00,2025-02-17 22:37:31.612450,2025-02-17 22:37:31.612450,,-1.00,,2025-02-17 22:37:31.612450,10000.00,SHORT,0.00,closed
2138,2,1,COIN,-1.00,-1.00,2025-02-17 22:37:31.608449,2025-02-17 22:37:31.608449,,-1.00,,2025-02-17 22:37:31.608449,10000.00,SHORT,0.00,closed
2139,4,2,COIN,-1.00,-1.00,2025-02-17 22:37:31.608449,2025-02-17 22:37:31.608449,,-1.00,,2025-02-17 22:37:31.608449,10000.00,SHORT,0.00,closed
2140,3,2,COIN,-1.00,-1.00,2025-02-17 22:37:31.608449,2025-02-17 22:37:31.608449,,-1.00,,2025-02-17 22:37:31.608449,10000.00,LONG,0.00,closed
2141,1,1,COIN,-1.00,-1.00,2025-02-17 22:37:31.608449,2025-02-17 22:37:31.608449,,-1.00,,2025-02-17 22:37:31.608449,10000.00,LONG,0.00,closed
2142,6,1,TSLA,-1.00,-1.00,2025-02-17 22:37:31.612450,2025-02-17 22:37:31.612450,,-1.00,,2025-02-17 22:37:31.612450,10000.00,SHORT,0.00,closed
2143,2,1,COIN,-1.00,-1.00,2025-02-17 22:37:31.608449,2025-02-17 22:37:31.608449,,-1.00,,2025-02-17 22:37:31.608449,10000.00,SHORT,0.00,closed
2144,4,2,COIN,-1.00,-1.00,2025-02-17 22:37:31.608449,2025-02-17 22:37:31.608449,,-1.00,,2025-02-17 22:37:31.608449,10000.00,SHORT,0.00,closed
2145,3,2,COIN,-1.00,-1.00,2025-02-17 22:37:31.608449,2025-02-17 22:37:31.608449,,-1.00,,2025-02-17 22:37:31.608449,10000.00,LONG,0.00,closed
2146,1,1,COIN,-1.00,-1.00,2025-02-17 22:37:31.608449,2025-02-17 22:37:31.608449,,-1.00,,2025-02-17 22:37:31.608449,10000.00,LONG,0.00,closed
2147,6,1,TSLA,-1.00,-1.00,2025-02-17 22:37:31.612450,2025-02-17 22:37:31.612450,,-1.00,,2025-02-17 22:37:31.612450,10000.00,SHORT,0.00,closed
2148,2,1,COIN,-1.00,-1.00,2025-02-17 22:37:31.608449,2025-02-17 22:37:31.608449,,-1.00,,2025-02-17 22:37:31.608449,10000.00,SHORT,0.00,closed
2149,4,2,COIN,-1.00,-1.00,2025-02-17 22:37:31.608449,2025-02-17 22:37:31.608449,,-1.00,,2025-02-17 22:37:31.608449,10000.00,SHORT,0.00,closed
2150,3,2,COIN,-1.00,-1.00,2025-02-17 22:37:31.608449,2025-02-17 22:37:31.608449,,-1.00,,2025-02-17 22:37:31.608449,10000.00,LONG,0.00,closed
2151,1,1,COIN,-1.00,-1.00,2025-02-17 22:37:31.608449,2025-02-17 22:37:31.608449,,-1.00,,2025-02-17 22:37:31.608449,10000.00,LONG,0.00,closed
2152,6,1,TSLA,-1.00,-1.00,2025-02-17 22:37:31.612450,2025-02-17 22:37:31.612450,,-1.00,,2025-02-17 22:37:31.612450,10000.00,SHORT,0.00,closed
2153,2,1,COIN,-1.00,-1.00,2025-02-17 22:37:31.608449,2025-02-17 22:37:31.608449,,-1.00,,2025-02-17 22:37:31.608449,10000.00,SHORT,0.00,closed
2154,4,2,COIN,-1.00,-1.00,2025-02-17 22:37:31.608449,2025-02-17 22:37:31.608449,,-1.00,,2025-02-17 22:37:31.608449,10000.00,SHORT,0.00,closed
2155,3,2,COIN,-1.00,-1.00,2025-02-17 22:37:31.608449,2025-02-17 22:37:31.608449,,-1.00,,2025-02-17 22:37:31.608449,10000.00,LONG,0.00,closed
2156,1,1,COIN,-1.00,-1.00,2025-02-17 22:37:31.608449,2025-02-17 22:37:31.608449,,-1.00,,2025-02-17 22:37:31.608449,10000.00,LONG,0.00,closed
2157,6,1,TSLA,-1.00,-1.00,2025-02-17 22:37:31.612450,2025-02-17 22:37:31.612450,,-1.00,,2025-02-17 22:37:31.612450,10000.00,SHORT,0.00,closed
2158,2,1,COIN,-1.00,-1.00,2025-02-17 22:37:31.608449,2025-02-17 22:37:31.608449,,-1.00,,2025-02-17 22:37:31.608449,10000.00,SHORT,0.00,closed
2159,4,2,COIN,-1.00,-1.00,2025-02-17 22:37:31.608449,2025-02-17 22:37:31.608449,,-1.00,,2025-02-17 22:37:31.608449,10000.00,SHORT,0.00,closed
2160,3,2,COIN,-1.00,-1.00,2025-02-17 22:37:31.608449,2025-02-17 22:37:31.608449,,-1.00,,2025-02-17 22:37:31.608449,10000.00,LONG,0.00,closed
2161,1,1,COIN,-1.00,-1.00,2025-02-17 22:37:31.608449,2025-02-17 22:37:31.608449,,-1.00,,2025-02-17 22:37:31.608449,10000.00,LONG,0.00,closed
2162,6,1,TSLA,-1.00,-1.00,2025-02-17 22:37:31.612450,2025-02-17 22:37:31.612450,,-1.00,,2025-02-17 22:37:31.612450,10000.00,SHORT,0.00,closed
2163,2,1,COIN,-1.00,-1.00,2025-02-17 22:37:31.608449,2025-02-17 22:37:31.608449,,-1.00,,2025-02-17 22:37:31.608449,10000.00,SHORT,0.00,closed
2164,4,2,COIN,-1.00,-1.00,2025-02-17 22:37:31.608449,2025-02-17 22:37:31.608449,,-1.00,,2025-02-17 22:37:31.608449,10000.00,SHORT,0.00,closed
2165,3,2,COIN,-1.00,-1.00,2025-02-17 22:37:31.608449,2025-02-17 22:37:31.608449,,-1.00,,2025-02-17 22:37:31.608449,10000.00,LONG,0.00,closed
2166,1,1,COIN,-1.00,-1.00,2025-02-17 22:37:31.608449,2025-02-17 22:37:31.608449,,-1.00,,2025-02-17 22:37:31.608449,10000.00,LONG,0.00,closed
2167,6,1,TSLA,-1.00,-1.00,2025-02-17 22:37:31.612450,2025-02-17 22:37:31.612450,,-1.00,,2025-02-17 22:37:31.612450,10000.00,SHORT,0.00,closed
2168,2,1,COIN,-1.00,-1.00,2025-02-17 22:37:31.608449,2025-02-17 22:37:31.608449,,-1.00,,2025-02-17 22:37:31.608449,10000.00,SHORT,0.00,closed
2169,4,2,COIN,-1.00,-1.00,2025-02-17 22:37:31.608449,2025-02-17 22:37:31.608449,,-1.00,,2025-02-17 22:37:31.608449,10000.00,SHORT,0.00,closed
2170,3,2,COIN,-1.00,-1.00,2025-02-17 22:37:31.608449,2025-02-17 22:37:31.608449,,-1.00,,2025-02-17 22:37:31.608449,10000.00,LONG,0.00,closed
2171,1,1,COIN,-1.00,-1.00,2025-02-17 22:37:31.608449,2025-02-17 22:37:31.608449,,-1.00,,2025-02-17 22:37:31.608449,10000.00,LONG,0.00,closed
2172,6,1,TSLA,-1.00,-1.00,2025-02-17 22:37:31.612450,2025-02-17 22:37:31.612450,,-1.00,,2025-02-17 22:37:31.612450,10000.00,SHORT,0.00,closed
2173,2,1,COIN,-1.00,-1.00,2025-02-17 22:37:31.608449,2025-02-17 22:37:31.608449,,-1.00,,2025-02-17 22:37:31.608449,10000.00,SHORT,0.00,closed
2174,4,2,COIN,-1.00,-1.00,2025-02-17 22:37:31.608449,2025-02-17 22:37:31.608449,,-1.00,,2025-02-17 22:37:31.608449,10000.00,SHORT,0.00,closed
2175,3,2,COIN,-1.00,-1.00,2025-02-17 22:37:31.608449,2025-02-17 22:37:31.608449,,-1.00,,2025-02-17 22:37:31.608449,10000.00,LONG,0.00,closed
2176,1,1,COIN,-1.00,-1.00,2025-02-17 22:37:31.608449,2025-02-17 22:37:31.608449,,-1.00,,2025-02-17 22:37:31.608449,10000.00,LONG,0.00,closed
2177,6,1,TSLA,-1.00,-1.00,2025-02-17 22:37:31.612450,2025-02-17 22:37:31.612450,,-1.00,,2025-02-17 22:37:31.612450,10000.00,SHORT,0.00,closed
2178,2,1,COIN,-1.00,-1.00,2025-02-17 22:37:31.608449,2025-02-17 22:37:31.608449,,-1.00,,2025-02-17 22:37:31.608449,10000.00,SHORT,0.00,closed
2179,4,2,COIN,-1.00,-1.00,2025-02-17 22:37:31.608449,2025-02-17 22:37:31.608449,,-1.00,,2025-02-17 22:37:31.608449,10000.00,SHORT,0.00,closed
2180,3,2,COIN,-1.00,-1.00,2025-02-17 22:37:31.608449,2025-02-17 22:37:31.608449,,-1.00,,2025-02-17 22:37:31.608449,10000.00,LONG,0.00,closed
2181,1,1,COIN,-1.00,-1.00,2025-02-17 22:37:31.608449,2025-02-17 22:37:31.608449,,-1.00,,2025-02-17 22:37:31.608449,10000.00,LONG,0.00,closed
2182,6,1,TSLA,-1.00,-1.00,2025-02-17 22:37:31.612450,2025-02-17 22:37:31.612450,,-1.00,,2025-02-17 22:37:31.612450,10000.00,SHORT,0.00,closed
2183,2,1,COIN,-1.00,-1.00,2025-02-17 22:37:31.608449,2025-02-17 22:37:31.608449,,-1.00,,2025-02-17 22:37:31.608449,10000.00,SHORT,0.00,closed
2184,4,2,COIN,-1.00,-1.00,2025-02-17 22:37:31.608449,2025-02-17 22:37:31.608449,,-1.00,,2025-02-17 22:37:31.608449,10000.00,SHORT,0.00,closed
2185,3,2,COIN,-1.00,-1.00,2025-02-17 22:37:31.608449,2025-02-17 22:37:31.608449,,-1.00,,2025-02-17 22:37:31.608449,10000.00,LONG,0.00,closed
2186,1,1,COIN,-1.00,-1.00,2025-02-17 22:37:31.608449,2025-02-17 22:37:31.608449,,-1.00,,2025-02-17 22:37:31.608449,10000.00,LONG,0.00,closed
2187,6,1,TSLA,-1.00,-1.00,2025-02-17 22:37:31.612450,2025-02-17 22:37:31.612450,,-1.00,,2025-02-17 22:37:31.612450,10000.00,SHORT,0.00,closed
2188,2,1,COIN,-1.00,-1.00,2025-02-17 22:37:31.608449,2025-02-17 22:37:31.608449,,-1.00,,2025-02-17 22:37:31.608449,10000.00,SHORT,0.00,closed
2189,4,2,COIN,-1.00,-1.00,2025-02-17 22:37:31.608449,2025-02-17 22:37:31.608449,,-1.00,,2025-02-17 22:37:31.608449,10000.00,SHORT,0.00,closed
2190,3,2,COIN,-1.00,-1.00,2025-02-17 22:37:31.608449,2025-02-17 22:37:31.608449,,-1.00,,2025-02-17 22:37:31.608449,10000.00,LONG,0.00,closed
2191,1,1,COIN,-1.00,-1.00,2025-02-17 22:37:31.608449,2025-02-17 22:37:31.608449,,-1.00,,2025-02-17 22:37:31.608449,10000.00,LONG,0.00,closed
2192,6,1,TSLA,-1.00,-1.00,2025-02-17 22:37:31.612450,2025-02-17 22:37:31.612450,,-1.00,,2025-02-17 22:37:31.612450,10000.00,SHORT,0.00,closed
2193,2,1,COIN,-1.00,-1.00,2025-02-17 22:37:31.608449,2025-02-17 22:37:31.608449,,-1.00,,2025-02-17 22:37:31.608449,10000.00,SHORT,0.00,closed
2194,4,2,COIN,-1.00,-1.00,2025-02-17 22:37:31.608449,2025-02-17 22:37:31.608449,,-1.00,,2025-02-17 22:37:31.608449,10000.00,SHORT,0.00,closed
2195,3,2,COIN,-1.00,-1.00,2025-02-17 22:37:31.608449,2025-02-17 22:37:31.608449,,-1.00,,2025-02-17 22:37:31.608449,10000.00,LONG,0.00,closed
2196,1,1,COIN,-1.00,-1.00,2025-02-17 22:37:31.608449,2025-02-17 22:37:31.608449,,-1.00,,2025-02-17 22:37:31.608449,10000.00,LONG,0.00,closed
2197,6,1,TSLA,-1.00,-1.00,2025-02-17 22:37:31.612450,2025-02-17 22:37:31.612450,,-1.00,,2025-02-17 22:37:31.612450,10000.00,SHORT,0.00,closed
2198,2,1,COIN,-1.00,-1.00,2025-02-17 22:37:31.608449,2025-02-17 22:37:31.608449,,-1.00,,2025-02-17 22:37:31.608449,10000.00,SHORT,0.00,closed
2199,4,2,COIN,-1.00,-1.00,2025-02-17 22:37:31.608449,2025-02-17 22:37:31.608449,,-1.00,,2025-02-17 22:37:31.608449,10000.00,SHORT,0.00,closed
2200,3,2,COIN,-1.00,-1.00,2025-02-17 22:37:31.608449,2025-02-17 22:37:31.608449,,-1.00,,2025-02-17 22:37:31.608449,10000.00,LONG,0.00,closed
2201,1,1,COIN,-1.00,-1.00,2025-02-17 22:37:31.608449,2025-02-17 22:37:31.608449,,-1.00,,2025-02-17 22:37:31.608449,10000.00,LONG,0.00,closed
2202,6,1,TSLA,-1.00,-1.00,2025-02-17 22:37:31.612450,2025-02-17 22:37:31.612450,,-1.00,,2025-02-17 22:37:31.612450,10000.00,SHORT,0.00,closed
2203,2,1,COIN,-1.00,-1.00,2025-02-17 22:37:31.608449,2025-02-17 22:37:31.608449,,-1.00,,2025-02-17 22:37:31.608449,10000.00,SHORT,0.00,closed
2204,4,2,COIN,-1.00,-1.00,2025-02-17 22:37:31.608449,2025-02-17 22:37:31.608449,,-1.00,,2025-02-17 22:37:31.608449,10000.00,SHORT,0.00,closed
2205,3,2,COIN,-1.00,-1.00,2025-02-17 22:37:31.608449,2025-02-17 22:37:31.608449,,-1.00,,2025-02-17 22:37:31.608449,10000.00,LONG,0.00,closed
2206,1,1,COIN,-1.00,-1.00,2025-02-17 22:37:31.608449,2025-02-17 22:37:31.608449,,-1.00,,2025-02-17 22:37:31.608449,10000.00,LONG,0.00,closed
2207,6,1,TSLA,-1.00,-1.00,2025-02-17 22:37:31.612450,2025-02-17 22:37:31.612450,,-1.00,,2025-02-17 22:37:31.612450,10000.00,SHORT,0.00,closed
2208,2,1,COIN,-1.00,-1.00,2025-02-17 22:37:31.608449,2025-02-17 22:37:31.608449,,-1.00,,2025-02-17 22:37:31.608449,10000.00,SHORT,0.00,closed
2209,4,2,COIN,-1.00,-1.00,2025-02-17 22:37:31.608449,2025-02-17 22:37:31.608449,,-1.00,,2025-02-17 22:37:31.608449,10000.00,SHORT,0.00,closed
2210,3,2,COIN,-1.00,-1.00,2025-02-17 22:37:31.608449,2025-02-17 22:37:31.608449,,-1.00,,2025-02-17 22:37:31.608449,10000.00,LONG,0.00,closed
2211,1,1,COIN,-1.00,-1.00,2025-02-17 22:37:31.608449,2025-02-17 22:37:31.608449,,-1.00,,2025-02-17 22:37:31.608449,10000.00,LONG,0.00,closed
2212,6,1,TSLA,-1.00,-1.00,2025-02-17 22:37:31.612450,2025-02-17 22:37:31.612450,,-1.00,,2025-02-17 22:37:31.612450,10000.00,SHORT,0.00,closed
2213,2,1,COIN,-1.00,-1.00,2025-02-17 22:37:31.608449,2025-02-17 22:37:31.608449,,-1.00,,2025-02-17 22:37:31.608449,10000.00,SHORT,0.00,closed
2214,4,2,COIN,-1.00,-1.00,2025-02-17 22:37:31.608449,2025-02-17 22:37:31.608449,,-1.00,,2025-02-17 22:37:31.608449,10000.00,SHORT,0.00,closed
2215,3,2,COIN,-1.00,-1.00,2025-02-17 22:37:31.608449,2025-02-17 22:37:31.608449,,-1.00,,2025-02-17 22:37:31.608449,10000.00,LONG,0.00,closed
2216,1,1,COIN,-1.00,-1.00,2025-02-17 22:37:31.608449,2025-02-17 22:37:31.608449,,-1.00,,2025-02-17 22:37:31.608449,10000.00,LONG,0.00,closed
2217,6,1,TSLA,-1.00,-1.00,2025-02-17 22:37:31.612450,2025-02-17 22:37:31.612450,,-1.00,,2025-02-17 22:37:31.612450,10000.00,SHORT,0.00,closed
2218,2,1,COIN,-1.00,-1.00,2025-02-17 22:37:31.608449,2025-02-17 22:37:31.608449,,-1.00,,2025-02-17 22:37:31.608449,10000.00,SHORT,0.00,closed
2219,4,2,COIN,-1.00,-1.00,2025-02-17 22:37:31.608449,2025-02-17 22:37:31.608449,,-1.00,,2025-02-17 22:37:31.608449,10000.00,SHORT,0.00,closed
2220,3,2,COIN,-1.00,-1.00,2025-02-17 22:37:31.608449,2025-02-17 22:37:31.608449,,-1.00,,2025-02-17 22:37:31.608449,10000.00,LONG,0.00,closed
2221,1,1,COIN,-1.00,-1.00,2025-02-17 22:37:31.608449,2025-02-17 22:37:31.608449,,-1.00,,2025-02-17 22:37:31.608449,10000.00,LONG,0.00,closed
2222,6,1,TSLA,-1.00,-1.00,2025-02-17 22:37:31.612450,2025-02-17 22:37:31.612450,,-1.00,,2025-02-17 22:37:31.612450,10000.00,SHORT,0.00,closed
2223,2,1,COIN,-1.00,-1.00,2025-02-17 22:37:31.608449,2025-02-17 22:37:31.608449,,-1.00,,2025-02-17 22:37:31.608449,10000.00,SHORT,0.00,closed
2224,4,2,COIN,-1.00,-1.00,2025-02-17 22:37:31.608449,2025-02-17 22:37:31.608449,,-1.00,,2025-02-17 22:37:31.608449,10000.00,SHORT,0.00,closed
2225,3,2,COIN,-1.00,-1.00,2025-02-17 22:37:31.608449,2025-02-17 22:37:31.608449,,-1.00,,2025-02-17 22:37:31.608449,10000.00,LONG,0.00,closed
2226,1,1,COIN,-1.00,-1.00,2025-02-17 22:37:31.608449,2025-02-17 22:37:31.608449,,-1.00,,2025-02-17 22:37:31.608449,10000.00,LONG,0.00,closed
2227,6,1,TSLA,-1.00,-1.00,2025-02-17 22:37:31.612450,2025-02-17 22:37:31.612450,,-1.00,,2025-02-17 22:37:31.612450,10000.00,SHORT,0.00,closed
2228,2,1,COIN,-1.00,-1.00,2025-02-17 22:37:31.608449,2025-02-17 22:37:31.608449,,-1.00,,2025-02-17 22:37:31.608449,10000.00,SHORT,0.00,closed
2229,4,2,COIN,-1.00,-1.00,2025-02-17 22:37:31.608449,2025-02-17 22:37:31.608449,,-1.00,,2025-02-17 22:37:31.608449,10000.00,SHORT,0.00,closed
2230,3,2,COIN,-1.00,-1.00,2025-02-17 22:37:31.608449,2025-02-17 22:37:31.608449,,-1.00,,2025-02-17 22:37:31.608449,10000.00,LONG,0.00,closed
2231,1,1,COIN,-1.00,-1.00,2025-02-17 22:37:31.608449,2025-02-17 22:37:31.608449,,-1.00,,2025-02-17 22:37:31.608449,10000.00,LONG,0.00,closed
2232,6,1,TSLA,-1.00,-1.00,2025-02-17 22:37:31.612450,2025-02-17 22:37:31.612450,,-1.00,,2025-02-17 22:37:31.612450,10000.00,SHORT,0.00,closed
2233,2,1,COIN,-1.00,-1.00,2025-02-17 22:37:31.608449,2025-02-17 22:37:31.608449,,-1.00,,2025-02-17 22:37:31.608449,10000.00,SHORT,0.00,closed
2234,4,2,COIN,-1.00,-1.00,2025-02-17 22:37:31.608449,2025-02-17 22:37:31.608449,,-1.00,,2025-02-17 22:37:31.608449,10000.00,SHORT,0.00,closed
2235,3,2,COIN,-1.00,-1.00,2025-02-17 22:37:31.608449,2025-02-17 22:37:31.608449,,-1.00,,2025-02-17 22:37:31.608449,10000.00,LONG,0.00,closed
2236,1,1,COIN,-1.00,-1.00,2025-02-17 22:37:31.608449,2025-02-17 22:37:31.608449,,-1.00,,2025-02-17 22:37:31.608449,10000.00,LONG,0.00,closed
2237,6,1,TSLA,-1.00,-1.00,2025-02-17 22:37:31.612450,2025-02-17 22:37:31.612450,,-1.00,,2025-02-17 22:37:31.612450,10000.00,SHORT,0.00,closed
2238,2,1,COIN,-1.00,-1.00,2025-02-17 22:37:31.608449,2025-02-17 22:37:31.608449,,-1.00,,2025-02-17 22:37:31.608449,10000.00,SHORT,0.00,closed
2239,4,2,COIN,-1.00,-1.00,2025-02-17 22:37:31.608449,2025-02-17 22:37:31.608449,,-1.00,,2025-02-17 22:37:31.608449,10000.00,SHORT,0.00,closed
2240,3,2,COIN,-1.00,-1.00,2025-02-17 22:37:31.608449,2025-02-17 22:37:31.608449,,-1.00,,2025-02-17 22:37:31.608449,10000.00,LONG,0.00,closed
2241,1,1,COIN,-1.00,-1.00,2025-02-17 22:37:31.608449,2025-02-17 22:37:31.608449,,-1.00,,2025-02-17 22:37:31.608449,10000.00,LONG,0.00,closed
2242,6,1,TSLA,-1.00,-1.00,2025-02-17 22:37:31.612450,2025-02-17 22:37:31.612450,,-1.00,,2025-02-17 22:37:31.612450,10000.00,SHORT,0.00,closed
2243,2,1,COIN,-1.00,-1.00,2025-02-17 22:37:31.608449,2025-02-17 22:37:31.608449,,-1.00,,2025-02-17 22:37:31.608449,10000.00,SHORT,0.00,closed
2244,4,2,COIN,-1.00,-1.00,2025-02-17 22:37:31.608449,2025-02-17 22:37:31.608449,,-1.00,,2025-02-17 22:37:31.608449,10000.00,SHORT,0.00,closed
2245,3,2,COIN,-1.00,-1.00,2025-02-17 22:37:31.608449,2025-02-17 22:37:31.608449,,-1.00,,2025-02-17 22:37:31.608449,10000.00,LONG,0.00,closed
2246,1,1,COIN,-1.00,-1.00,2025-02-17 22:37:31.608449,2025-02-17 22:37:31.608449,,-1.00,,2025-02-17 22:37:31.608449,10000.00,LONG,0.00,closed
2247,6,1,TSLA,-1.00,-1.00,2025-02-17 22:37:31.612450,2025-02-17 22:37:31.612450,,-1.00,,2025-02-17 22:37:31.612450,10000.00,SHORT,0.00,closed
2248,2,1,COIN,-1.00,-1.00,2025-02-17 22:37:31.608449,2025-02-17 22:37:31.608449,,-1.00,,2025-02-17 22:37:31.608449,10000.00,SHORT,0.00,closed
2249,4,2,COIN,-1.00,-1.00,2025-02-17 22:37:31.608449,2025-02-17 22:37:31.608449,,-1.00,,2025-02-17 22:37:31.608449,10000.00,SHORT,0.00,closed
2250,3,2,COIN,-1.00,-1.00,2025-02-17 22:37:31.608449,2025-02-17 22:37:31.608449,,-1.00,,2025-02-17 22:37:31.608449,10000.00,LONG,0.00,closed
2251,1,1,COIN,-1.00,-1.00,2025-02-17 22:37:31.608449,2025-02-17 22:37:31.608449,,-1.00,,2025-02-17 22:37:31.608449,10000.00,LONG,0.00,closed
2252,6,1,TSLA,-1.00,-1.00,2025-02-17 22:37:31.612450,2025-02-17 22:37:31.612450,,-1.00,,2025-02-17 22:37:31.612450,10000.00,SHORT,0.00,closed
2253,2,1,COIN,-1.00,-1.00,2025-02-17 22:37:31.608449,2025-02-17 22:37:31.608449,,-1.00,,2025-02-17 22:37:31.608449,10000.00,SHORT,0.00,closed
2254,4,2,COIN,-1.00,-1.00,2025-02-17 22:37:31.608449,2025-02-17 22:37:31.608449,,-1.00,,2025-02-17 22:37:31.608449,10000.00,SHORT,0.00,closed
2255,3,2,COIN,-1.00,-1.00,2025-02-17 22:37:31.608449,2025-02-17 22:37:31.608449,,-1.00,,2025-02-17 22:37:31.608449,10000.00,LONG,0.00,closed
2256,1,1,COIN,-1.00,-1.00,2025-02-17 22:37:31.608449,2025-02-17 22:37:31.608449,,-1.00,,2025-02-17 22:37:31.608449,10000.00,LONG,0.00,closed
2257,6,1,TSLA,-1.00,-1.00,2025-02-17 22:37:31.612450,2025-02-17 22:37:31.612450,,-1.00,,2025-02-17 22:37:31.612450,10000.00,SHORT,0.00,closed
2258,2,1,COIN,-1.00,-1.00,2025-02-17 22:37:31.608449,2025-02-17 22:37:31.608449,,-1.00,,2025-02-17 22:37:31.608449,10000.00,SHORT,0.00,closed
2259,4,2,COIN,-1.00,-1.00,2025-02-17 22:37:31.608449,2025-02-17 22:37:31.608449,,-1.00,,2025-02-17 22:37:31.608449,10000.00,SHORT,0.00,closed
2260,3,2,COIN,-1.00,-1.00,2025-02-17 22:37:31.608449,2025-02-17 22:37:31.608449,,-1.00,,2025-02-17 22:37:31.608449,10000.00,LONG,0.00,closed
2261,1,1,COIN,-1.00,-1.00,2025-02-17 22:37:31.608449,2025-02-17 22:37:31.608449,,-1.00,,2025-02-17 22:37:31.608449,10000.00,LONG,0.00,closed
2262,6,1,TSLA,-1.00,-1.00,2025-02-17 22:37:31.612450,2025-02-17 22:37:31.612450,,-1.00,,2025-02-17 22:37:31.612450,10000.00,SHORT,0.00,closed
2263,2,1,COIN,-1.00,-1.00,2025-02-17 22:37:31.608449,2025-02-17 22:37:31.608449,,-1.00,,2025-02-17 22:37:31.608449,10000.00,SHORT,0.00,closed
2264,4,2,COIN,-1.00,-1.00,2025-02-17 22:37:31.608449,2025-02-17 22:37:31.608449,,-1.00,,2025-02-17 22:37:31.608449,10000.00,SHORT,0.00,closed
2265,3,2,COIN,-1.00,-1.00,2025-02-17 22:37:31.608449,2025-02-17 22:37:31.608449,,-1.00,,2025-02-17 22:37:31.608449,10000.00,LONG,0.00,closed
2266,1,1,COIN,-1.00,-1.00,2025-02-17 22:37:31.608449,2025-02-17 22:37:31.608449,,-1.00,,2025-02-17 22:37:31.608449,10000.00,LONG,0.00,closed
2267,6,1,TSLA,-1.00,-1.00,2025-02-17 22:37:31.612450,2025-02-17 22:37:31.612450,,-1.00,,2025-02-17 22:37:31.612450,10000.00,SHORT,0.00,closed
2268,2,1,COIN,-1.00,-1.00,2025-02-17 22:37:31.608449,2025-02-17 22:37:31.608449,,-1.00,,2025-02-17 22:37:31.608449,10000.00,SHORT,0.00,closed
2269,4,2,COIN,-1.00,-1.00,2025-02-17 22:37:31.608449,2025-02-17 22:37:31.608449,,-1.00,,2025-02-17 22:37:31.608449,10000.00,SHORT,0.00,closed
2270,3,2,COIN,-1.00,-1.00,2025-02-17 22:37:31.608449,2025-02-17 22:37:31.608449,,-1.00,,2025-02-17 22:37:31.608449,10000.00,LONG,0.00,closed
2271,1,1,COIN,-1.00,-1.00,2025-02-17 22:37:31.608449,2025-02-17 22:37:31.608449,,-1.00,,2025-02-17 22:37:31.608449,10000.00,LONG,0.00,closed
2272,6,1,TSLA,-1.00,-1.00,2025-02-17 22:37:31.612450,2025-02-17 22:37:31.612450,,-1.00,,2025-02-17 22:37:31.612450,10000.00,SHORT,0.00,closed
2273,2,1,COIN,-1.00,-1.00,2025-02-17 22:37:31.608449,2025-02-17 22:37:31.608449,,-1.00,,2025-02-17 22:37:31.608449,10000.00,SHORT,0.00,closed
2274,4,2,COIN,-1.00,-1.00,2025-02-17 22:37:31.608449,2025-02-17 22:37:31.608449,,-1.00,,2025-02-17 22:37:31.608449,10000.00,SHORT,0.00,closed
2275,3,2,COIN,-1.00,-1.00,2025-02-17 22:37:31.608449,2025-02-17 22:37:31.608449,,-1.00,,2025-02-17 22:37:31.608449,10000.00,LONG,0.00,closed
2276,1,1,COIN,-1.00,-1.00,2025-02-17 22:37:31.608449,2025-02-17 22:37:31.608449,,-1.00,,2025-02-17 22:37:31.608449,10000.00,LONG,0.00,closed
2277,6,1,TSLA,-1.00,-1.00,2025-02-17 22:37:31.612450,2025-02-17 22:37:31.612450,,-1.00,,2025-02-17 22:37:31.612450,10000.00,SHORT,0.00,closed
2278,2,1,COIN,-1.00,-1.00,2025-02-17 22:37:31.608449,2025-02-17 22:37:31.608449,,-1.00,,2025-02-17 22:37:31.608449,10000.00,SHORT,0.00,closed
2279,4,2,COIN,-1.00,-1.00,2025-02-17 22:37:31.608449,2025-02-17 22:37:31.608449,,-1.00,,2025-02-17 22:37:31.608449,10000.00,SHORT,0.00,closed
2280,3,2,COIN,-1.00,-1.00,2025-02-17 22:37:31.608449,2025-02-17 22:37:31.608449,,-1.00,,2025-02-17 22:37:31.608449,10000.00,LONG,0.00,closed
2281,1,1,COIN,-1.00,-1.00,2025-02-17 22:37:31.608449,2025-02-17 22:37:31.608449,,-1.00,,2025-02-17 22:37:31.608449,10000.00,LONG,0.00,closed
2282,6,1,TSLA,-1.00,-1.00,2025-02-17 22:37:31.612450,2025-02-17 22:37:31.612450,,-1.00,,2025-02-17 22:37:31.612450,10000.00,SHORT,0.00,closed
2283,2,1,COIN,-1.00,-1.00,2025-02-17 22:37:31.608449,2025-02-17 22:37:31.608449,,-1.00,,2025-02-17 22:37:31.608449,10000.00,SHORT,0.00,closed
2284,4,2,COIN,-1.00,-1.00,2025-02-17 22:37:31.608449,2025-02-17 22:37:31.608449,,-1.00,,2025-02-17 22:37:31.608449,10000.00,SHORT,0.00,closed
2285,3,2,COIN,-1.00,-1.00,2025-02-17 22:37:31.608449,2025-02-17 22:37:31.608449,,-1.00,,2025-02-17 22:37:31.608449,10000.00,LONG,0.00,closed
2286,1,1,COIN,-1.00,-1.00,2025-02-17 22:37:31.608449,2025-02-17 22:37:31.608449,,-1.00,,2025-02-17 22:37:31.608449,10000.00,LONG,0.00,closed
2287,6,1,TSLA,-1.00,-1.00,2025-02-17 22:37:31.612450,2025-02-17 22:37:31.612450,,-1.00,,2025-02-17 22:37:31.612450,10000.00,SHORT,0.00,closed
2288,2,1,COIN,-1.00,-1.00,2025-02-17 22:37:31.608449,2025-02-17 22:37:31.608449,,-1.00,,2025-02-17 22:37:31.608449,10000.00,SHORT,0.00,closed
2289,4,2,COIN,-1.00,-1.00,2025-02-17 22:37:31.608449,2025-02-17 22:37:31.608449,,-1.00,,2025-02-17 22:37:31.608449,10000.00,SHORT,0.00,closed
2290,3,2,COIN,-1.00,-1.00,2025-02-17 22:37:31.608449,2025-02-17 22:37:31.608449,,-1.00,,2025-02-17 22:37:31.608449,10000.00,LONG,0.00,closed
2291,1,1,COIN,-1.00,-1.00,2025-02-17 22:37:31.608449,2025-02-17 22:37:31.608449,,-1.00,,2025-02-17 22:37:31.608449,10000.00,LONG,0.00,closed
2292,6,1,TSLA,-1.00,-1.00,2025-02-17 22:37:31.612450,2025-02-17 22:37:31.612450,,-1.00,,2025-02-17 22:37:31.612450,10000.00,SHORT,0.00,closed
2293,2,1,COIN,-1.00,-1.00,2025-02-17 22:37:31.608449,2025-02-17 22:37:31.608449,,-1.00,,2025-02-17 22:37:31.608449,10000.00,SHORT,0.00,closed
2294,4,2,COIN,-1.00,-1.00,2025-02-17 22:37:31.608449,2025-02-17 22:37:31.608449,,-1.00,,2025-02-17 22:37:31.608449,10000.00,SHORT,0.00,closed
2295,3,2,COIN,-1.00,-1.00,2025-02-17 22:37:31.608449,2025-02-17 22:37:31.608449,,-1.00,,2025-02-17 22:37:31.608449,10000.00,LONG,0.00,closed
2296,1,1,COIN,-1.00,-1.00,2025-02-17 22:37:31.608449,2025-02-17 22:37:31.608449,,-1.00,,2025-02-17 22:37:31.608449,10000.00,LONG,0.00,closed
2297,6,1,TSLA,-1.00,-1.00,2025-02-17 22:37:31.612450,2025-02-17 22:37:31.612450,,-1.00,,2025-02-17 22:37:31.612450,10000.00,SHORT,0.00,closed
2298,2,1,COIN,-1.00,-1.00,2025-02-17 22:37:31.608449,2025-02-17 22:37:31.608449,,-1.00,,2025-02-17 22:37:31.608449,10000.00,SHORT,0.00,closed
2299,4,2,COIN,-1.00,-1.00,2025-02-17 22:37:31.608449,2025-02-17 22:37:31.608449,,-1.00,,2025-02-17 22:37:31.608449,10000.00,SHORT,0.00,closed
2300,3,2,COIN,-1.00,-1.00,2025-02-17 22:37:31.608449,2025-02-17 22:37:31.608449,,-1.00,,2025-02-17 22:37:31.608449,10000.00,LONG,0.00,closed
2301,1,1,COIN,-1.00,-1.00,2025-02-17 22:37:31.608449,2025-02-17 22:37:31.608449,,-1.00,,2025-02-17 22:37:31.608449,10000.00,LONG,0.00,closed
2302,6,1,TSLA,-1.00,-1.00,2025-02-17 22:37:31.612450,2025-02-17 22:37:31.612450,,-1.00,,2025-02-17 22:37:31.612450,10000.00,SHORT,0.00,closed
2303,2,1,COIN,-1.00,-1.00,2025-02-17 22:37:31.608449,2025-02-17 22:37:31.608449,,-1.00,,2025-02-17 22:37:31.608449,10000.00,SHORT,0.00,closed
2304,4,2,COIN,-1.00,-1.00,2025-02-17 22:37:31.608449,2025-02-17 22:37:31.608449,,-1.00,,2025-02-17 22:37:31.608449,10000.00,SHORT,0.00,closed
2305,3,2,COIN,-1.00,-1.00,2025-02-17 22:37:31.608449,2025-02-17 22:37:31.608449,,-1.00,,2025-02-17 22:37:31.608449,10000.00,LONG,0.00,closed
2306,1,1,COIN,-1.00,-1.00,2025-02-17 22:37:31.608449,2025-02-17 22:37:31.608449,,-1.00,,2025-02-17 22:37:31.608449,10000.00,LONG,0.00,closed
2307,6,1,TSLA,-1.00,-1.00,2025-02-17 22:37:31.612450,2025-02-17 22:37:31.612450,,-1.00,,2025-02-17 22:37:31.612450,10000.00,SHORT,0.00,closed
2308,2,1,COIN,-1.00,-1.00,2025-02-17 22:37:31.608449,2025-02-17 22:37:31.608449,,-1.00,,2025-02-17 22:37:31.608449,10000.00,SHORT,0.00,closed
2309,4,2,COIN,-1.00,-1.00,2025-02-17 22:37:31.608449,2025-02-17 22:37:31.608449,,-1.00,,2025-02-17 22:37:31.608449,10000.00,SHORT,0.00,closed
2310,3,2,COIN,-1.00,-1.00,2025-02-17 22:37:31.608449,2025-02-17 22:37:31.608449,,-1.00,,2025-02-17 22:37:31.608449,10000.00,LONG,0.00,closed
2311,1,1,COIN,-1.00,-1.00,2025-02-17 22:37:31.608449,2025-02-17 22:37:31.608449,,-1.00,,2025-02-17 22:37:31.608449,10000.00,LONG,0.00,closed
2312,6,1,TSLA,-1.00,-1.00,2025-02-17 22:37:31.612450,2025-02-17 22:37:31.612450,,-1.00,,2025-02-17 22:37:31.612450,10000.00,SHORT,0.00,closed
2313,2,1,COIN,-1.00,-1.00,2025-02-17 22:37:31.608449,2025-02-17 22:37:31.608449,,-1.00,,2025-02-17 22:37:31.608449,10000.00,SHORT,0.00,closed
2314,4,2,COIN,-1.00,-1.00,2025-02-17 22:37:31.608449,2025-02-17 22:37:31.608449,,-1.00,,2025-02-17 22:37:31.608449,10000.00,SHORT,0.00,closed
2315,3,2,COIN,-1.00,-1.00,2025-02-17 22:37:31.608449,2025-02-17 22:37:31.608449,,-1.00,,2025-02-17 22:37:31.608449,10000.00,LONG,0.00,closed
2316,1,1,COIN,-1.00,-1.00,2025-02-17 22:37:31.608449,2025-02-17 22:37:31.608449,,-1.00,,2025-02-17 22:37:31.608449,10000.00,LONG,0.00,closed
2317,6,1,TSLA,-1.00,-1.00,2025-02-17 22:37:31.612450,2025-02-17 22:37:31.612450,,-1.00,,2025-02-17 22:37:31.612450,10000.00,SHORT,0.00,closed
2318,2,1,COIN,-1.00,-1.00,2025-02-17 22:37:31.608449,2025-02-17 22:37:31.608449,,-1.00,,2025-02-17 22:37:31.608449,10000.00,SHORT,0.00,closed
2319,4,2,COIN,-1.00,-1.00,2025-02-17 22:37:31.608449,2025-02-17 22:37:31.608449,,-1.00,,2025-02-17 22:37:31.608449,10000.00,SHORT,0.00,closed
2320,3,2,COIN,-1.00,-1.00,2025-02-17 22:37:31.608449,2025-02-17 22:37:31.608449,,-1.00,,2025-02-17 22:37:31.608449,10000.00,LONG,0.00,closed
2321,1,1,COIN,-1.00,-1.00,2025-02-17 22:37:31.608449,2025-02-17 22:37:31.608449,,-1.00,,2025-02-17 22:37:31.608449,10000.00,LONG,0.00,closed
2322,6,1,TSLA,-1.00,-1.00,2025-02-17 22:37:31.612450,2025-02-17 22:37:31.612450,,-1.00,,2025-02-17 22:37:31.612450,10000.00,SHORT,0.00,closed
2323,2,1,COIN,-1.00,-1.00,2025-02-17 22:37:31.608449,2025-02-17 22:37:31.608449,,-1.00,,2025-02-17 22:37:31.608449,10000.00,SHORT,0.00,closed
2324,4,2,COIN,-1.00,-1.00,2025-02-17 22:37:31.608449,2025-02-17 22:37:31.608449,,-1.00,,2025-02-17 22:37:31.608449,10000.00,SHORT,0.00,closed
2325,3,2,COIN,-1.00,-1.00,2025-02-17 22:37:31.608449,2025-02-17 22:37:31.608449,,-1.00,,2025-02-17 22:37:31.608449,10000.00,LONG,0.00,closed
2326,1,1,COIN,-1.00,-1.00,2025-02-17 22:37:31.608449,2025-02-17 22:37:31.608449,,-1.00,,2025-02-17 22:37:31.608449,10000.00,LONG,0.00,closed
2327,6,1,TSLA,-1.00,-1.00,2025-02-17 22:37:31.612450,2025-02-17 22:37:31.612450,,-1.00,,2025-02-17 22:37:31.612450,10000.00,SHORT,0.00,closed
2328,2,1,COIN,-1.00,-1.00,2025-02-17 22:37:31.608449,2025-02-17 22:37:31.608449,,-1.00,,2025-02-17 22:37:31.608449,10000.00,SHORT,0.00,closed
2329,4,2,COIN,-1.00,-1.00,2025-02-17 22:37:31.608449,2025-02-17 22:37:31.608449,,-1.00,,2025-02-17 22:37:31.608449,10000.00,SHORT,0.00,closed
2330,3,2,COIN,-1.00,-1.00,2025-02-17 22:37:31.608449,2025-02-17 22:37:31.608449,,-1.00,,2025-02-17 22:37:31.608449,10000.00,LONG,0.00,closed
2331,1,1,COIN,-1.00,-1.00,2025-02-17 22:37:31.608449,2025-02-17 22:37:31.608449,,-1.00,,2025-02-17 22:37:31.608449,10000.00,LONG,0.00,closed
2332,6,1,TSLA,-1.00,-1.00,2025-02-17 22:37:31.612450,2025-02-17 22:37:31.612450,,-1.00,,2025-02-17 22:37:31.612450,10000.00,SHORT,0.00,closed
2333,2,1,COIN,-1.00,-1.00,2025-02-17 22:37:31.608449,2025-02-17 22:37:31.608449,,-1.00,,2025-02-17 22:37:31.608449,10000.00,SHORT,0.00,closed
2334,4,2,COIN,-1.00,-1.00,2025-02-17 22:37:31.608449,2025-02-17 22:37:31.608449,,-1.00,,2025-02-17 22:37:31.608449,10000.00,SHORT,0.00,closed
2335,3,2,COIN,-1.00,-1.00,2025-02-17 22:37:31.608449,2025-02-17 22:37:31.608449,,-1.00,,2025-02-17 22:37:31.608449,10000.00,LONG,0.00,closed
2336,1,1,COIN,-1.00,-1.00,2025-02-17 22:37:31.608449,2025-02-17 22:37:31.608449,,-1.00,,2025-02-17 22:37:31.608449,10000.00,LONG,0.00,closed
2337,6,1,TSLA,-1.00,-1.00,2025-02-17 22:37:31.612450,2025-02-17 22:37:31.612450,,-1.00,,2025-02-17 22:37:31.612450,10000.00,SHORT,0.00,closed
2338,2,1,COIN,-1.00,-1.00,2025-02-17 22:37:31.608449,2025-02-17 22:37:31.608449,,-1.00,,2025-02-17 22:37:31.608449,10000.00,SHORT,0.00,closed
2339,4,2,COIN,-1.00,-1.00,2025-02-17 22:37:31.608449,2025-02-17 22:37:31.608449,,-1.00,,2025-02-17 22:37:31.608449,10000.00,SHORT,0.00,closed
2340,3,2,COIN,-1.00,-1.00,2025-02-17 22:37:31.608449,2025-02-17 22:37:31.608449,,-1.00,,2025-02-17 22:37:31.608449,10000.00,LONG,0.00,closed
2341,1,1,COIN,-1.00,-1.00,2025-02-17 22:37:31.608449,2025-02-17 22:37:31.608449,,-1.00,,2025-02-17 22:37:31.608449,10000.00,LONG,0.00,closed
2342,6,1,TSLA,-1.00,-1.00,2025-02-17 22:37:31.612450,2025-02-17 22:37:31.612450,,-1.00,,2025-02-17 22:37:31.612450,10000.00,SHORT,0.00,closed
2343,2,1,COIN,-1.00,-1.00,2025-02-17 22:37:31.608449,2025-02-17 22:37:31.608449,,-1.00,,2025-02-17 22:37:31.608449,10000.00,SHORT,0.00,closed
2344,4,2,COIN,-1.00,-1.00,2025-02-17 22:37:31.608449,2025-02-17 22:37:31.608449,,-1.00,,2025-02-17 22:37:31.608449,10000.00,SHORT,0.00,closed
2345,3,2,COIN,-1.00,-1.00,2025-02-17 22:37:31.608449,2025-02-17 22:37:31.608449,,-1.00,,2025-02-17 22:37:31.608449,10000.00,LONG,0.00,closed
2346,1,1,COIN,-1.00,-1.00,2025-02-17 22:37:31.608449,2025-02-17 22:37:31.608449,,-1.00,,2025-02-17 22:37:31.608449,10000.00,LONG,0.00,closed
2347,6,1,TSLA,-1.00,-1.00,2025-02-17 22:37:31.612450,2025-02-17 22:37:31.612450,,-1.00,,2025-02-17 22:37:31.612450,10000.00,SHORT,0.00,closed
2348,2,1,COIN,-1.00,-1.00,2025-02-17 22:37:31.608449,2025-02-17 22:37:31.608449,,-1.00,,2025-02-17 22:37:31.608449,10000.00,SHORT,0.00,closed
2349,4,2,COIN,-1.00,-1.00,2025-02-17 22:37:31.608449,2025-02-17 22:37:31.608449,,-1.00,,2025-02-17 22:37:31.608449,10000.00,SHORT,0.00,closed
2350,3,2,COIN,-1.00,-1.00,2025-02-17 22:37:31.608449,2025-02-17 22:37:31.608449,,-1.00,,2025-02-17 22:37:31.608449,10000.00,LONG,0.00,closed
2351,1,1,COIN,-1.00,-1.00,2025-02-17 22:37:31.608449,2025-02-17 22:37:31.608449,,-1.00,,2025-02-17 22:37:31.608449,10000.00,LONG,0.00,closed
2352,6,1,TSLA,-1.00,-1.00,2025-02-17 22:37:31.612450,2025-02-17 22:37:31.612450,,-1.00,,2025-02-17 22:37:31.612450,10000.00,SHORT,0.00,closed
2353,2,1,COIN,-1.00,-1.00,2025-02-17 22:37:31.608449,2025-02-17 22:37:31.608449,,-1.00,,2025-02-17 22:37:31.608449,10000.00,SHORT,0.00,closed
2354,4,2,COIN,-1.00,-1.00,2025-02-17 22:37:31.608449,2025-02-17 22:37:31.608449,,-1.00,,2025-02-17 22:37:31.608449,10000.00,SHORT,0.00,closed
2355,3,2,COIN,-1.00,-1.00,2025-02-17 22:37:31.608449,2025-02-17 22:37:31.608449,,-1.00,,2025-02-17 22:37:31.608449,10000.00,LONG,0.00,closed
2356,1,1,COIN,-1.00,-1.00,2025-02-17 22:37:31.608449,2025-02-17 22:37:31.608449,,-1.00,,2025-02-17 22:37:31.608449,10000.00,LONG,0.00,closed
2357,6,1,TSLA,-1.00,-1.00,2025-02-17 22:37:31.612450,2025-02-17 22:37:31.612450,,-1.00,,2025-02-17 22:37:31.612450,10000.00,SHORT,0.00,closed
2358,2,1,COIN,-1.00,-1.00,2025-02-17 22:37:31.608449,2025-02-17 22:37:31.608449,,-1.00,,2025-02-17 22:37:31.608449,10000.00,SHORT,0.00,closed
2359,4,2,COIN,-1.00,-1.00,2025-02-17 22:37:31.608449,2025-02-17 22:37:31.608449,,-1.00,,2025-02-17 22:37:31.608449,10000.00,SHORT,0.00,closed
2360,3,2,COIN,-1.00,-1.00,2025-02-17 22:37:31.608449,2025-02-17 22:37:31.608449,,-1.00,,2025-02-17 22:37:31.608449,10000.00,LONG,0.00,closed
2361,1,1,COIN,-1.00,-1.00,2025-02-17 22:37:31.608449,2025-02-17 22:37:31.608449,,-1.00,,2025-02-17 22:37:31.608449,10000.00,LONG,0.00,closed
2362,6,1,TSLA,-1.00,-1.00,2025-02-17 22:37:31.612450,2025-02-17 22:37:31.612450,,-1.00,,2025-02-17 22:37:31.612450,10000.00,SHORT,0.00,closed
2363,2,1,COIN,-1.00,-1.00,2025-02-17 22:37:31.608449,2025-02-17 22:37:31.608449,,-1.00,,2025-02-17 22:37:31.608449,10000.00,SHORT,0.00,closed
2364,4,2,COIN,-1.00,-1.00,2025-02-17 22:37:31.608449,2025-02-17 22:37:31.608449,,-1.00,,2025-02-17 22:37:31.608449,10000.00,SHORT,0.00,closed
2365,3,2,COIN,-1.00,-1.00,2025-02-17 22:37:31.608449,2025-02-17 22:37:31.608449,,-1.00,,2025-02-17 22:37:31.608449,10000.00,LONG,0.00,closed
2366,1,1,COIN,-1.00,-1.00,2025-02-17 22:37:31.608449,2025-02-17 22:37:31.608449,,-1.00,,2025-02-17 22:37:31.608449,10000.00,LONG,0.00,closed
2367,6,1,TSLA,-1.00,-1.00,2025-02-17 22:37:31.612450,2025-02-17 22:37:31.612450,,-1.00,,2025-02-17 22:37:31.612450,10000.00,SHORT,0.00,closed
2368,2,1,COIN,-1.00,-1.00,2025-02-17 22:37:31.608449,2025-02-17 22:37:31.608449,,-1.00,,2025-02-17 22:37:31.608449,10000.00,SHORT,0.00,closed
2369,4,2,COIN,-1.00,-1.00,2025-02-17 22:37:31.608449,2025-02-17 22:37:31.608449,,-1.00,,2025-02-17 22:37:31.608449,10000.00,SHORT,0.00,closed
2370,3,2,COIN,-1.00,-1.00,2025-02-17 22:37:31.608449,2025-02-17 22:37:31.608449,,-1.00,,2025-02-17 22:37:31.608449,10000.00,LONG,0.00,closed
2371,1,1,COIN,-1.00,-1.00,2025-02-17 22:37:31.608449,2025-02-17 22:37:31.608449,,-1.00,,2025-02-17 22:37:31.608449,10000.00,LONG,0.00,closed
2372,6,1,TSLA,-1.00,-1.00,2025-02-17 22:37:31.612450,2025-02-17 22:37:31.612450,,-1.00,,2025-02-17 22:37:31.612450,10000.00,SHORT,0.00,closed
2373,2,1,COIN,-1.00,-1.00,2025-02-17 22:37:31.608449,2025-02-17 22:37:31.608449,,-1.00,,2025-02-17 22:37:31.608449,10000.00,SHORT,0.00,closed
2374,4,2,COIN,-1.00,-1.00,2025-02-17 22:37:31.608449,2025-02-17 22:37:31.608449,,-1.00,,2025-02-17 22:37:31.608449,10000.00,SHORT,0.00,closed
2375,3,2,COIN,-1.00,-1.00,2025-02-17 22:37:31.608449,2025-02-17 22:37:31.608449,,-1.00,,2025-02-17 22:37:31.608449,10000.00,LONG,0.00,closed
2376,1,1,COIN,-1.00,-1.00,2025-02-17 22:37:31.608449,2025-02-17 22:37:31.608449,,-1.00,,2025-02-17 22:37:31.608449,10000.00,LONG,0.00,closed
2377,6,1,TSLA,-1.00,-1.00,2025-02-17 22:37:31.612450,2025-02-17 22:37:31.612450,,-1.00,,2025-02-17 22:37:31.612450,10000.00,SHORT,0.00,closed
2378,2,1,COIN,-1.00,-1.00,2025-02-17 22:37:31.608449,2025-02-17 22:37:31.608449,,-1.00,,2025-02-17 22:37:31.608449,10000.00,SHORT,0.00,closed
2379,4,2,COIN,-1.00,-1.00,2025-02-17 22:37:31.608449,2025-02-17 22:37:31.608449,,-1.00,,2025-02-17 22:37:31.608449,10000.00,SHORT,0.00,closed
2380,3,2,COIN,-1.00,,2025-02-17 22:37:31.608449,,,,,,10000.00,LONG,,open
2381,1,1,COIN,298.11,-1.00,2025-02-17 22:43:06.794150,2025-02-17 22:48:31.733317,,-1.00,,2025-02-17 22:48:31.733317,10000.00,LONG,-299.11,closed
2382,6,1,TSLA,-1.00,355.94,2025-02-17 22:37:31.612450,2025-02-17 22:43:06.897102,,355.94,,2025-02-17 22:43:06.897102,10000.00,SHORT,-356.94,closed
2383,5,1,TSLA,355.94,-1.00,2025-02-17 22:43:06.897102,2025-02-17 22:48:31.840691,,-1.00,,2025-02-17 22:48:31.840691,10000.00,LONG,-3569400.00,closed
2384,7,2,TSLA,355.94,,2025-02-17 22:43:06.897102,,,,,,10000.00,LONG,,open
2385,1,1,COIN,298.11,,2025-02-17 22:48:31.837698,,,,,,10000.00,LONG,,open
2386,5,1,TSLA,355.94,,2025-02-17 22:48:31.845206,,,,,,10000.00,LONG,,open
2387,1,1,COIN,269.17,268.64,2025-02-21 20:03:37.524996,2025-02-21 20:04:18.061018,,268.64,,2025-02-21 20:04:18.061018,10000.00,LONG,-0.53,closed
2388,1,1,COIN,268.75,268.73,2025-02-21 20:04:18.557979,2025-02-21 20:06:01.585132,,268.73,,2025-02-21 20:06:01.585132,10000.00,LONG,-0.02,closed
2389,3,2,COIN,268.96,268.73,2025-02-21 20:04:21.810005,2025-02-21 20:06:01.585132,,268.73,,2025-02-21 20:06:01.585132,10000.00,LONG,-0.23,closed
2390,6,1,TSLA,354.98,355.26,2025-02-21 20:04:47.373262,2025-02-21 20:12:56.909455,,355.26,,2025-02-21 20:12:56.909455,10000.00,SHORT,-0.28,closed
2391,2,1,COIN,269.05,269.27,2025-02-21 20:04:56.133603,2025-02-21 20:06:12.597885,,269.27,,2025-02-21 20:06:12.597885,10000.00,SHORT,-0.22,closed
2392,5,1,TSLA,354.88,355.10,2025-02-21 20:05:28.936004,2025-02-21 20:24:36.707634,,355.10,,2025-02-21 20:24:36.707634,10000.00,LONG,2200.00,closed
2393,3,2,COIN,268.73,268.69,2025-02-21 20:06:01.585132,2025-02-21 20:08:21.046554,,268.69,,2025-02-21 20:08:21.046554,10000.00,LONG,-0.04,closed
2394,1,1,COIN,268.73,268.69,2025-02-21 20:06:01.585132,2025-02-21 20:08:21.046554,,268.69,,2025-02-21 20:08:21.046554,10000.00,LONG,-0.04,closed
2395,2,1,COIN,268.80,267.90,2025-02-21 20:06:18.017441,2025-02-21 20:16:23.342815,,267.90,,2025-02-21 20:16:23.342815,10000.00,SHORT,0.90,closed
2396,4,2,COIN,268.75,267.90,2025-02-21 20:08:13.287489,2025-02-21 20:16:23.342815,,267.90,,2025-02-21 20:16:23.342815,10000.00,SHORT,0.85,closed
2397,3,2,COIN,268.78,268.15,2025-02-21 20:08:22.011883,2025-02-21 20:10:02.194440,,268.15,,2025-02-21 20:10:02.194440,10000.00,LONG,-0.63,closed
2398,1,1,COIN,268.60,268.25,2025-02-21 20:08:22.751962,2025-02-21 20:10:02.668571,,268.25,,2025-02-21 20:10:02.668571,10000.00,LONG,-0.35,closed
2399,3,2,COIN,268.25,267.85,2025-02-21 20:10:02.668571,2025-02-21 20:13:00.162312,,267.85,,2025-02-21 20:13:00.162312,10000.00,LONG,-0.40,closed
2400,1,1,COIN,268.25,267.85,2025-02-21 20:10:02.668571,2025-02-21 20:13:00.162312,,267.85,,2025-02-21 20:13:00.162312,10000.00,LONG,-0.40,closed
2401,7,2,TSLA,355.20,355.04,2025-02-21 20:12:03.583350,2025-02-21 20:24:45.971731,,355.04,,2025-02-21 20:24:45.971731,10000.00,LONG,-0.16,closed
2402,1,1,COIN,267.85,267.70,2025-02-21 20:13:00.162312,2025-02-21 20:14:38.804018,,267.70,,2025-02-21 20:14:38.804018,10000.00,LONG,-0.15,closed
2403,3,2,COIN,267.85,267.70,2025-02-21 20:13:00.162312,2025-02-21 20:14:38.804018,,267.70,,2025-02-21 20:14:38.804018,10000.00,LONG,-0.15,closed
2404,6,1,TSLA,355.10,355.38,2025-02-21 20:13:39.967762,2025-02-21 20:26:39.612112,,355.38,,2025-02-21 20:26:39.612112,10000.00,SHORT,-0.28,closed
2405,1,1,COIN,267.80,267.39,2025-02-21 20:14:39.322191,2025-02-21 20:15:27.010307,,267.39,,2025-02-21 20:15:27.010307,10000.00,LONG,-0.41,closed
2406,3,2,COIN,267.71,267.39,2025-02-21 20:14:40.049804,2025-02-21 20:15:27.010307,,267.39,,2025-02-21 20:15:27.010307,10000.00,LONG,-0.32,closed
2407,1,1,COIN,267.39,267.36,2025-02-21 20:15:27.010307,2025-02-21 20:16:29.182426,,267.36,,2025-02-21 20:16:29.182426,10000.00,LONG,-0.03,closed
2408,3,2,COIN,267.39,267.35,2025-02-21 20:15:27.010307,2025-02-21 20:17:33.335359,,267.35,,2025-02-21 20:17:33.335359,10000.00,LONG,-0.04,closed
2409,2,1,COIN,267.36,268.00,2025-02-21 20:16:29.182426,2025-02-21 20:16:51.968225,,268.00,,2025-02-21 20:16:51.968225,10000.00,SHORT,-0.64,closed
2410,1,1,COIN,267.50,267.35,2025-02-21 20:16:30.188285,2025-02-21 20:17:33.335359,,267.35,,2025-02-21 20:17:33.335359,10000.00,LONG,-0.15,closed
2411,2,1,COIN,267.56,267.96,2025-02-21 20:17:24.231814,2025-02-21 20:18:38.027013,,267.96,,2025-02-21 20:18:38.027013,10000.00,SHORT,-0.40,closed
2412,4,2,COIN,267.56,267.96,2025-02-21 20:17:24.231814,2025-02-21 20:18:38.027013,,267.96,,2025-02-21 20:18:38.027013,10000.00,SHORT,-0.40,closed
2413,3,2,COIN,267.35,267.21,2025-02-21 20:17:33.335359,2025-02-21 20:20:42.634904,,267.21,,2025-02-21 20:20:42.634904,10000.00,LONG,-0.14,closed
2414,1,1,COIN,267.35,267.21,2025-02-21 20:17:33.335359,2025-02-21 20:20:42.634904,,267.21,,2025-02-21 20:20:42.634904,10000.00,LONG,-0.14,closed
2415,2,1,COIN,267.60,267.26,2025-02-21 20:19:24.389770,2025-02-21 20:24:34.707720,,267.26,,2025-02-21 20:24:34.707720,10000.00,SHORT,0.34,closed
2416,4,2,COIN,267.50,267.26,2025-02-21 20:20:07.345491,2025-02-21 20:24:34.707720,,267.26,,2025-02-21 20:24:34.707720,10000.00,SHORT,0.24,closed
2417,3,2,COIN,267.31,266.78,2025-02-21 20:20:43.141553,2025-02-21 20:21:32.051534,,266.78,,2025-02-21 20:21:32.051534,10000.00,LONG,-0.53,closed
2418,1,1,COIN,267.31,266.85,2025-02-21 20:20:43.141553,2025-02-21 20:21:29.297189,,266.85,,2025-02-21 20:21:29.297189,10000.00,LONG,-0.46,closed
2419,1,1,COIN,267.22,266.70,2025-02-21 20:21:29.796621,2025-02-21 20:22:51.432884,,266.70,,2025-02-21 20:22:51.432884,10000.00,LONG,-0.52,closed
2420,3,2,COIN,267.10,266.70,2025-02-21 20:21:32.550940,2025-02-21 20:22:43.863861,,266.70,,2025-02-21 20:22:43.863861,10000.00,LONG,-0.40,closed
2421,3,2,COIN,266.78,266.33,2025-02-21 20:22:44.364458,2025-02-21 20:24:12.672783,,266.33,,2025-02-21 20:24:12.672783,10000.00,LONG,-0.45,closed
2422,1,1,COIN,266.70,267.70,2025-02-21 20:22:51.432884,2025-02-21 20:25:11.525231,,267.70,,2025-02-21 20:25:11.525231,10000.00,LONG,1.00,closed
2423,3,2,COIN,266.64,267.26,2025-02-21 20:24:13.673896,2025-02-21 20:25:02.955936,,267.26,,2025-02-21 20:25:02.955936,10000.00,LONG,0.62,closed
2424,3,2,COIN,267.70,267.70,2025-02-21 20:25:04.457386,2025-02-21 20:25:11.525231,,267.70,,2025-02-21 20:25:11.525231,10000.00,LONG,0.00,closed
2425,3,2,COIN,267.70,267.28,2025-02-21 20:25:11.525231,2025-02-21 20:25:14.221416,,267.28,,2025-02-21 20:25:14.221416,10000.00,LONG,-0.42,closed
2426,1,1,COIN,268.13,267.27,2025-02-21 20:25:12.969109,2025-02-21 20:25:13.970768,,267.27,,2025-02-21 20:25:13.970768,10000.00,LONG,-0.86,closed
2427,1,1,COIN,267.28,267.29,2025-02-21 20:25:14.221416,2025-02-21 20:25:16.493474,,267.29,,2025-02-21 20:25:16.493474,10000.00,LONG,0.01,closed
2428,3,2,COIN,268.12,267.29,2025-02-21 20:25:15.473151,2025-02-21 20:25:16.493474,,267.29,,2025-02-21 20:25:16.493474,10000.00,LONG,-0.83,closed
2429,3,2,COIN,267.26,267.36,2025-02-21 20:25:17.727245,2025-02-21 20:25:29.392342,,267.36,,2025-02-21 20:25:29.392342,10000.00,LONG,0.10,closed
2430,1,1,COIN,267.30,267.36,2025-02-21 20:25:17.976975,2025-02-21 20:25:29.392342,,267.36,,2025-02-21 20:25:29.392342,10000.00,LONG,0.06,closed
2431,3,2,COIN,267.36,267.02,2025-02-21 20:25:29.392342,2025-02-21 20:26:04.911193,,267.02,,2025-02-21 20:26:04.911193,10000.00,LONG,-0.34,closed
2432,1,1,COIN,267.36,266.89,2025-02-21 20:25:29.392342,2025-02-21 20:26:01.656135,,266.89,,2025-02-21 20:26:01.656135,10000.00,LONG,-0.47,closed
2433,2,1,COIN,267.30,268.00,2025-02-21 20:25:53.676381,2025-02-21 20:26:01.908709,,268.00,,2025-02-21 20:26:01.908709,10000.00,SHORT,-0.70,closed
2434,4,2,COIN,266.89,268.00,2025-02-21 20:26:01.656135,2025-02-21 20:26:01.908709,,268.00,,2025-02-21 20:26:01.908709,10000.00,SHORT,-1.11,closed
2435,1,1,COIN,268.00,267.03,2025-02-21 20:26:01.908709,2025-02-21 20:26:05.412109,,267.03,,2025-02-21 20:26:05.412109,10000.00,LONG,-0.97,closed
2436,4,2,COIN,267.03,267.93,2025-02-21 20:26:05.412109,2025-02-21 20:26:10.422795,,267.93,,2025-02-21 20:26:10.422795,10000.00,SHORT,-0.90,closed
2437,2,1,COIN,267.03,267.93,2025-02-21 20:26:05.412109,2025-02-21 20:26:10.422795,,267.93,,2025-02-21 20:26:10.422795,10000.00,SHORT,-0.90,closed
2438,3,2,COIN,267.03,266.90,2025-02-21 20:26:05.412109,2025-02-21 20:26:13.175079,,266.90,,2025-02-21 20:26:13.175079,10000.00,LONG,-0.13,closed
2439,1,1,COIN,267.04,267.05,2025-02-21 20:26:06.413849,2025-02-21 20:26:10.921612,,267.05,,2025-02-21 20:26:10.921612,10000.00,LONG,0.01,closed
2440,4,2,COIN,267.05,267.80,2025-02-21 20:26:10.921612,2025-02-21 20:26:12.674028,,267.80,,2025-02-21 20:26:12.674028,10000.00,SHORT,-0.75,closed
2441,2,1,COIN,267.05,267.80,2025-02-21 20:26:10.921612,2025-02-21 20:26:12.674028,,267.80,,2025-02-21 20:26:12.674028,10000.00,SHORT,-0.75,closed
2442,1,1,COIN,267.80,266.90,2025-02-21 20:26:12.674028,2025-02-21 20:26:13.175079,,266.90,,2025-02-21 20:26:13.175079,10000.00,LONG,-0.90,closed
2443,5,1,TSLA,355.00,354.82,2025-02-21 20:26:12.924997,2025-02-21 20:27:02.127728,,354.82,,2025-02-21 20:27:02.127728,10000.00,LONG,-1800.00,closed
2444,4,2,COIN,266.90,268.00,2025-02-21 20:26:13.175079,2025-02-21 20:26:14.677514,,268.00,,2025-02-21 20:26:14.677514,10000.00,SHORT,-1.10,closed
2445,2,1,COIN,266.90,268.00,2025-02-21 20:26:13.175079,2025-02-21 20:26:14.677514,,268.00,,2025-02-21 20:26:14.677514,10000.00,SHORT,-1.10,closed
2446,3,2,COIN,266.90,266.90,2025-02-21 20:26:13.175079,2025-02-21 20:26:16.430409,,266.90,,2025-02-21 20:26:16.430409,10000.00,LONG,0.00,closed
2447,1,1,COIN,268.00,267.44,2025-02-21 20:26:14.677514,2025-02-21 20:26:16.930831,,267.44,,2025-02-21 20:26:16.930831,10000.00,LONG,-0.56,closed
2448,3,2,COIN,267.44,267.00,2025-02-21 20:26:16.930831,2025-02-21 20:26:24.942541,,267.00,,2025-02-21 20:26:24.942541,10000.00,LONG,-0.44,closed
2449,1,1,COIN,267.44,267.00,2025-02-21 20:26:16.930831,2025-02-21 20:26:24.942541,,267.00,,2025-02-21 20:26:24.942541,10000.00,LONG,-0.44,closed
2450,2,1,COIN,267.05,268.00,2025-02-21 20:26:21.495147,2025-02-21 20:26:43.119542,,268.00,,2025-02-21 20:26:43.119542,10000.00,SHORT,-0.95,closed
2451,4,2,COIN,267.00,267.68,2025-02-21 20:26:24.942541,2025-02-21 20:26:51.979716,,267.68,,2025-02-21 20:26:51.979716,10000.00,SHORT,-0.68,closed
2452,3,2,COIN,267.00,267.05,2025-02-21 20:26:24.942541,2025-02-21 20:27:11.326896,,267.05,,2025-02-21 20:27:11.326896,10000.00,LONG,0.05,closed
2453,1,1,COIN,267.00,267.05,2025-02-21 20:26:24.942541,2025-02-21 20:26:43.619490,,267.05,,2025-02-21 20:26:43.619490,10000.00,LONG,0.05,closed
2454,7,2,TSLA,355.38,354.83,2025-02-21 20:26:39.612112,2025-02-21 20:27:02.751331,,354.83,,2025-02-21 20:27:02.751331,10000.00,LONG,-0.55,closed
2455,2,1,COIN,267.05,267.68,2025-02-21 20:26:43.619490,2025-02-21 20:26:51.979716,,267.68,,2025-02-21 20:26:51.979716,10000.00,SHORT,-0.63,closed
2456,1,1,COIN,267.50,267.00,2025-02-21 20:26:45.121530,2025-02-21 20:27:01.143147,,267.00,,2025-02-21 20:27:01.143147,10000.00,LONG,-0.50,closed
2457,2,1,COIN,266.89,267.88,2025-02-21 20:26:59.391699,2025-02-21 20:26:59.890770,,267.88,,2025-02-21 20:26:59.890770,10000.00,SHORT,-0.99,closed
2458,4,2,COIN,267.00,268.00,2025-02-21 20:27:01.143147,2025-02-21 20:27:03.251641,,268.00,,2025-02-21 20:27:03.251641,10000.00,SHORT,-1.00,closed
2459,2,1,COIN,267.00,268.00,2025-02-21 20:27:01.143147,2025-02-21 20:27:03.251641,,268.00,,2025-02-21 20:27:03.251641,10000.00,SHORT,-1.00,closed
2460,6,1,TSLA,354.82,355.55,2025-02-21 20:27:02.127728,2025-02-21 20:27:29.041855,,355.55,,2025-02-21 20:27:29.041855,10000.00,SHORT,-0.73,closed
2461,1,1,COIN,267.52,267.05,2025-02-21 20:27:01.634587,2025-02-21 20:27:11.326896,,267.05,,2025-02-21 20:27:11.326896,10000.00,LONG,-0.47,closed
2462,5,1,TSLA,355.00,354.71,2025-02-21 20:27:10.513941,2025-02-21 20:27:51.472143,,354.71,,2025-02-21 20:27:51.472143,10000.00,LONG,-2900.00,closed
2463,4,2,COIN,267.05,267.95,2025-02-21 20:27:11.326896,2025-02-21 20:27:12.266516,,267.95,,2025-02-21 20:27:12.266516,10000.00,SHORT,-0.90,closed
2464,2,1,COIN,267.05,267.95,2025-02-21 20:27:11.326896,2025-02-21 20:27:12.266516,,267.95,,2025-02-21 20:27:12.266516,10000.00,SHORT,-0.90,closed
2465,7,2,TSLA,355.20,354.71,2025-02-21 20:27:11.324896,2025-02-21 20:27:51.472143,,354.71,,2025-02-21 20:27:51.472143,10000.00,LONG,-0.49,closed
2466,1,1,COIN,267.95,266.90,2025-02-21 20:27:12.266516,2025-02-21 20:27:13.268432,,266.90,,2025-02-21 20:27:13.268432,10000.00,LONG,-1.05,closed
2467,3,2,COIN,267.95,266.91,2025-02-21 20:27:12.266516,2025-02-21 20:27:14.019661,,266.91,,2025-02-21 20:27:14.019661,10000.00,LONG,-1.04,closed
2468,4,2,COIN,266.90,267.81,2025-02-21 20:27:13.268432,2025-02-21 20:27:27.042457,,267.81,,2025-02-21 20:27:27.042457,10000.00,SHORT,-0.91,closed
2469,2,1,COIN,266.90,267.81,2025-02-21 20:27:13.268432,2025-02-21 20:27:27.042457,,267.81,,2025-02-21 20:27:27.042457,10000.00,SHORT,-0.91,closed
2470,1,1,COIN,266.91,267.05,2025-02-21 20:27:14.019661,2025-02-21 20:27:29.544509,,267.05,,2025-02-21 20:27:29.544509,10000.00,LONG,0.14,closed
2471,3,2,COIN,266.90,267.05,2025-02-21 20:27:14.770292,2025-02-21 20:27:29.544509,,267.05,,2025-02-21 20:27:29.544509,10000.00,LONG,0.15,closed
2472,1,1,COIN,267.05,267.07,2025-02-21 20:27:29.544509,2025-02-21 20:27:40.394201,,267.07,,2025-02-21 20:27:40.394201,10000.00,LONG,0.02,closed
2473,3,2,COIN,267.05,267.06,2025-02-21 20:27:29.544509,2025-02-21 20:27:35.887385,,267.06,,2025-02-21 20:27:35.887385,10000.00,LONG,0.01,closed
2474,3,2,COIN,267.73,266.90,2025-02-21 20:27:36.388573,2025-02-21 20:27:40.143105,,266.90,,2025-02-21 20:27:40.143105,10000.00,LONG,-0.83,closed
2475,3,2,COIN,267.07,266.89,2025-02-21 20:27:40.394201,2025-02-21 20:27:51.162933,,266.89,,2025-02-21 20:27:51.162933,10000.00,LONG,-0.18,closed
2476,6,1,TSLA,355.03,355.29,2025-02-21 20:27:41.647025,2025-02-21 20:27:58.924865,,355.29,,2025-02-21 20:27:58.924865,10000.00,SHORT,-0.26,closed
2477,1,1,COIN,268.07,267.39,2025-02-21 20:27:41.455858,2025-02-21 20:27:51.664445,,267.39,,2025-02-21 20:27:51.664445,10000.00,LONG,-0.68,closed
2478,4,2,COIN,267.39,268.07,2025-02-21 20:27:51.664445,2025-02-21 20:27:53.666974,,268.07,,2025-02-21 20:27:53.666974,10000.00,SHORT,-0.68,closed
2479,3,2,COIN,266.89,267.50,2025-02-21 20:27:52.416337,2025-02-21 20:28:01.680561,,267.50,,2025-02-21 20:28:01.680561,10000.00,LONG,0.61,closed
2480,1,1,COIN,266.89,267.04,2025-02-21 20:27:52.416337,2025-02-21 20:27:54.166335,,267.04,,2025-02-21 20:27:54.166335,10000.00,LONG,0.15,closed
2481,2,1,COIN,266.89,268.07,2025-02-21 20:27:52.416337,2025-02-21 20:27:53.666974,,268.07,,2025-02-21 20:27:53.666974,10000.00,SHORT,-1.18,closed
2482,1,1,COIN,267.04,267.50,2025-02-21 20:27:54.166335,2025-02-21 20:28:14.522954,,267.50,,2025-02-21 20:28:14.522954,10000.00,LONG,0.46,closed
2483,4,2,COIN,267.01,268.00,2025-02-21 20:27:56.920780,2025-02-21 20:28:04.761040,,268.00,,2025-02-21 20:28:04.761040,10000.00,SHORT,-0.99,closed
2484,2,1,COIN,267.01,267.50,2025-02-21 20:27:56.920780,2025-02-21 20:28:01.680561,,267.50,,2025-02-21 20:28:01.680561,10000.00,SHORT,-0.49,closed
2485,6,1,TSLA,355.08,353.07,2025-02-21 20:27:59.677525,2025-02-21 20:30:55.000565,,353.07,,2025-02-21 20:30:55.000565,10000.00,SHORT,2.01,closed
2486,2,1,COIN,267.50,268.06,2025-02-21 20:28:01.680561,2025-02-21 20:28:04.155485,,268.06,,2025-02-21 20:28:04.155485,10000.00,SHORT,-0.56,closed
2487,3,2,COIN,267.50,267.50,2025-02-21 20:28:01.680561,2025-02-21 20:28:14.522954,,267.50,,2025-02-21 20:28:14.522954,10000.00,LONG,0.00,closed
2488,3,2,COIN,267.50,267.20,2025-02-21 20:28:14.522954,2025-02-21 20:29:31.543653,,267.20,,2025-02-21 20:29:31.543653,10000.00,LONG,-0.30,closed
2489,1,1,COIN,267.78,267.20,2025-02-21 20:28:16.276368,2025-02-21 20:29:34.047682,,267.20,,2025-02-21 20:29:34.047682,10000.00,LONG,-0.58,closed
2490,2,1,COIN,267.77,267.91,2025-02-21 20:28:26.293032,2025-02-21 20:29:38.365488,,267.91,,2025-02-21 20:29:38.365488,10000.00,SHORT,-0.14,closed
2491,4,2,COIN,267.50,267.96,2025-02-21 20:28:33.552844,2025-02-21 20:29:38.115180,,267.96,,2025-02-21 20:29:38.115180,10000.00,SHORT,-0.46,closed
2492,5,1,TSLA,354.00,353.14,2025-02-21 20:29:07.913984,2025-02-21 20:30:03.686227,,353.14,,2025-02-21 20:30:03.686227,10000.00,LONG,-8600.00,closed
2493,3,2,COIN,267.70,267.00,2025-02-21 20:29:32.545835,2025-02-21 20:29:34.657881,,267.00,,2025-02-21 20:29:34.657881,10000.00,LONG,-0.70,closed
2494,7,2,TSLA,353.90,353.12,2025-02-21 20:29:31.796299,2025-02-21 20:30:06.186861,,353.12,,2025-02-21 20:30:06.186861,10000.00,LONG,-0.78,closed
2495,1,1,COIN,267.75,267.15,2025-02-21 20:29:35.201172,2025-02-21 20:29:40.115456,,267.15,,2025-02-21 20:29:40.115456,10000.00,LONG,-0.60,closed
2496,3,2,COIN,267.25,267.15,2025-02-21 20:29:35.609088,2025-02-21 20:29:41.619043,,267.15,,2025-02-21 20:29:41.619043,10000.00,LONG,-0.10,closed
2497,4,2,COIN,267.50,267.74,2025-02-21 20:29:39.115655,2025-02-21 20:29:45.367772,,267.74,,2025-02-21 20:29:45.367772,10000.00,SHORT,-0.24,closed
2498,2,1,COIN,267.60,267.65,2025-02-21 20:29:39.365602,2025-02-21 20:29:41.117161,,267.65,,2025-02-21 20:29:41.117161,10000.00,SHORT,-0.05,closed
2499,1,1,COIN,267.65,267.10,2025-02-21 20:29:41.117161,2025-02-21 20:29:43.121574,,267.10,,2025-02-21 20:29:43.121574,10000.00,LONG,-0.55,closed
2500,3,2,COIN,267.65,266.89,2025-02-21 20:29:42.620595,2025-02-21 20:29:53.383304,,266.89,,2025-02-21 20:29:53.383304,10000.00,LONG,-0.76,closed
2501,1,1,COIN,267.72,266.89,2025-02-21 20:29:44.229792,2025-02-21 20:29:53.383304,,266.89,,2025-02-21 20:29:53.383304,10000.00,LONG,-0.83,closed
2502,2,1,COIN,266.89,267.90,2025-02-21 20:29:53.383304,2025-02-21 20:29:54.884379,,267.90,,2025-02-21 20:29:54.884379,10000.00,SHORT,-1.01,closed
2503,4,2,COIN,266.89,267.90,2025-02-21 20:29:53.383304,2025-02-21 20:29:54.884379,,267.90,,2025-02-21 20:29:54.884379,10000.00,SHORT,-1.01,closed
2504,1,1,COIN,266.89,267.09,2025-02-21 20:29:53.383304,2025-02-21 20:30:01.474531,,267.09,,2025-02-21 20:30:01.474531,10000.00,LONG,0.20,closed
2505,3,2,COIN,267.90,267.01,2025-02-21 20:29:54.884379,2025-02-21 20:29:58.893774,,267.01,,2025-02-21 20:29:58.893774,10000.00,LONG,-0.89,closed
2506,3,2,COIN,267.80,267.21,2025-02-21 20:29:59.395323,2025-02-21 20:30:02.005875,,267.21,,2025-02-21 20:30:02.005875,10000.00,LONG,-0.59,closed
2507,4,2,COIN,267.18,266.62,2025-02-21 20:30:01.148729,2025-02-21 20:30:05.190135,,266.62,,2025-02-21 20:30:05.190135,10000.00,SHORT,0.56,closed
2508,2,1,COIN,266.58,266.62,2025-02-21 20:30:01.657152,2025-02-21 20:30:05.190135,,266.62,,2025-02-21 20:30:05.190135,10000.00,SHORT,-0.04,closed
2509,1,1,COIN,266.85,265.76,2025-02-21 20:30:02.189172,2025-02-21 20:30:04.435450,,265.76,,2025-02-21 20:30:04.435450,10000.00,LONG,-1.09,closed
2510,3,2,COIN,266.89,265.76,2025-02-21 20:30:02.934074,2025-02-21 20:30:03.938445,,265.76,,2025-02-21 20:30:03.938445,10000.00,LONG,-1.13,closed
2511,3,2,COIN,266.37,265.76,2025-02-21 20:30:04.687516,2025-02-21 20:30:05.942438,,265.76,,2025-02-21 20:30:05.942438,10000.00,LONG,-0.61,closed
2512,1,1,COIN,266.62,266.02,2025-02-21 20:30:05.190135,2025-02-21 20:30:06.438195,,266.02,,2025-02-21 20:30:06.438195,10000.00,LONG,-0.60,closed
2513,4,2,COIN,266.02,265.15,2025-02-21 20:30:06.438195,2025-02-21 20:30:17.465480,,265.15,,2025-02-21 20:30:17.465480,10000.00,SHORT,0.87,closed
2514,2,1,COIN,266.02,265.34,2025-02-21 20:30:06.438195,2025-02-21 20:30:17.715065,,265.34,,2025-02-21 20:30:17.715065,10000.00,SHORT,0.68,closed
2515,3,2,COIN,266.59,265.38,2025-02-21 20:30:06.938533,2025-02-21 20:30:07.941377,,265.38,,2025-02-21 20:30:07.941377,10000.00,LONG,-1.21,closed
2516,1,1,COIN,266.15,265.58,2025-02-21 20:30:07.446859,2025-02-21 20:30:08.944323,,265.58,,2025-02-21 20:30:08.944323,10000.00,LONG,-0.57,closed
2517,3,2,COIN,265.58,264.61,2025-02-21 20:30:08.944323,2025-02-21 20:30:13.955755,,264.61,,2025-02-21 20:30:13.955755,10000.00,LONG,-0.97,closed
2518,1,1,COIN,265.77,265.10,2025-02-21 20:30:10.197726,2025-02-21 20:30:12.702033,,265.10,,2025-02-21 20:30:12.702033,10000.00,LONG,-0.67,closed
2519,1,1,COIN,264.70,264.50,2025-02-21 20:30:13.704707,2025-02-21 20:30:16.458994,,264.50,,2025-02-21 20:30:16.458994,10000.00,LONG,-0.20,closed
2520,3,2,COIN,264.95,264.43,2025-02-21 20:30:14.955885,2025-02-21 20:30:22.991689,,264.43,,2025-02-21 20:30:22.991689,10000.00,LONG,-0.52,closed
2521,1,1,COIN,265.34,264.74,2025-02-21 20:30:17.715065,2025-02-21 20:30:19.466862,,264.74,,2025-02-21 20:30:19.466862,10000.00,LONG,-0.60,closed
2522,4,2,COIN,265.32,264.80,2025-02-21 20:30:18.464276,2025-02-21 20:30:26.495806,,264.80,,2025-02-21 20:30:26.495806,10000.00,SHORT,0.52,closed
2523,2,1,COIN,265.00,264.80,2025-02-21 20:30:18.720123,2025-02-21 20:30:27.498860,,264.80,,2025-02-21 20:30:27.498860,10000.00,SHORT,0.20,closed
2524,1,1,COIN,264.95,264.39,2025-02-21 20:30:20.466243,2025-02-21 20:30:24.489129,,264.39,,2025-02-21 20:30:24.489129,10000.00,LONG,-0.56,closed
2525,3,2,COIN,264.16,265.34,2025-02-21 20:30:23.987034,2025-02-21 20:30:41.332436,,265.34,,2025-02-21 20:30:41.332436,10000.00,LONG,1.18,closed
2526,1,1,COIN,264.00,264.44,2025-02-21 20:30:25.492191,2025-02-21 20:30:29.506184,,264.44,,2025-02-21 20:30:29.506184,10000.00,LONG,0.44,closed
2527,4,2,COIN,264.80,264.98,2025-02-21 20:30:27.498860,2025-02-21 20:30:30.507020,,264.98,,2025-02-21 20:30:30.507020,10000.00,SHORT,-0.18,closed
2528,2,1,COIN,265.00,265.55,2025-02-21 20:30:28.753150,2025-02-21 20:30:34.009916,,265.55,,2025-02-21 20:30:34.009916,10000.00,SHORT,-0.55,closed
2529,1,1,COIN,264.98,265.01,2025-02-21 20:30:30.507020,2025-02-21 20:30:33.761750,,265.01,,2025-02-21 20:30:33.761750,10000.00,LONG,0.03,closed
2530,4,2,COIN,264.77,265.91,2025-02-21 20:30:31.759868,2025-02-21 20:30:36.771124,,265.91,,2025-02-21 20:30:36.771124,10000.00,SHORT,-1.14,closed
2531,1,1,COIN,265.06,265.20,2025-02-21 20:30:35.015377,2025-02-21 20:30:37.766778,,265.20,,2025-02-21 20:30:37.766778,10000.00,LONG,0.14,closed
2532,1,1,COIN,265.91,265.70,2025-02-21 20:30:39.020388,2025-02-21 20:30:52.994715,,265.70,,2025-02-21 20:30:52.994715,10000.00,LONG,-0.21,closed
2533,3,2,COIN,265.56,265.80,2025-02-21 20:30:42.274999,2025-02-21 20:30:52.237293,,265.80,,2025-02-21 20:30:52.237293,10000.00,LONG,0.24,closed
2534,4,2,COIN,265.70,266.46,2025-02-21 20:30:52.994715,2025-02-21 20:30:55.503123,,266.46,,2025-02-21 20:30:55.503123,10000.00,SHORT,-0.76,closed
2535,3,2,COIN,265.78,266.39,2025-02-21 20:30:53.493971,2025-02-21 20:31:14.540191,,266.39,,2025-02-21 20:31:14.540191,10000.00,LONG,0.61,closed
2536,1,1,COIN,265.77,266.40,2025-02-21 20:30:54.248266,2025-02-21 20:31:07.021004,,266.40,,2025-02-21 20:31:07.021004,10000.00,LONG,0.63,closed
2537,2,1,COIN,265.77,266.40,2025-02-21 20:30:54.248266,2025-02-21 20:30:55.249986,,266.40,,2025-02-21 20:30:55.249986,10000.00,SHORT,-0.63,closed
2538,5,1,TSLA,353.29,352.50,2025-02-21 20:31:02.262472,2025-02-21 20:31:05.268859,,352.50,,2025-02-21 20:31:05.268859,10000.00,LONG,-7900.00,closed
2539,6,1,TSLA,352.50,352.90,2025-02-21 20:31:05.268859,2025-02-21 20:31:12.286450,,352.90,,2025-02-21 20:31:12.286450,10000.00,SHORT,-0.40,closed
2540,1,1,COIN,266.55,266.45,2025-02-21 20:31:08.274434,2025-02-21 20:31:16.292165,,266.45,,2025-02-21 20:31:16.292165,10000.00,LONG,-0.10,closed
2541,6,1,TSLA,352.65,352.90,2025-02-21 20:31:12.785805,2025-02-21 20:32:05.715840,,352.90,,2025-02-21 20:32:05.715840,10000.00,SHORT,-0.25,closed
2542,3,2,COIN,266.39,266.12,2025-02-21 20:31:15.541358,2025-02-21 20:31:25.671488,,266.12,,2025-02-21 20:31:25.671488,10000.00,LONG,-0.27,closed
2543,1,1,COIN,266.99,266.20,2025-02-21 20:31:17.296218,2025-02-21 20:31:18.295491,,266.20,,2025-02-21 20:31:18.295491,10000.00,LONG,-0.79,closed
2544,1,1,COIN,266.46,266.39,2025-02-21 20:31:19.301158,2025-02-21 20:31:30.674885,,266.39,,2025-02-21 20:31:30.674885,10000.00,LONG,-0.07,closed
2545,3,2,COIN,266.97,266.20,2025-02-21 20:31:26.914366,2025-02-21 20:31:29.923990,,266.20,,2025-02-21 20:31:29.923990,10000.00,LONG,-0.77,closed
2546,3,2,COIN,266.39,265.56,2025-02-21 20:31:30.674885,2025-02-21 20:31:38.449000,,265.56,,2025-02-21 20:31:38.449000,10000.00,LONG,-0.83,closed
2547,1,1,COIN,266.38,265.70,2025-02-21 20:31:31.175534,2025-02-21 20:31:33.437854,,265.70,,2025-02-21 20:31:33.437854,10000.00,LONG,-0.68,closed
2548,1,1,COIN,266.00,265.39,2025-02-21 20:31:34.432207,2025-02-21 20:31:39.447420,,265.39,,2025-02-21 20:31:39.447420,10000.00,LONG,-0.61,closed
2549,5,1,TSLA,352.93,352.21,2025-02-21 20:31:34.935109,2025-02-21 20:31:56.078883,,352.21,,2025-02-21 20:31:56.078883,10000.00,LONG,-7200.00,closed
2550,7,2,TSLA,352.92,352.00,2025-02-21 20:31:35.940146,2025-02-21 20:31:56.580165,,352.00,,2025-02-21 20:31:56.580165,10000.00,LONG,-0.92,closed
2551,4,2,COIN,265.39,265.00,2025-02-21 20:31:39.447420,2025-02-21 20:31:55.829891,,265.00,,2025-02-21 20:31:55.829891,10000.00,SHORT,0.39,closed
2552,2,1,COIN,265.39,265.00,2025-02-21 20:31:39.447420,2025-02-21 20:31:55.829891,,265.00,,2025-02-21 20:31:55.829891,10000.00,SHORT,0.39,closed
2553,3,2,COIN,265.39,265.09,2025-02-21 20:31:39.447420,2025-02-21 20:31:49.814283,,265.09,,2025-02-21 20:31:49.814283,10000.00,LONG,-0.30,closed
2554,1,1,COIN,265.94,265.40,2025-02-21 20:31:40.698704,2025-02-21 20:31:45.706444,,265.40,,2025-02-21 20:31:45.706444,10000.00,LONG,-0.54,closed
2555,1,1,COIN,265.40,264.65,2025-02-21 20:31:46.707557,2025-02-21 20:31:52.572287,,264.65,,2025-02-21 20:31:52.572287,10000.00,LONG,-0.75,closed
2556,3,2,COIN,265.30,264.74,2025-02-21 20:31:51.089163,2025-02-21 20:31:53.076842,,264.74,,2025-02-21 20:31:53.076842,10000.00,LONG,-0.56,closed
2557,1,1,COIN,264.55,264.83,2025-02-21 20:31:53.575286,2025-02-21 20:32:08.720959,,264.83,,2025-02-21 20:32:08.720959,10000.00,LONG,0.28,closed
2558,3,2,COIN,264.66,264.86,2025-02-21 20:31:54.075141,2025-02-21 20:32:11.535204,,264.86,,2025-02-21 20:32:11.535204,10000.00,LONG,0.20,closed
2559,4,2,COIN,264.95,265.52,2025-02-21 20:31:56.327015,2025-02-21 20:31:58.833191,,265.52,,2025-02-21 20:31:58.833191,10000.00,SHORT,-0.57,closed
2560,2,1,COIN,264.76,265.49,2025-02-21 20:31:56.829787,2025-02-21 20:31:59.085424,,265.49,,2025-02-21 20:31:59.085424,10000.00,SHORT,-0.73,closed
2561,5,1,TSLA,352.69,352.34,2025-02-21 20:32:04.207521,2025-02-21 20:32:18.242598,,352.34,,2025-02-21 20:32:18.242598,10000.00,LONG,-3500.00,closed
2562,4,2,COIN,265.21,264.90,2025-02-21 20:32:04.709930,2025-02-21 20:32:29.816775,,264.90,,2025-02-21 20:32:29.816775,10000.00,SHORT,0.31,closed
2563,7,2,TSLA,353.17,352.27,2025-02-21 20:32:07.720078,2025-02-21 20:32:13.734111,,352.27,,2025-02-21 20:32:13.734111,10000.00,LONG,-0.90,closed
2564,1,1,COIN,265.34,264.51,2025-02-21 20:32:09.470488,2025-02-21 20:32:16.985812,,264.51,,2025-02-21 20:32:16.985812,10000.00,LONG,-0.83,closed
2565,2,1,COIN,264.85,264.85,2025-02-21 20:32:11.227416,2025-02-21 20:32:33.576752,,264.85,,2025-02-21 20:32:33.576752,10000.00,SHORT,0.00,closed
2566,3,2,COIN,264.86,264.51,2025-02-21 20:32:11.535204,2025-02-21 20:32:16.985812,,264.51,,2025-02-21 20:32:16.985812,10000.00,LONG,-0.35,closed
2567,1,1,COIN,264.94,264.26,2025-02-21 20:32:17.987456,2025-02-21 20:32:30.319976,,264.26,,2025-02-21 20:32:30.319976,10000.00,LONG,-0.68,closed
2568,3,2,COIN,264.82,264.26,2025-02-21 20:32:18.486924,2025-02-21 20:32:30.319976,,264.26,,2025-02-21 20:32:30.319976,10000.00,LONG,-0.56,closed
2569,6,1,TSLA,352.32,353.13,2025-02-21 20:32:23.997746,2025-02-21 20:32:32.318402,,353.13,,2025-02-21 20:32:32.318402,10000.00,SHORT,-0.81,closed
2570,5,1,TSLA,352.54,353.37,2025-02-21 20:32:28.564711,2025-02-21 20:32:40.590035,,353.37,,2025-02-21 20:32:40.590035,10000.00,LONG,8300.00,closed
2571,7,2,TSLA,352.52,353.39,2025-02-21 20:32:28.814157,2025-02-21 20:32:40.836363,,353.39,,2025-02-21 20:32:40.836363,10000.00,LONG,0.87,closed
2572,4,2,COIN,264.57,264.98,2025-02-21 20:32:31.068373,2025-02-21 20:32:36.078879,,264.98,,2025-02-21 20:32:36.078879,10000.00,SHORT,-0.41,closed
2573,1,1,COIN,264.57,264.12,2025-02-21 20:32:31.068373,2025-02-21 20:32:41.085588,,264.12,,2025-02-21 20:32:41.085588,10000.00,LONG,-0.45,closed
2574,3,2,COIN,264.09,264.28,2025-02-21 20:32:31.572587,2025-02-21 20:32:34.578799,,264.28,,2025-02-21 20:32:34.578799,10000.00,LONG,0.19,closed
2575,2,1,COIN,264.28,264.83,2025-02-21 20:32:34.578799,2025-02-21 20:32:35.580533,,264.83,,2025-02-21 20:32:35.580533,10000.00,SHORT,-0.55,closed
2576,3,2,COIN,264.83,264.04,2025-02-21 20:32:35.580533,2025-02-21 20:32:41.586858,,264.04,,2025-02-21 20:32:41.586858,10000.00,LONG,-0.79,closed
2577,4,2,COIN,264.60,263.81,2025-02-21 20:32:38.333529,2025-02-21 20:32:58.374198,,263.81,,2025-02-21 20:32:58.374198,10000.00,SHORT,0.79,closed
2578,2,1,COIN,264.60,264.20,2025-02-21 20:32:38.333529,2025-02-21 20:32:59.877231,,264.20,,2025-02-21 20:32:59.877231,10000.00,SHORT,0.40,closed
2579,5,1,TSLA,353.65,352.81,2025-02-21 20:32:41.587857,2025-02-21 20:32:46.849639,,352.81,,2025-02-21 20:32:46.849639,10000.00,LONG,-8400.00,closed
2580,7,2,TSLA,353.57,352.64,2025-02-21 20:32:42.092948,2025-02-21 20:32:47.103304,,352.64,,2025-02-21 20:32:47.103304,10000.00,LONG,-0.93,closed
2581,1,1,COIN,263.88,263.26,2025-02-21 20:32:42.340875,2025-02-21 20:32:48.609296,,263.26,,2025-02-21 20:32:48.609296,10000.00,LONG,-0.62,closed
2582,3,2,COIN,264.20,263.50,2025-02-21 20:32:42.589241,2025-02-21 20:32:43.841349,,263.50,,2025-02-21 20:32:43.841349,10000.00,LONG,-0.70,closed
2583,3,2,COIN,264.00,263.26,2025-02-21 20:32:44.850225,2025-02-21 20:32:48.609296,,263.26,,2025-02-21 20:32:48.609296,10000.00,LONG,-0.74,closed
2584,1,1,COIN,263.74,264.17,2025-02-21 20:32:49.101887,2025-02-21 20:33:02.716188,,264.17,,2025-02-21 20:33:02.716188,10000.00,LONG,0.43,closed
2585,3,2,COIN,263.26,264.37,2025-02-21 20:32:49.854107,2025-02-21 20:33:13.860857,,264.37,,2025-02-21 20:33:13.860857,10000.00,LONG,1.11,closed
2586,5,1,TSLA,353.57,353.61,2025-02-21 20:32:55.866900,2025-02-21 20:33:08.846434,,353.61,,2025-02-21 20:33:08.846434,10000.00,LONG,400.00,closed
2587,7,2,TSLA,353.68,353.59,2025-02-21 20:32:56.121592,2025-02-21 20:33:09.350169,,353.59,,2025-02-21 20:33:09.350169,10000.00,LONG,-0.09,closed
2588,4,2,COIN,263.57,264.75,2025-02-21 20:32:59.126500,2025-02-21 20:33:00.374600,,264.75,,2025-02-21 20:33:00.374600,10000.00,SHORT,-1.18,closed
2589,1,1,COIN,264.58,264.36,2025-02-21 20:33:03.583977,2025-02-21 20:33:11.857295,,264.36,,2025-02-21 20:33:11.857295,10000.00,LONG,-0.22,closed
2590,5,1,TSLA,353.40,353.54,2025-02-21 20:33:10.101592,2025-02-21 20:33:31.145227,,353.54,,2025-02-21 20:33:31.145227,10000.00,LONG,1400.00,closed
2591,1,1,COIN,264.62,264.62,2025-02-21 20:33:12.104998,2025-02-21 20:33:20.877875,,264.62,,2025-02-21 20:33:20.877875,10000.00,LONG,0.00,closed
2592,3,2,COIN,264.36,264.65,2025-02-21 20:33:14.863371,2025-02-21 20:33:21.123417,,264.65,,2025-02-21 20:33:21.123417,10000.00,LONG,0.29,closed
2593,7,2,TSLA,354.31,353.55,2025-02-21 20:33:19.622643,2025-02-21 20:33:31.453849,,353.55,,2025-02-21 20:33:31.453849,10000.00,LONG,-0.76,closed
2594,1,1,COIN,264.62,265.09,2025-02-21 20:33:21.624903,2025-02-21 20:33:42.777308,,265.09,,2025-02-21 20:33:42.777308,10000.00,LONG,0.47,closed
2595,3,2,COIN,264.86,265.16,2025-02-21 20:33:22.127787,2025-02-21 20:33:42.523763,,265.16,,2025-02-21 20:33:42.523763,10000.00,LONG,0.30,closed
2596,2,1,COIN,264.75,265.38,2025-02-21 20:33:25.134193,2025-02-21 20:33:34.155174,,265.38,,2025-02-21 20:33:34.155174,10000.00,SHORT,-0.63,closed
2597,6,1,TSLA,353.57,354.39,2025-02-21 20:33:35.160382,2025-02-21 20:33:46.036401,,354.39,,2025-02-21 20:33:46.036401,10000.00,SHORT,-0.82,closed
2598,3,2,COIN,265.20,265.11,2025-02-21 20:33:43.524569,2025-02-21 20:33:45.528497,,265.11,,2025-02-21 20:33:45.528497,10000.00,LONG,-0.09,closed
2599,7,2,TSLA,353.90,354.14,2025-02-21 20:33:43.777256,2025-02-21 20:34:05.825317,,354.14,,2025-02-21 20:34:05.825317,10000.00,LONG,0.24,closed
2600,1,1,COIN,265.20,265.10,2025-02-21 20:33:43.524569,2025-02-21 20:33:52.046401,,265.10,,2025-02-21 20:33:52.046401,10000.00,LONG,-0.10,closed
2601,5,1,TSLA,354.07,354.24,2025-02-21 20:33:44.281852,2025-02-21 20:34:04.567659,,354.24,,2025-02-21 20:34:04.567659,10000.00,LONG,1700.00,closed
2602,3,2,COIN,265.71,265.10,2025-02-21 20:33:46.530733,2025-02-21 20:33:52.046401,,265.10,,2025-02-21 20:33:52.046401,10000.00,LONG,-0.61,closed
2603,1,1,COIN,265.32,264.98,2025-02-21 20:33:53.293738,2025-02-21 20:34:06.320614,,264.98,,2025-02-21 20:34:06.320614,10000.00,LONG,-0.34,closed
2604,3,2,COIN,265.66,264.92,2025-02-21 20:33:53.548174,2025-02-21 20:34:07.322267,,264.92,,2025-02-21 20:34:07.322267,10000.00,LONG,-0.74,closed
2605,1,1,COIN,264.92,264.52,2025-02-21 20:34:07.322267,2025-02-21 20:34:13.475188,,264.52,,2025-02-21 20:34:13.475188,10000.00,LONG,-0.40,closed
2606,6,1,TSLA,353.68,353.82,2025-02-21 20:34:07.572276,2025-02-21 20:34:31.761609,,353.82,,2025-02-21 20:34:31.761609,10000.00,SHORT,-0.14,closed
2607,3,2,COIN,265.13,264.38,2025-02-21 20:34:08.073822,2025-02-21 20:34:12.721787,,264.38,,2025-02-21 20:34:12.721787,10000.00,LONG,-0.75,closed
2608,2,1,COIN,264.65,264.62,2025-02-21 20:34:10.894505,2025-02-21 20:34:30.009935,,264.62,,2025-02-21 20:34:30.009935,10000.00,SHORT,0.03,closed
2609,3,2,COIN,264.52,263.85,2025-02-21 20:34:13.475188,2025-02-21 20:34:18.736605,,263.85,,2025-02-21 20:34:18.736605,10000.00,LONG,-0.67,closed
2610,1,1,COIN,264.08,263.81,2025-02-21 20:34:14.480886,2025-02-21 20:34:18.487115,,263.81,,2025-02-21 20:34:18.487115,10000.00,LONG,-0.27,closed
2611,4,2,COIN,264.30,264.59,2025-02-21 20:34:15.227654,2025-02-21 20:34:29.506622,,264.59,,2025-02-21 20:34:29.506622,10000.00,SHORT,-0.29,closed
2612,1,1,COIN,263.91,264.40,2025-02-21 20:34:19.488014,2025-02-21 20:34:37.930149,,264.40,,2025-02-21 20:34:37.930149,10000.00,LONG,0.49,closed
2613,3,2,COIN,264.32,264.20,2025-02-21 20:34:19.991741,2025-02-21 20:34:47.085711,,264.20,,2025-02-21 20:34:47.085711,10000.00,LONG,-0.12,closed
2614,5,1,TSLA,353.79,353.63,2025-02-21 20:34:31.013192,2025-02-21 20:35:32.789400,,353.63,,2025-02-21 20:35:32.789400,10000.00,LONG,-1600.00,closed
2615,7,2,TSLA,353.73,353.68,2025-02-21 20:34:33.517668,2025-02-21 20:35:32.036920,,353.68,,2025-02-21 20:35:32.036920,10000.00,LONG,-0.05,closed
2616,4,2,COIN,264.42,264.95,2025-02-21 20:34:34.769259,2025-02-21 20:34:35.521306,,264.95,,2025-02-21 20:34:35.521306,10000.00,SHORT,-0.53,closed
2617,1,1,COIN,264.51,264.17,2025-02-21 20:34:38.817143,2025-02-21 20:34:46.832671,,264.17,,2025-02-21 20:34:46.832671,10000.00,LONG,-0.34,closed
2618,4,2,COIN,264.42,264.75,2025-02-21 20:34:40.572120,2025-02-21 20:34:51.596986,,264.75,,2025-02-21 20:34:51.596986,10000.00,SHORT,-0.33,closed
2619,1,1,COIN,264.30,264.09,2025-02-21 20:34:47.834123,2025-02-21 20:35:23.918469,,264.09,,2025-02-21 20:35:23.918469,10000.00,LONG,-0.21,closed
2620,2,1,COIN,264.30,264.95,2025-02-21 20:34:47.834123,2025-02-21 20:35:26.679379,,264.95,,2025-02-21 20:35:26.679379,10000.00,SHORT,-0.65,closed
2621,3,2,COIN,264.30,264.38,2025-02-21 20:34:47.834123,2025-02-21 20:35:29.530076,,264.38,,2025-02-21 20:35:29.530076,10000.00,LONG,0.08,closed
2622,6,1,TSLA,353.88,354.30,2025-02-21 20:34:49.840638,2025-02-21 20:35:49.798953,,354.30,,2025-02-21 20:35:49.798953,10000.00,SHORT,-0.42,closed
2623,4,2,COIN,264.39,264.90,2025-02-21 20:34:53.845358,2025-02-21 20:35:10.943924,,264.90,,2025-02-21 20:35:10.943924,10000.00,SHORT,-0.51,closed
2624,1,1,COIN,264.32,264.31,2025-02-21 20:35:24.916432,2025-02-21 20:35:36.296246,,264.31,,2025-02-21 20:35:36.296246,10000.00,LONG,-0.01,closed
2625,2,1,COIN,264.38,264.91,2025-02-21 20:35:29.530076,2025-02-21 20:35:37.295884,,264.91,,2025-02-21 20:35:37.295884,10000.00,SHORT,-0.53,closed
2626,3,2,COIN,264.79,264.31,2025-02-21 20:35:30.535759,2025-02-21 20:35:36.296246,,264.31,,2025-02-21 20:35:36.296246,10000.00,LONG,-0.48,closed
2627,4,2,COIN,264.31,264.91,2025-02-21 20:35:36.296246,2025-02-21 20:35:37.295884,,264.91,,2025-02-21 20:35:37.295884,10000.00,SHORT,-0.60,closed
2628,1,1,COIN,264.91,264.37,2025-02-21 20:35:37.295884,2025-02-21 20:35:38.300155,,264.37,,2025-02-21 20:35:38.300155,10000.00,LONG,-0.54,closed
2629,3,2,COIN,264.91,264.37,2025-02-21 20:35:37.295884,2025-02-21 20:35:38.300155,,264.37,,2025-02-21 20:35:38.300155,10000.00,LONG,-0.54,closed
2630,4,2,COIN,264.37,265.23,2025-02-21 20:35:38.300155,2025-02-21 20:35:41.337778,,265.23,,2025-02-21 20:35:41.337778,10000.00,SHORT,-0.86,closed
2631,2,1,COIN,264.37,265.38,2025-02-21 20:35:38.300155,2025-02-21 20:35:41.534881,,265.38,,2025-02-21 20:35:41.534881,10000.00,SHORT,-1.01,closed
2632,1,1,COIN,264.37,264.68,2025-02-21 20:35:38.300155,2025-02-21 20:35:42.280724,,264.68,,2025-02-21 20:35:42.280724,10000.00,LONG,0.31,closed
2633,3,2,COIN,264.37,264.68,2025-02-21 20:35:38.300155,2025-02-21 20:35:42.280724,,264.68,,2025-02-21 20:35:42.280724,10000.00,LONG,0.31,closed
2634,1,1,COIN,264.90,265.00,2025-02-21 20:35:43.533253,2025-02-21 20:36:31.000201,,265.00,,2025-02-21 20:36:31.000201,10000.00,LONG,0.10,closed
2635,3,2,COIN,264.90,265.00,2025-02-21 20:35:43.533253,2025-02-21 20:36:31.000201,,265.00,,2025-02-21 20:36:31.000201,10000.00,LONG,0.10,closed
2636,5,1,TSLA,354.02,353.59,2025-02-21 20:35:48.049009,2025-02-21 20:35:56.064233,,353.59,,2025-02-21 20:35:56.064233,10000.00,LONG,-4300.00,closed
2637,6,1,TSLA,353.72,351.16,2025-02-21 20:35:54.810362,2025-02-21 20:38:55.811898,,351.16,,2025-02-21 20:38:55.811898,10000.00,SHORT,2.56,closed
2638,5,1,TSLA,354.06,353.24,2025-02-21 20:36:07.084828,2025-02-21 20:36:31.559195,,353.24,,2025-02-21 20:36:31.559195,10000.00,LONG,-8200.00,closed
2639,7,2,TSLA,353.93,353.21,2025-02-21 20:36:07.584714,2025-02-21 20:36:31.751864,,353.21,,2025-02-21 20:36:31.751864,10000.00,LONG,-0.72,closed
2640,1,1,COIN,265.00,264.39,2025-02-21 20:36:32.007496,2025-02-21 20:36:36.008470,,264.39,,2025-02-21 20:36:36.008470,10000.00,LONG,-0.61,closed
2641,3,2,COIN,264.68,264.20,2025-02-21 20:36:32.506155,2025-02-21 20:36:37.512468,,264.20,,2025-02-21 20:36:37.512468,10000.00,LONG,-0.48,closed
2642,2,1,COIN,264.68,263.26,2025-02-21 20:36:32.506155,2025-02-21 20:37:37.897262,,263.26,,2025-02-21 20:37:37.897262,10000.00,SHORT,1.42,closed
2643,4,2,COIN,264.50,263.85,2025-02-21 20:36:37.013380,2025-02-21 20:37:06.163270,,263.85,,2025-02-21 20:37:06.163270,10000.00,SHORT,0.65,closed
2644,1,1,COIN,264.43,263.90,2025-02-21 20:36:37.266216,2025-02-21 20:36:43.276315,,263.90,,2025-02-21 20:36:43.276315,10000.00,LONG,-0.53,closed
2645,3,2,COIN,264.35,263.63,2025-02-21 20:36:38.513311,2025-02-21 20:36:44.283107,,263.63,,2025-02-21 20:36:44.283107,10000.00,LONG,-0.72,closed
2646,1,1,COIN,263.63,263.50,2025-02-21 20:36:44.283107,2025-02-21 20:36:53.245241,,263.50,,2025-02-21 20:36:53.245241,10000.00,LONG,-0.13,closed
2647,3,2,COIN,263.73,263.43,2025-02-21 20:36:45.528261,2025-02-21 20:36:55.748520,,263.43,,2025-02-21 20:36:55.748520,10000.00,LONG,-0.30,closed
2648,1,1,COIN,263.50,263.12,2025-02-21 20:36:53.989828,2025-02-21 20:37:16.433606,,263.12,,2025-02-21 20:37:16.433606,10000.00,LONG,-0.38,closed
2649,3,2,COIN,263.69,263.12,2025-02-21 20:36:56.247951,2025-02-21 20:37:15.936363,,263.12,,2025-02-21 20:37:15.936363,10000.00,LONG,-0.57,closed
2650,4,2,COIN,263.53,263.17,2025-02-21 20:37:07.415477,2025-02-21 20:37:34.718905,,263.17,,2025-02-21 20:37:34.718905,10000.00,SHORT,0.36,closed
2651,3,2,COIN,263.32,262.73,2025-02-21 20:37:16.926110,2025-02-21 20:37:31.825670,,262.73,,2025-02-21 20:37:31.825670,10000.00,LONG,-0.59,closed
2652,1,1,COIN,263.29,262.74,2025-02-21 20:37:17.657842,2025-02-21 20:37:30.824019,,262.74,,2025-02-21 20:37:30.824019,10000.00,LONG,-0.55,closed
2653,1,1,COIN,262.73,262.94,2025-02-21 20:37:31.825670,2025-02-21 20:37:54.975088,,262.94,,2025-02-21 20:37:54.975088,10000.00,LONG,0.21,closed
2654,3,2,COIN,262.85,262.92,2025-02-21 20:37:33.077841,2025-02-21 20:37:55.224716,,262.92,,2025-02-21 20:37:55.224716,10000.00,LONG,0.07,closed
2655,4,2,COIN,262.76,263.33,2025-02-21 20:37:37.644076,2025-02-21 20:37:44.874736,,263.33,,2025-02-21 20:37:44.874736,10000.00,SHORT,-0.57,closed
2656,2,1,COIN,262.79,263.40,2025-02-21 20:37:38.612839,2025-02-21 20:37:45.377772,,263.40,,2025-02-21 20:37:45.377772,10000.00,SHORT,-0.61,closed
2657,4,2,COIN,262.94,263.61,2025-02-21 20:37:54.975088,2025-02-21 20:37:56.983014,,263.61,,2025-02-21 20:37:56.983014,10000.00,SHORT,-0.67,closed
2658,1,1,COIN,263.44,263.03,2025-02-21 20:37:56.226706,2025-02-21 20:38:01.990307,,263.03,,2025-02-21 20:38:01.990307,10000.00,LONG,-0.41,closed
2659,3,2,COIN,263.44,263.03,2025-02-21 20:37:56.226706,2025-02-21 20:38:01.990307,,263.03,,2025-02-21 20:38:01.990307,10000.00,LONG,-0.41,closed
2660,4,2,COIN,263.24,263.68,2025-02-21 20:37:59.730587,2025-02-21 20:38:02.993279,,263.68,,2025-02-21 20:38:02.993279,10000.00,SHORT,-0.44,closed
2661,2,1,COIN,263.24,263.89,2025-02-21 20:37:59.730587,2025-02-21 20:38:08.748760,,263.89,,2025-02-21 20:38:08.748760,10000.00,SHORT,-0.65,closed
2662,1,1,COIN,263.37,264.37,2025-02-21 20:38:03.236012,2025-02-21 20:38:32.527987,,264.37,,2025-02-21 20:38:32.527987,10000.00,LONG,1.00,closed
2663,3,2,COIN,263.61,264.31,2025-02-21 20:38:03.490631,2025-02-21 20:38:33.777729,,264.31,,2025-02-21 20:38:33.777729,10000.00,LONG,0.70,closed
2664,1,1,COIN,264.28,264.06,2025-02-21 20:38:33.531967,2025-02-21 20:38:49.582822,,264.06,,2025-02-21 20:38:49.582822,10000.00,LONG,-0.22,closed
2665,3,2,COIN,264.34,264.22,2025-02-21 20:38:34.777337,2025-02-21 20:38:42.817793,,264.22,,2025-02-21 20:38:42.817793,10000.00,LONG,-0.12,closed
2666,3,2,COIN,264.43,264.34,2025-02-21 20:38:43.568553,2025-02-21 20:39:28.103167,,264.34,,2025-02-21 20:39:28.103167,10000.00,LONG,-0.09,closed
2667,1,1,COIN,264.01,264.34,2025-02-21 20:38:50.328192,2025-02-21 20:39:28.103167,,264.34,,2025-02-21 20:39:28.103167,10000.00,LONG,0.33,closed
2668,5,1,TSLA,351.23,351.02,2025-02-21 20:38:55.562096,2025-02-21 20:39:30.489797,,351.02,,2025-02-21 20:39:30.489797,10000.00,LONG,-2100.00,closed
2669,7,2,TSLA,351.67,351.01,2025-02-21 20:39:08.840666,2025-02-21 20:39:28.986720,,351.01,,2025-02-21 20:39:28.986720,10000.00,LONG,-0.66,closed
2670,2,1,COIN,264.36,264.95,2025-02-21 20:39:24.124287,2025-02-21 20:39:34.503292,,264.95,,2025-02-21 20:39:34.503292,10000.00,SHORT,-0.59,closed
2671,4,2,COIN,264.19,264.96,2025-02-21 20:39:28.735800,2025-02-21 20:39:35.005013,,264.96,,2025-02-21 20:39:35.005013,10000.00,SHORT,-0.77,closed
2672,1,1,COIN,264.19,264.43,2025-02-21 20:39:28.735800,2025-02-21 20:39:57.397459,,264.43,,2025-02-21 20:39:57.397459,10000.00,LONG,0.24,closed
2673,3,2,COIN,264.19,264.40,2025-02-21 20:39:28.735800,2025-02-21 20:39:52.537688,,264.40,,2025-02-21 20:39:52.537688,10000.00,LONG,0.21,closed
2674,6,1,TSLA,350.77,351.10,2025-02-21 20:39:43.519597,2025-02-21 20:40:37.010649,,351.10,,2025-02-21 20:40:37.010649,10000.00,SHORT,-0.33,closed
2675,3,2,COIN,265.00,264.43,2025-02-21 20:39:53.036585,2025-02-21 20:39:57.397459,,264.43,,2025-02-21 20:39:57.397459,10000.00,LONG,-0.57,closed
2676,2,1,COIN,264.09,264.71,2025-02-21 20:39:55.897077,2025-02-21 20:39:59.658534,,264.71,,2025-02-21 20:39:59.658534,10000.00,SHORT,-0.62,closed
2677,1,1,COIN,264.77,264.67,2025-02-21 20:39:58.400021,2025-02-21 20:41:01.744243,,264.67,,2025-02-21 20:41:01.744243,10000.00,LONG,-0.10,closed
2678,3,2,COIN,264.77,264.67,2025-02-21 20:39:58.400021,2025-02-21 20:41:01.744243,,264.67,,2025-02-21 20:41:01.744243,10000.00,LONG,-0.10,closed
2679,5,1,TSLA,350.94,352.03,2025-02-21 20:40:32.499187,2025-02-21 20:41:57.528461,,352.03,,2025-02-21 20:41:57.528461,10000.00,LONG,10900.00,closed
2680,7,2,TSLA,351.09,351.94,2025-02-21 20:40:49.037899,2025-02-21 20:42:02.789947,,351.94,,2025-02-21 20:42:02.789947,10000.00,LONG,0.85,closed
2681,2,1,COIN,264.73,265.08,2025-02-21 20:41:02.497298,2025-02-21 20:41:16.775539,,265.08,,2025-02-21 20:41:16.775539,10000.00,SHORT,-0.35,closed
2682,1,1,COIN,265.03,264.31,2025-02-21 20:41:03.000734,2025-02-21 20:41:09.259237,,264.31,,2025-02-21 20:41:09.259237,10000.00,LONG,-0.72,closed
2683,3,2,COIN,265.03,264.31,2025-02-21 20:41:03.000734,2025-02-21 20:41:09.259237,,264.31,,2025-02-21 20:41:09.259237,10000.00,LONG,-0.72,closed
2684,4,2,COIN,264.96,264.87,2025-02-21 20:41:05.753480,2025-02-21 20:41:20.280456,,264.87,,2025-02-21 20:41:20.280456,10000.00,SHORT,0.09,closed
2685,1,1,COIN,264.49,265.00,2025-02-21 20:41:10.012586,2025-02-21 20:42:05.513179,,265.00,,2025-02-21 20:42:05.513179,10000.00,LONG,0.51,closed
2686,3,2,COIN,264.49,265.00,2025-02-21 20:41:10.012586,2025-02-21 20:42:05.513179,,265.00,,2025-02-21 20:42:05.513179,10000.00,LONG,0.51,closed
2687,2,1,COIN,264.73,265.19,2025-02-21 20:41:17.776399,2025-02-21 20:41:47.007833,,265.19,,2025-02-21 20:41:47.007833,10000.00,SHORT,-0.46,closed
2688,4,2,COIN,264.63,265.19,2025-02-21 20:41:21.340520,2025-02-21 20:41:45.257201,,265.19,,2025-02-21 20:41:45.257201,10000.00,SHORT,-0.56,closed
2689,3,2,COIN,265.21,264.66,2025-02-21 20:42:06.509419,2025-02-21 20:42:23.042543,,264.66,,2025-02-21 20:42:23.042543,10000.00,LONG,-0.55,closed
2690,1,1,COIN,265.21,264.66,2025-02-21 20:42:06.509419,2025-02-21 20:42:23.042543,,264.66,,2025-02-21 20:42:23.042543,10000.00,LONG,-0.55,closed
2691,6,1,TSLA,351.70,351.79,2025-02-21 20:42:09.015943,2025-02-21 20:45:16.942218,,351.79,,2025-02-21 20:45:16.942218,10000.00,SHORT,-0.09,closed
2692,2,1,COIN,264.77,264.50,2025-02-21 20:42:19.289669,2025-02-21 20:43:11.006448,,264.50,,2025-02-21 20:43:11.006448,10000.00,SHORT,0.27,closed
2693,4,2,COIN,264.61,264.50,2025-02-21 20:42:24.549683,2025-02-21 20:43:11.006448,,264.50,,2025-02-21 20:43:11.006448,10000.00,SHORT,0.11,closed
2694,3,2,COIN,264.61,264.42,2025-02-21 20:42:24.549683,2025-02-21 20:42:35.903947,,264.42,,2025-02-21 20:42:35.903947,10000.00,LONG,-0.19,closed
2695,1,1,COIN,264.58,264.42,2025-02-21 20:42:25.046677,2025-02-21 20:42:35.903947,,264.42,,2025-02-21 20:42:35.903947,10000.00,LONG,-0.16,closed
2696,3,2,COIN,264.76,264.12,2025-02-21 20:42:36.651364,2025-02-21 20:42:54.185636,,264.12,,2025-02-21 20:42:54.185636,10000.00,LONG,-0.64,closed
2697,1,1,COIN,264.76,264.12,2025-02-21 20:42:36.651364,2025-02-21 20:42:54.185636,,264.12,,2025-02-21 20:42:54.185636,10000.00,LONG,-0.64,closed
2698,3,2,COIN,264.20,264.06,2025-02-21 20:42:55.188584,2025-02-21 20:43:24.028604,,264.06,,2025-02-21 20:43:24.028604,10000.00,LONG,-0.14,closed
2699,1,1,COIN,264.20,264.06,2025-02-21 20:42:55.188584,2025-02-21 20:43:24.028604,,264.06,,2025-02-21 20:43:24.028604,10000.00,LONG,-0.14,closed
2700,2,1,COIN,264.18,264.82,2025-02-21 20:43:13.004921,2025-02-21 20:43:20.022157,,264.82,,2025-02-21 20:43:20.022157,10000.00,SHORT,-0.64,closed
2701,4,2,COIN,264.18,264.82,2025-02-21 20:43:13.004921,2025-02-21 20:43:20.022157,,264.82,,2025-02-21 20:43:20.022157,10000.00,SHORT,-0.64,closed
2702,5,1,TSLA,351.61,350.92,2025-02-21 20:43:19.270325,2025-02-21 20:44:12.881767,,350.92,,2025-02-21 20:44:12.881767,10000.00,LONG,-6900.00,closed
2703,2,1,COIN,264.06,264.57,2025-02-21 20:43:24.028604,2025-02-21 20:43:27.036749,,264.57,,2025-02-21 20:43:27.036749,10000.00,SHORT,-0.51,closed
2704,4,2,COIN,264.06,263.86,2025-02-21 20:43:24.028604,2025-02-21 20:44:09.871890,,263.86,,2025-02-21 20:44:09.871890,10000.00,SHORT,0.20,closed
2705,3,2,COIN,264.85,264.03,2025-02-21 20:43:25.531246,2025-02-21 20:43:27.536044,,264.03,,2025-02-21 20:43:27.536044,10000.00,LONG,-0.82,closed
2706,1,1,COIN,264.85,264.03,2025-02-21 20:43:25.531246,2025-02-21 20:43:27.536044,,264.03,,2025-02-21 20:43:27.536044,10000.00,LONG,-0.82,closed
2707,2,1,COIN,264.01,264.00,2025-02-21 20:43:28.034438,2025-02-21 20:44:09.374407,,264.00,,2025-02-21 20:44:09.374407,10000.00,SHORT,0.01,closed
2708,3,2,COIN,263.79,263.31,2025-02-21 20:43:28.535426,2025-02-21 20:43:51.779553,,263.31,,2025-02-21 20:43:51.779553,10000.00,LONG,-0.48,closed
2709,1,1,COIN,263.79,263.31,2025-02-21 20:43:28.535426,2025-02-21 20:43:51.779553,,263.31,,2025-02-21 20:43:51.779553,10000.00,LONG,-0.48,closed
2710,3,2,COIN,263.25,264.40,2025-02-21 20:43:52.280281,2025-02-21 20:44:56.940153,,264.40,,2025-02-21 20:44:56.940153,10000.00,LONG,1.15,closed
2711,1,1,COIN,263.25,264.47,2025-02-21 20:43:52.280281,2025-02-21 20:44:56.438314,,264.47,,2025-02-21 20:44:56.438314,10000.00,LONG,1.22,closed
2712,2,1,COIN,263.50,264.47,2025-02-21 20:44:10.626415,2025-02-21 20:44:19.734495,,264.47,,2025-02-21 20:44:19.734495,10000.00,SHORT,-0.97,closed
2713,5,1,TSLA,351.33,351.51,2025-02-21 20:44:32.256278,2025-02-21 20:47:16.136902,,351.51,,2025-02-21 20:47:16.136902,10000.00,LONG,1800.00,closed
2714,1,1,COIN,264.41,264.81,2025-02-21 20:44:57.439796,2025-02-21 20:45:25.703474,,264.81,,2025-02-21 20:45:25.703474,10000.00,LONG,0.40,closed
2715,3,2,COIN,264.47,264.72,2025-02-21 20:44:58.190163,2025-02-21 20:45:26.704449,,264.72,,2025-02-21 20:45:26.704449,10000.00,LONG,0.25,closed
2716,7,2,TSLA,351.50,351.41,2025-02-21 20:45:11.969690,2025-02-21 20:47:22.394233,,351.41,,2025-02-21 20:47:22.394233,10000.00,LONG,-0.09,closed
2717,1,1,COIN,264.72,264.61,2025-02-21 20:45:26.704449,2025-02-21 20:45:58.390484,,264.61,,2025-02-21 20:45:58.390484,10000.00,LONG,-0.11,closed
2718,3,2,COIN,264.61,264.61,2025-02-21 20:45:28.461179,2025-02-21 20:45:58.390484,,264.61,,2025-02-21 20:45:58.390484,10000.00,LONG,0.00,closed
2719,2,1,COIN,264.62,265.27,2025-02-21 20:45:33.220762,2025-02-21 20:45:43.492667,,265.27,,2025-02-21 20:45:43.492667,10000.00,SHORT,-0.65,closed
2720,4,2,COIN,264.54,265.27,2025-02-21 20:45:41.736452,2025-02-21 20:45:43.492667,,265.27,,2025-02-21 20:45:43.492667,10000.00,SHORT,-0.73,closed
2721,2,1,COIN,264.79,265.05,2025-02-21 20:45:45.494594,2025-02-21 20:46:26.651034,,265.05,,2025-02-21 20:46:26.651034,10000.00,SHORT,-0.26,closed
2722,3,2,COIN,264.88,264.51,2025-02-21 20:45:59.393567,2025-02-21 20:46:33.917213,,264.51,,2025-02-21 20:46:33.917213,10000.00,LONG,-0.37,closed
2723,1,1,COIN,264.86,264.21,2025-02-21 20:45:59.896839,2025-02-21 20:46:36.422071,,264.21,,2025-02-21 20:46:36.422071,10000.00,LONG,-0.65,closed
2724,4,2,COIN,264.61,265.00,2025-02-21 20:46:02.649445,2025-02-21 20:46:29.159592,,265.00,,2025-02-21 20:46:29.159592,10000.00,SHORT,-0.39,closed
2725,6,1,TSLA,351.75,351.93,2025-02-21 20:46:23.697213,2025-02-21 20:47:36.528871,,351.93,,2025-02-21 20:47:36.528871,10000.00,SHORT,-0.18,closed
2726,2,1,COIN,264.60,264.42,2025-02-21 20:46:31.660981,2025-02-21 20:47:01.413936,,264.42,,2025-02-21 20:47:01.413936,10000.00,SHORT,0.18,closed
2727,4,2,COIN,264.60,264.35,2025-02-21 20:46:31.660981,2025-02-21 20:47:04.609319,,264.35,,2025-02-21 20:47:04.609319,10000.00,SHORT,0.25,closed
2728,3,2,COIN,264.50,264.00,2025-02-21 20:46:35.171775,2025-02-21 20:46:43.186812,,264.00,,2025-02-21 20:46:43.186812,10000.00,LONG,-0.50,closed
2729,1,1,COIN,264.20,263.90,2025-02-21 20:46:37.424491,2025-02-21 20:46:44.687976,,263.90,,2025-02-21 20:46:44.687976,10000.00,LONG,-0.30,closed
2730,3,2,COIN,264.14,263.50,2025-02-21 20:46:44.186066,2025-02-21 20:46:46.946878,,263.50,,2025-02-21 20:46:46.946878,10000.00,LONG,-0.64,closed
2731,1,1,COIN,263.90,264.10,2025-02-21 20:46:46.446775,2025-02-21 20:47:40.788030,,264.10,,2025-02-21 20:47:40.788030,10000.00,LONG,0.20,closed
2732,3,2,COIN,263.90,263.92,2025-02-21 20:46:47.947222,2025-02-21 20:47:45.301590,,263.92,,2025-02-21 20:47:45.301590,10000.00,LONG,0.02,closed
2733,4,2,COIN,263.97,264.50,2025-02-21 20:47:14.878062,2025-02-21 20:47:16.132901,,264.50,,2025-02-21 20:47:16.132901,10000.00,SHORT,-0.53,closed
2734,2,1,COIN,264.00,264.14,2025-02-21 20:47:15.632454,2025-02-21 20:48:18.229954,,264.14,,2025-02-21 20:48:18.229954,10000.00,SHORT,-0.14,closed
2735,1,1,COIN,264.25,263.77,2025-02-21 20:47:41.790856,2025-02-21 20:47:50.309801,,263.77,,2025-02-21 20:47:50.309801,10000.00,LONG,-0.48,closed
2736,5,1,TSLA,352.29,351.98,2025-02-21 20:47:46.548514,2025-02-21 20:48:07.458341,,351.98,,2025-02-21 20:48:07.458341,10000.00,LONG,-3100.00,closed
2737,3,2,COIN,263.95,263.77,2025-02-21 20:47:46.804583,2025-02-21 20:47:50.309801,,263.77,,2025-02-21 20:47:50.309801,10000.00,LONG,-0.18,closed
2738,7,2,TSLA,352.49,352.06,2025-02-21 20:47:50.808886,2025-02-21 20:48:11.709206,,352.06,,2025-02-21 20:48:11.709206,10000.00,LONG,-0.43,closed
2739,1,1,COIN,263.95,263.74,2025-02-21 20:47:51.365262,2025-02-21 20:48:05.460408,,263.74,,2025-02-21 20:48:05.460408,10000.00,LONG,-0.21,closed
2740,3,2,COIN,264.06,263.55,2025-02-21 20:47:51.810164,2025-02-21 20:48:06.700048,,263.55,,2025-02-21 20:48:06.700048,10000.00,LONG,-0.51,closed
2741,1,1,COIN,264.00,263.49,2025-02-21 20:48:06.193809,2025-02-21 20:48:33.749767,,263.49,,2025-02-21 20:48:33.749767,10000.00,LONG,-0.51,closed
2742,4,2,COIN,263.55,264.11,2025-02-21 20:48:06.700048,2025-02-21 20:48:26.102435,,264.11,,2025-02-21 20:48:26.102435,10000.00,SHORT,-0.56,closed
2743,3,2,COIN,263.99,263.55,2025-02-21 20:48:07.951452,2025-02-21 20:48:29.246863,,263.55,,2025-02-21 20:48:29.246863,10000.00,LONG,-0.44,closed
2744,5,1,TSLA,352.49,351.73,2025-02-21 20:48:18.969728,2025-02-21 20:49:30.702628,,351.73,,2025-02-21 20:49:30.702628,10000.00,LONG,-7600.00,closed
2745,7,2,TSLA,352.49,351.70,2025-02-21 20:48:18.969728,2025-02-21 20:49:30.956261,,351.70,,2025-02-21 20:49:30.956261,10000.00,LONG,-0.79,closed
2746,2,1,COIN,263.81,264.00,2025-02-21 20:48:19.222574,2025-02-21 20:48:52.522996,,264.00,,2025-02-21 20:48:52.522996,10000.00,SHORT,-0.19,closed
2747,4,2,COIN,263.78,264.02,2025-02-21 20:48:28.489087,2025-02-21 20:49:00.038213,,264.02,,2025-02-21 20:49:00.038213,10000.00,SHORT,-0.24,closed
2748,3,2,COIN,263.90,263.40,2025-02-21 20:48:29.744342,2025-02-21 20:49:31.963365,,263.40,,2025-02-21 20:49:31.963365,10000.00,LONG,-0.50,closed
2749,1,1,COIN,263.62,263.51,2025-02-21 20:48:34.706789,2025-02-21 20:49:19.179425,,263.51,,2025-02-21 20:49:19.179425,10000.00,LONG,-0.11,closed
2750,6,1,TSLA,352.22,352.06,2025-02-21 20:48:46.264555,2025-02-21 20:50:56.845587,,352.06,,2025-02-21 20:50:56.845587,10000.00,SHORT,0.16,closed
2751,2,1,COIN,263.95,262.71,2025-02-21 20:49:08.672898,2025-02-21 20:50:04.016016,,262.71,,2025-02-21 20:50:04.016016,10000.00,SHORT,1.24,closed
2752,4,2,COIN,263.51,262.71,2025-02-21 20:49:19.179425,2025-02-21 20:50:04.016016,,262.71,,2025-02-21 20:50:04.016016,10000.00,SHORT,0.80,closed
2753,1,1,COIN,263.51,263.22,2025-02-21 20:49:19.179425,2025-02-21 20:49:32.458156,,263.22,,2025-02-21 20:49:32.458156,10000.00,LONG,-0.29,closed
2754,3,2,COIN,263.10,262.51,2025-02-21 20:49:32.960611,2025-02-21 20:49:34.711546,,262.51,,2025-02-21 20:49:34.711546,10000.00,LONG,-0.59,closed
2755,1,1,COIN,263.21,262.61,2025-02-21 20:49:33.464136,2025-02-21 20:49:35.469196,,262.61,,2025-02-21 20:49:35.469196,10000.00,LONG,-0.60,closed
2756,3,2,COIN,262.70,262.18,2025-02-21 20:49:35.968974,2025-02-21 20:50:00.005473,,262.18,,2025-02-21 20:50:00.005473,10000.00,LONG,-0.52,closed
2757,1,1,COIN,262.57,262.15,2025-02-21 20:49:36.214638,2025-02-21 20:49:59.502941,,262.15,,2025-02-21 20:49:59.502941,10000.00,LONG,-0.42,closed
2758,1,1,COIN,262.46,262.15,2025-02-21 20:50:00.760209,2025-02-21 20:50:22.735194,,262.15,,2025-02-21 20:50:22.735194,10000.00,LONG,-0.31,closed
2759,3,2,COIN,262.30,262.34,2025-02-21 20:50:01.257017,2025-02-21 20:50:07.269963,,262.34,,2025-02-21 20:50:07.269963,10000.00,LONG,0.04,closed
2760,2,1,COIN,262.48,261.44,2025-02-21 20:50:05.513907,2025-02-21 20:50:54.838216,,261.44,,2025-02-21 20:50:54.838216,10000.00,SHORT,1.04,closed
2761,4,2,COIN,262.48,261.20,2025-02-21 20:50:05.513907,2025-02-21 20:50:57.849578,,261.20,,2025-02-21 20:50:57.849578,10000.00,SHORT,1.28,closed
2762,3,2,COIN,262.61,262.07,2025-02-21 20:50:08.270900,2025-02-21 20:50:23.239398,,262.07,,2025-02-21 20:50:23.239398,10000.00,LONG,-0.54,closed
2763,5,1,TSLA,352.14,351.35,2025-02-21 20:50:11.241324,2025-02-21 20:50:35.379805,,351.35,,2025-02-21 20:50:35.379805,10000.00,LONG,-7900.00,closed
2764,1,1,COIN,262.00,261.54,2025-02-21 20:50:23.748439,2025-02-21 20:50:33.075467,,261.54,,2025-02-21 20:50:33.075467,10000.00,LONG,-0.46,closed
2765,3,2,COIN,262.25,261.66,2025-02-21 20:50:24.240151,2025-02-21 20:50:32.578988,,261.66,,2025-02-21 20:50:32.578988,10000.00,LONG,-0.59,closed
2766,3,2,COIN,261.52,260.59,2025-02-21 20:50:33.323793,2025-02-21 20:50:47.826831,,260.59,,2025-02-21 20:50:47.826831,10000.00,LONG,-0.93,closed
2767,1,1,COIN,261.28,260.88,2025-02-21 20:50:33.822037,2025-02-21 20:50:46.320925,,260.88,,2025-02-21 20:50:46.320925,10000.00,LONG,-0.40,closed
2768,1,1,COIN,260.77,261.07,2025-02-21 20:50:47.323091,2025-02-21 20:51:09.369834,,261.07,,2025-02-21 20:51:09.369834,10000.00,LONG,0.30,closed
2769,5,1,TSLA,351.71,352.20,2025-02-21 20:50:48.585198,2025-02-21 20:52:01.404775,,352.20,,2025-02-21 20:52:01.404775,10000.00,LONG,4900.00,closed
2770,3,2,COIN,260.66,260.80,2025-02-21 20:50:48.581198,2025-02-21 20:51:02.354611,,260.80,,2025-02-21 20:51:02.354611,10000.00,LONG,0.14,closed
2771,2,1,COIN,261.14,261.70,2025-02-21 20:50:55.338441,2025-02-21 20:51:06.116937,,261.70,,2025-02-21 20:51:06.116937,10000.00,SHORT,-0.56,closed
2772,7,2,TSLA,352.25,352.21,2025-02-21 20:50:59.852666,2025-02-21 20:52:01.594937,,352.21,,2025-02-21 20:52:01.594937,10000.00,LONG,-0.04,closed
2773,4,2,COIN,260.99,261.39,2025-02-21 20:51:00.354517,2025-02-21 20:51:10.374087,,261.39,,2025-02-21 20:51:10.374087,10000.00,SHORT,-0.40,closed
2774,3,2,COIN,261.06,261.25,2025-02-21 20:51:04.108828,2025-02-21 20:51:31.219139,,261.25,,2025-02-21 20:51:31.219139,10000.00,LONG,0.19,closed
2775,1,1,COIN,261.36,261.25,2025-02-21 20:51:10.627316,2025-02-21 20:51:30.468039,,261.25,,2025-02-21 20:51:30.468039,10000.00,LONG,-0.11,closed
2776,4,2,COIN,261.11,261.72,2025-02-21 20:51:11.431615,2025-02-21 20:51:21.501123,,261.72,,2025-02-21 20:51:21.501123,10000.00,SHORT,-0.61,closed
2777,2,1,COIN,261.25,261.80,2025-02-21 20:51:31.219139,2025-02-21 20:52:18.989662,,261.80,,2025-02-21 20:52:18.989662,10000.00,SHORT,-0.55,closed
2778,1,1,COIN,261.45,261.24,2025-02-21 20:51:31.718144,2025-02-21 20:52:21.239380,,261.24,,2025-02-21 20:52:21.239380,10000.00,LONG,-0.21,closed
2779,3,2,COIN,261.16,261.17,2025-02-21 20:51:32.219571,2025-02-21 20:52:14.876484,,261.17,,2025-02-21 20:52:14.876484,10000.00,LONG,0.01,closed
2780,4,2,COIN,261.16,261.80,2025-02-21 20:51:32.219571,2025-02-21 20:52:18.989662,,261.80,,2025-02-21 20:52:18.989662,10000.00,SHORT,-0.64,closed
2781,6,1,TSLA,352.25,352.48,2025-02-21 20:52:00.594088,2025-02-21 20:52:52.291152,,352.48,,2025-02-21 20:52:52.291152,10000.00,SHORT,-0.23,closed
2782,3,2,COIN,261.40,261.21,2025-02-21 20:52:15.875761,2025-02-21 20:52:20.491883,,261.21,,2025-02-21 20:52:20.491883,10000.00,LONG,-0.19,closed
2783,2,1,COIN,261.21,261.76,2025-02-21 20:52:20.491883,2025-02-21 20:52:26.003217,,261.76,,2025-02-21 20:52:26.003217,10000.00,SHORT,-0.55,closed
2784,4,2,COIN,261.21,261.76,2025-02-21 20:52:20.491883,2025-02-21 20:52:26.003217,,261.76,,2025-02-21 20:52:26.003217,10000.00,SHORT,-0.55,closed
2785,3,2,COIN,261.38,261.42,2025-02-21 20:52:21.740440,2025-02-21 20:52:30.010161,,261.42,,2025-02-21 20:52:30.010161,10000.00,LONG,0.04,closed
2786,1,1,COIN,261.38,261.34,2025-02-21 20:52:21.740440,2025-02-21 20:52:30.509716,,261.34,,2025-02-21 20:52:30.509716,10000.00,LONG,-0.04,closed
2787,3,2,COIN,261.34,261.42,2025-02-21 20:52:30.509716,2025-02-21 20:52:38.026468,,261.42,,2025-02-21 20:52:38.026468,10000.00,LONG,0.08,closed
2788,1,1,COIN,261.34,261.73,2025-02-21 20:52:30.509716,2025-02-21 20:53:00.657257,,261.73,,2025-02-21 20:53:00.657257,10000.00,LONG,0.39,closed
2789,3,2,COIN,261.99,261.59,2025-02-21 20:52:39.024644,2025-02-21 20:52:45.038920,,261.59,,2025-02-21 20:52:45.038920,10000.00,LONG,-0.40,closed
2790,2,1,COIN,261.55,262.10,2025-02-21 20:52:41.280392,2025-02-21 20:52:41.781772,,262.10,,2025-02-21 20:52:41.781772,10000.00,SHORT,-0.55,closed
2791,3,2,COIN,261.71,261.73,2025-02-21 20:52:45.541710,2025-02-21 20:53:02.160026,,261.73,,2025-02-21 20:53:02.160026,10000.00,LONG,0.02,closed
2792,6,1,TSLA,352.02,352.03,2025-02-21 20:52:56.403314,2025-02-21 20:53:34.845547,,352.03,,2025-02-21 20:53:34.845547,10000.00,SHORT,-0.01,closed
2793,1,1,COIN,262.17,261.51,2025-02-21 20:53:01.465162,2025-02-21 20:53:02.664959,,261.51,,2025-02-21 20:53:02.664959,10000.00,LONG,-0.66,closed
2794,3,2,COIN,261.82,261.45,2025-02-21 20:53:03.162667,2025-02-21 20:53:12.431019,,261.45,,2025-02-21 20:53:12.431019,10000.00,LONG,-0.37,closed
2795,1,1,COIN,261.39,261.44,2025-02-21 20:53:03.917707,2025-02-21 20:53:12.933577,,261.44,,2025-02-21 20:53:12.933577,10000.00,LONG,0.05,closed
2796,2,1,COIN,261.45,261.97,2025-02-21 20:53:12.431019,2025-02-21 20:53:24.454619,,261.97,,2025-02-21 20:53:24.454619,10000.00,SHORT,-0.52,closed
2797,3,2,COIN,261.82,262.35,2025-02-21 20:53:13.432622,2025-02-21 20:53:47.872114,,262.35,,2025-02-21 20:53:47.872114,10000.00,LONG,0.53,closed
2798,1,1,COIN,261.82,262.36,2025-02-21 20:53:13.432622,2025-02-21 20:53:49.373780,,262.36,,2025-02-21 20:53:49.373780,10000.00,LONG,0.54,closed
2799,5,1,TSLA,352.00,351.83,2025-02-21 20:53:31.589019,2025-02-21 20:54:42.226457,,351.83,,2025-02-21 20:54:42.226457,10000.00,LONG,-1700.00,closed
2800,6,1,TSLA,351.81,352.56,2025-02-21 20:53:35.845955,2025-02-21 20:53:44.611139,,352.56,,2025-02-21 20:53:44.611139,10000.00,SHORT,-0.75,closed
2801,7,2,TSLA,352.45,351.83,2025-02-21 20:53:43.861784,2025-02-21 20:54:42.726924,,351.83,,2025-02-21 20:54:42.726924,10000.00,LONG,-0.62,closed
2802,3,2,COIN,262.61,262.30,2025-02-21 20:53:48.622907,2025-02-21 20:54:43.727078,,262.30,,2025-02-21 20:54:43.727078,10000.00,LONG,-0.31,closed
2803,1,1,COIN,262.35,262.30,2025-02-21 20:53:50.374041,2025-02-21 20:54:43.727078,,262.30,,2025-02-21 20:54:43.727078,10000.00,LONG,-0.05,closed
2804,6,1,TSLA,352.13,352.14,2025-02-21 20:53:55.634772,2025-02-21 20:58:00.925567,,352.14,,2025-02-21 20:58:00.925567,10000.00,SHORT,-0.01,closed
2805,4,2,COIN,262.30,263.15,2025-02-21 20:54:43.727078,2025-02-21 20:55:00.010926,,263.15,,2025-02-21 20:55:00.010926,10000.00,SHORT,-0.85,closed
2806,2,1,COIN,262.30,263.15,2025-02-21 20:54:43.727078,2025-02-21 20:55:00.010926,,263.15,,2025-02-21 20:55:00.010926,10000.00,SHORT,-0.85,closed
2807,1,1,COIN,262.30,262.95,2025-02-21 20:54:43.727078,2025-02-21 20:55:17.543659,,262.95,,2025-02-21 20:55:17.543659,10000.00,LONG,0.65,closed
2808,3,2,COIN,262.64,262.95,2025-02-21 20:54:45.484941,2025-02-21 20:55:17.543659,,262.95,,2025-02-21 20:55:17.543659,10000.00,LONG,0.31,closed
2809,5,1,TSLA,352.14,351.42,2025-02-21 20:54:58.254687,2025-02-21 20:56:01.151188,,351.42,,2025-02-21 20:56:01.151188,10000.00,LONG,-7200.00,closed
2810,3,2,COIN,262.95,262.85,2025-02-21 20:55:17.543659,2025-02-21 20:55:27.808181,,262.85,,2025-02-21 20:55:27.808181,10000.00,LONG,-0.10,closed
2811,1,1,COIN,263.46,262.85,2025-02-21 20:55:19.043730,2025-02-21 20:55:27.808181,,262.85,,2025-02-21 20:55:27.808181,10000.00,LONG,-0.61,closed
2812,3,2,COIN,263.10,262.49,2025-02-21 20:55:29.064389,2025-02-21 20:55:31.815691,,262.49,,2025-02-21 20:55:31.815691,10000.00,LONG,-0.61,closed
2813,1,1,COIN,263.10,262.49,2025-02-21 20:55:29.064389,2025-02-21 20:55:31.815691,,262.49,,2025-02-21 20:55:31.815691,10000.00,LONG,-0.61,closed
2814,2,1,COIN,262.68,262.90,2025-02-21 20:55:29.562056,2025-02-21 20:56:03.403048,,262.90,,2025-02-21 20:56:03.403048,10000.00,SHORT,-0.22,closed
2815,4,2,COIN,262.49,262.90,2025-02-21 20:55:31.815691,2025-02-21 20:56:03.403048,,262.90,,2025-02-21 20:56:03.403048,10000.00,SHORT,-0.41,closed
2816,3,2,COIN,262.49,262.30,2025-02-21 20:55:31.815691,2025-02-21 20:55:40.585271,,262.30,,2025-02-21 20:55:40.585271,10000.00,LONG,-0.19,closed
2817,1,1,COIN,262.49,262.36,2025-02-21 20:55:31.815691,2025-02-21 20:56:06.917631,,262.36,,2025-02-21 20:56:06.917631,10000.00,LONG,-0.13,closed
2818,3,2,COIN,262.30,262.33,2025-02-21 20:55:40.585271,2025-02-21 20:56:07.415829,,262.33,,2025-02-21 20:56:07.415829,10000.00,LONG,0.03,closed
2819,1,1,COIN,262.82,262.29,2025-02-21 20:56:07.665893,2025-02-21 20:56:09.665516,,262.29,,2025-02-21 20:56:09.665516,10000.00,LONG,-0.53,closed
2820,3,2,COIN,262.76,262.08,2025-02-21 20:56:08.417077,2025-02-21 20:56:09.168682,,262.08,,2025-02-21 20:56:09.168682,10000.00,LONG,-0.68,closed
2821,2,1,COIN,262.49,262.59,2025-02-21 20:56:08.914495,2025-02-21 20:56:32.266240,,262.59,,2025-02-21 20:56:32.266240,10000.00,SHORT,-0.10,closed
2822,4,2,COIN,262.29,262.44,2025-02-21 20:56:09.665516,2025-02-21 20:56:45.793847,,262.44,,2025-02-21 20:56:45.793847,10000.00,SHORT,-0.15,closed
2823,3,2,COIN,262.29,261.81,2025-02-21 20:56:09.665516,2025-02-21 20:56:21.689850,,261.81,,2025-02-21 20:56:21.689850,10000.00,LONG,-0.48,closed
2824,1,1,COIN,262.12,261.86,2025-02-21 20:56:10.919444,2025-02-21 20:56:27.667676,,261.86,,2025-02-21 20:56:27.667676,10000.00,LONG,-0.26,closed
2825,3,2,COIN,262.00,261.80,2025-02-21 20:56:22.691355,2025-02-21 20:57:02.820786,,261.80,,2025-02-21 20:57:02.820786,10000.00,LONG,-0.20,closed
2826,1,1,COIN,261.88,262.00,2025-02-21 20:56:28.757326,2025-02-21 20:57:03.320338,,262.00,,2025-02-21 20:57:03.320338,10000.00,LONG,0.12,closed
2827,4,2,COIN,262.16,262.56,2025-02-21 20:56:47.794116,2025-02-21 20:57:09.083395,,262.56,,2025-02-21 20:57:09.083395,10000.00,SHORT,-0.40,closed
2828,2,1,COIN,262.16,262.75,2025-02-21 20:56:47.794116,2025-02-21 20:57:09.584487,,262.75,,2025-02-21 20:57:09.584487,10000.00,SHORT,-0.59,closed
2829,5,1,TSLA,351.60,351.67,2025-02-21 20:56:57.810807,2025-02-21 21:00:01.887008,,351.67,,2025-02-21 21:00:01.887008,10000.00,LONG,700.00,closed
2830,3,2,COIN,262.00,262.48,2025-02-21 20:57:03.320338,2025-02-21 20:57:12.842195,,262.48,,2025-02-21 20:57:12.842195,10000.00,LONG,0.48,closed
2831,1,1,COIN,262.00,262.50,2025-02-21 20:57:03.320338,2025-02-21 20:57:21.411020,,262.50,,2025-02-21 20:57:21.411020,10000.00,LONG,0.50,closed
2832,3,2,COIN,262.62,262.45,2025-02-21 20:57:13.843630,2025-02-21 20:57:36.381750,,262.45,,2025-02-21 20:57:36.381750,10000.00,LONG,-0.17,closed
2833,1,1,COIN,263.01,262.48,2025-02-21 20:57:21.856922,2025-02-21 20:57:34.877897,,262.48,,2025-02-21 20:57:34.877897,10000.00,LONG,-0.53,closed
2834,7,2,TSLA,352.00,351.92,2025-02-21 20:57:26.613849,2025-02-21 20:59:59.383090,,351.92,,2025-02-21 20:59:59.383090,10000.00,LONG,-0.08,closed
2835,1,1,COIN,262.34,262.29,2025-02-21 20:57:35.880249,2025-02-21 20:57:44.647473,,262.29,,2025-02-21 20:57:44.647473,10000.00,LONG,-0.05,closed
2836,3,2,COIN,262.27,262.29,2025-02-21 20:57:37.387084,2025-02-21 20:57:44.647473,,262.29,,2025-02-21 20:57:44.647473,10000.00,LONG,0.02,closed
2837,3,2,COIN,262.84,262.20,2025-02-21 20:57:45.649596,2025-02-21 20:57:46.902440,,262.20,,2025-02-21 20:57:46.902440,10000.00,LONG,-0.64,closed
2838,1,1,COIN,262.84,262.20,2025-02-21 20:57:45.649596,2025-02-21 20:57:46.902440,,262.20,,2025-02-21 20:57:46.902440,10000.00,LONG,-0.64,closed
2839,1,1,COIN,262.20,262.99,2025-02-21 20:57:46.902440,2025-02-21 20:58:14.953274,,262.99,,2025-02-21 20:58:14.953274,10000.00,LONG,0.79,closed
2840,3,2,COIN,262.20,262.99,2025-02-21 20:57:46.902440,2025-02-21 20:58:14.953274,,262.99,,2025-02-21 20:58:14.953274,10000.00,LONG,0.79,closed
2841,3,2,COIN,263.07,262.78,2025-02-21 20:58:15.951602,2025-02-21 20:58:27.972358,,262.78,,2025-02-21 20:58:27.972358,10000.00,LONG,-0.29,closed
2842,1,1,COIN,263.07,262.78,2025-02-21 20:58:15.951602,2025-02-21 20:58:27.972358,,262.78,,2025-02-21 20:58:27.972358,10000.00,LONG,-0.29,closed
2843,2,1,COIN,262.78,263.38,2025-02-21 20:58:27.972358,2025-02-21 20:58:34.989534,,263.38,,2025-02-21 20:58:34.989534,10000.00,SHORT,-0.60,closed
2844,3,2,COIN,262.78,262.78,2025-02-21 20:58:27.972358,2025-02-21 20:58:51.014394,,262.78,,2025-02-21 20:58:51.014394,10000.00,LONG,0.00,closed
2845,1,1,COIN,262.81,262.75,2025-02-21 20:58:29.475678,2025-02-21 20:58:50.515825,,262.75,,2025-02-21 20:58:50.515825,10000.00,LONG,-0.06,closed
2846,1,1,COIN,262.78,262.58,2025-02-21 20:58:51.014394,2025-02-21 20:59:13.803630,,262.58,,2025-02-21 20:59:13.803630,10000.00,LONG,-0.20,closed
2847,3,2,COIN,263.07,262.59,2025-02-21 20:58:52.264817,2025-02-21 20:59:15.560829,,262.59,,2025-02-21 20:59:15.560829,10000.00,LONG,-0.48,closed
2848,2,1,COIN,262.75,263.14,2025-02-21 20:58:58.775707,2025-02-21 20:59:14.302871,,263.14,,2025-02-21 20:59:14.302871,10000.00,SHORT,-0.39,closed
2849,6,1,TSLA,352.06,352.33,2025-02-21 20:59:10.797621,2025-02-21 21:00:13.661711,,352.33,,2025-02-21 21:00:13.661711,10000.00,SHORT,-0.27,closed
2850,4,2,COIN,262.58,263.14,2025-02-21 20:59:13.803630,2025-02-21 20:59:14.302871,,263.14,,2025-02-21 20:59:14.302871,10000.00,SHORT,-0.56,closed
2851,1,1,COIN,263.14,262.59,2025-02-21 20:59:14.302871,2025-02-21 20:59:15.560829,,262.59,,2025-02-21 20:59:15.560829,10000.00,LONG,-0.55,closed
2852,4,2,COIN,262.59,263.33,2025-02-21 20:59:15.560829,2025-02-21 20:59:31.586762,,263.33,,2025-02-21 20:59:31.586762,10000.00,SHORT,-0.74,closed
2853,2,1,COIN,262.59,263.33,2025-02-21 20:59:15.560829,2025-02-21 20:59:31.586762,,263.33,,2025-02-21 20:59:31.586762,10000.00,SHORT,-0.74,closed
2854,3,2,COIN,262.59,262.82,2025-02-21 20:59:15.560829,2025-02-21 20:59:26.077066,,262.82,,2025-02-21 20:59:26.077066,10000.00,LONG,0.23,closed
2855,1,1,COIN,262.59,262.68,2025-02-21 20:59:15.560829,2025-02-21 20:59:34.086734,,262.68,,2025-02-21 20:59:34.086734,10000.00,LONG,0.09,closed
2856,3,2,COIN,262.69,262.67,2025-02-21 20:59:27.576754,2025-02-21 20:59:33.585044,,262.67,,2025-02-21 20:59:33.585044,10000.00,LONG,-0.02,closed
2857,3,2,COIN,262.72,262.53,2025-02-21 20:59:34.588368,2025-02-21 20:59:49.611041,,262.53,,2025-02-21 20:59:49.611041,10000.00,LONG,-0.19,closed
2858,1,1,COIN,262.72,262.40,2025-02-21 20:59:34.588368,2025-02-21 20:59:55.121890,,262.40,,2025-02-21 20:59:55.121890,10000.00,LONG,-0.32,closed
2859,4,2,COIN,262.76,263.30,2025-02-21 20:59:41.097210,2025-02-21 20:59:43.611492,,263.30,,2025-02-21 20:59:43.611492,10000.00,SHORT,-0.54,closed
2860,2,1,COIN,262.78,262.94,2025-02-21 20:59:41.404541,2025-02-21 20:59:58.380572,,262.94,,2025-02-21 20:59:58.380572,10000.00,SHORT,-0.16,closed
2861,4,2,COIN,263.00,262.94,2025-02-21 20:59:45.355356,2025-02-21 20:59:58.380572,,262.94,,2025-02-21 20:59:58.380572,10000.00,SHORT,0.06,closed
2862,3,2,COIN,262.79,262.29,2025-02-21 20:59:50.112832,2025-02-21 20:59:53.869749,,262.29,,2025-02-21 20:59:53.869749,10000.00,LONG,-0.50,closed
2863,3,2,COIN,262.98,262.36,2025-02-21 20:59:54.121848,2025-02-21 20:59:57.374661,,262.36,,2025-02-21 20:59:57.374661,10000.00,LONG,-0.62,closed
2864,1,1,COIN,262.61,262.04,2025-02-21 20:59:55.621753,2025-02-21 21:00:01.448745,,262.04,,2025-02-21 21:00:01.448745,10000.00,LONG,-0.57,closed
2865,3,2,COIN,262.94,261.99,2025-02-21 20:59:58.380572,2025-02-21 21:00:02.885832,,261.99,,2025-02-21 21:00:02.885832,10000.00,LONG,-0.95,closed
2866,4,2,COIN,262.04,262.79,2025-02-21 21:00:01.448745,2025-02-21 21:00:10.402726,,262.79,,2025-02-21 21:00:10.402726,10000.00,SHORT,-0.75,closed
2867,2,1,COIN,262.93,262.79,2025-02-21 21:00:01.640341,2025-02-21 21:00:10.402726,,262.79,,2025-02-21 21:00:10.402726,10000.00,SHORT,0.14,closed
2868,1,1,COIN,262.22,262.35,2025-02-21 21:00:02.392974,2025-02-21 21:00:11.905646,,262.35,,2025-02-21 21:00:11.905646,10000.00,LONG,0.13,closed
2869,3,2,COIN,262.20,262.00,2025-02-21 21:00:03.891749,2025-02-21 21:00:08.154482,,262.00,,2025-02-21 21:00:08.154482,10000.00,LONG,-0.20,closed
2870,3,2,COIN,262.99,262.35,2025-02-21 21:00:10.153663,2025-02-21 21:00:11.905646,,262.35,,2025-02-21 21:00:11.905646,10000.00,LONG,-0.64,closed
2871,5,1,TSLA,352.20,352.06,2025-02-21 21:00:11.906648,2025-02-21 21:00:47.385368,,352.06,,2025-02-21 21:00:47.385368,10000.00,LONG,-1400.00,closed
2872,4,2,COIN,262.35,263.00,2025-02-21 21:00:11.905646,2025-02-21 21:00:15.167827,,263.00,,2025-02-21 21:00:15.167827,10000.00,SHORT,-0.65,closed
2873,2,1,COIN,262.35,262.76,2025-02-21 21:00:11.905646,2025-02-21 21:00:19.831971,,262.76,,2025-02-21 21:00:19.831971,10000.00,SHORT,-0.41,closed
2874,3,2,COIN,262.35,262.20,2025-02-21 21:00:11.905646,2025-02-21 21:00:15.664583,,262.20,,2025-02-21 21:00:15.664583,10000.00,LONG,-0.15,closed
2875,1,1,COIN,262.77,262.20,2025-02-21 21:00:13.658710,2025-02-21 21:00:15.664583,,262.20,,2025-02-21 21:00:15.664583,10000.00,LONG,-0.57,closed
2876,4,2,COIN,262.00,262.56,2025-02-21 21:00:16.416372,2025-02-21 21:00:17.914545,,262.56,,2025-02-21 21:00:17.914545,10000.00,SHORT,-0.56,closed
2877,1,1,COIN,262.52,262.68,2025-02-21 21:00:16.667044,2025-02-21 21:00:38.868395,,262.68,,2025-02-21 21:00:38.868395,10000.00,LONG,0.16,closed
2878,3,2,COIN,262.50,262.57,2025-02-21 21:00:16.912143,2025-02-21 21:00:26.848621,,262.57,,2025-02-21 21:00:26.848621,10000.00,LONG,0.07,closed
2879,6,1,TSLA,351.83,352.40,2025-02-21 21:00:19.579880,2025-02-21 21:00:27.597931,,352.40,,2025-02-21 21:00:27.597931,10000.00,SHORT,-0.57,closed
2880,2,1,COIN,262.72,263.38,2025-02-21 21:00:27.851981,2025-02-21 21:00:34.860554,,263.38,,2025-02-21 21:00:34.860554,10000.00,SHORT,-0.66,closed
2881,3,2,COIN,262.72,262.76,2025-02-21 21:00:27.851981,2025-02-21 21:00:32.606833,,262.76,,2025-02-21 21:00:32.606833,10000.00,LONG,0.04,closed
2882,7,2,TSLA,352.87,352.09,2025-02-21 21:00:32.859336,2025-02-21 21:00:48.135473,,352.09,,2025-02-21 21:00:48.135473,10000.00,LONG,-0.78,closed
2883,3,2,COIN,262.80,262.57,2025-02-21 21:00:34.364695,2025-02-21 21:00:41.429187,,262.57,,2025-02-21 21:00:41.429187,10000.00,LONG,-0.23,closed
2884,4,2,COIN,262.68,263.37,2025-02-21 21:00:38.868395,2025-02-21 21:00:44.884678,,263.37,,2025-02-21 21:00:44.884678,10000.00,SHORT,-0.69,closed
2885,2,1,COIN,262.68,263.37,2025-02-21 21:00:38.868395,2025-02-21 21:00:44.884678,,263.37,,2025-02-21 21:00:44.884678,10000.00,SHORT,-0.69,closed
2886,1,1,COIN,263.03,262.52,2025-02-21 21:00:39.369661,2025-02-21 21:00:45.384564,,262.52,,2025-02-21 21:00:45.384564,10000.00,LONG,-0.51,closed
2887,3,2,COIN,263.00,262.40,2025-02-21 21:00:42.373980,2025-02-21 21:01:00.156583,,262.40,,2025-02-21 21:01:00.156583,10000.00,LONG,-0.60,closed
2888,6,1,TSLA,352.29,352.75,2025-02-21 21:00:44.882676,2025-02-21 21:02:00.778646,,352.75,,2025-02-21 21:02:00.778646,10000.00,SHORT,-0.46,closed
2889,4,2,COIN,262.52,263.15,2025-02-21 21:00:45.384564,2025-02-21 21:00:47.632211,,263.15,,2025-02-21 21:00:47.632211,10000.00,SHORT,-0.63,closed
2890,2,1,COIN,262.52,262.99,2025-02-21 21:00:45.384564,2025-02-21 21:01:02.162235,,262.99,,2025-02-21 21:01:02.162235,10000.00,SHORT,-0.47,closed
2891,1,1,COIN,262.86,262.40,2025-02-21 21:00:46.882960,2025-02-21 21:01:00.156583,,262.40,,2025-02-21 21:01:00.156583,10000.00,LONG,-0.46,closed
2892,5,1,TSLA,352.43,352.63,2025-02-21 21:00:59.653693,2025-02-21 21:02:30.840414,,352.63,,2025-02-21 21:02:30.840414,10000.00,LONG,2000.00,closed
2893,1,1,COIN,262.81,262.33,2025-02-21 21:01:01.156246,2025-02-21 21:01:04.667707,,262.33,,2025-02-21 21:01:04.667707,10000.00,LONG,-0.48,closed
2894,7,2,TSLA,352.42,352.64,2025-02-21 21:01:01.157244,2025-02-21 21:02:29.337300,,352.64,,2025-02-21 21:02:29.337300,10000.00,LONG,0.22,closed
2895,3,2,COIN,262.90,262.33,2025-02-21 21:01:01.657914,2025-02-21 21:01:04.667707,,262.33,,2025-02-21 21:01:04.667707,10000.00,LONG,-0.57,closed
2896,3,2,COIN,262.33,262.33,2025-02-21 21:01:04.667707,2025-02-21 21:01:15.937821,,262.33,,2025-02-21 21:01:15.937821,10000.00,LONG,0.00,closed
2897,1,1,COIN,262.95,262.33,2025-02-21 21:01:05.916834,2025-02-21 21:01:15.937821,,262.33,,2025-02-21 21:01:15.937821,10000.00,LONG,-0.62,closed
2898,2,1,COIN,262.26,262.94,2025-02-21 21:01:10.430008,2025-02-21 21:01:13.435959,,262.94,,2025-02-21 21:01:13.435959,10000.00,SHORT,-0.68,closed
2899,4,2,COIN,262.62,262.84,2025-02-21 21:01:10.675171,2025-02-21 21:01:17.692449,,262.84,,2025-02-21 21:01:17.692449,10000.00,SHORT,-0.22,closed
2900,2,1,COIN,262.67,262.99,2025-02-21 21:01:13.933631,2025-02-21 21:01:49.510982,,262.99,,2025-02-21 21:01:49.510982,10000.00,SHORT,-0.32,closed
2901,1,1,COIN,262.34,262.31,2025-02-21 21:01:17.188933,2025-02-21 21:01:26.458740,,262.31,,2025-02-21 21:01:26.458740,10000.00,LONG,-0.03,closed
2902,3,2,COIN,262.84,262.31,2025-02-21 21:01:17.692449,2025-02-21 21:01:26.458740,,262.31,,2025-02-21 21:01:26.458740,10000.00,LONG,-0.53,closed
2903,4,2,COIN,262.35,262.99,2025-02-21 21:01:21.947709,2025-02-21 21:01:49.510982,,262.99,,2025-02-21 21:01:49.510982,10000.00,SHORT,-0.64,closed
2904,1,1,COIN,262.53,262.26,2025-02-21 21:01:27.207119,2025-02-21 21:01:38.234469,,262.26,,2025-02-21 21:01:38.234469,10000.00,LONG,-0.27,closed
2905,3,2,COIN,262.78,263.54,2025-02-21 21:01:27.963329,2025-02-21 21:02:19.565610,,263.54,,2025-02-21 21:02:19.565610,10000.00,LONG,0.76,closed
2906,1,1,COIN,262.65,263.65,2025-02-21 21:01:38.983367,2025-02-21 21:02:22.569031,,263.65,,2025-02-21 21:02:22.569031,10000.00,LONG,1.00,closed
2907,3,2,COIN,264.00,263.44,2025-02-21 21:02:20.563295,2025-02-21 21:02:33.345149,,263.44,,2025-02-21 21:02:33.345149,10000.00,LONG,-0.56,closed
2908,1,1,COIN,264.09,263.44,2025-02-21 21:02:23.570420,2025-02-21 21:02:33.345149,,263.44,,2025-02-21 21:02:33.345149,10000.00,LONG,-0.65,closed
2909,1,1,COIN,263.44,263.45,2025-02-21 21:02:33.345149,2025-02-21 21:02:36.346894,,263.45,,2025-02-21 21:02:36.346894,10000.00,LONG,0.01,closed
2910,3,2,COIN,263.44,263.25,2025-02-21 21:02:33.345149,2025-02-21 21:03:05.154812,,263.25,,2025-02-21 21:03:05.154812,10000.00,LONG,-0.19,closed
2911,1,1,COIN,263.60,263.25,2025-02-21 21:02:38.355157,2025-02-21 21:03:06.653904,,263.25,,2025-02-21 21:03:06.653904,10000.00,LONG,-0.35,closed
2912,6,1,TSLA,352.21,352.54,2025-02-21 21:02:39.355940,2025-02-21 21:06:24.035493,,352.54,,2025-02-21 21:06:24.035493,10000.00,SHORT,-0.33,closed
2913,2,1,COIN,263.50,263.69,2025-02-21 21:03:02.146645,2025-02-21 21:03:27.698669,,263.69,,2025-02-21 21:03:27.698669,10000.00,SHORT,-0.19,closed
2914,4,2,COIN,263.54,263.69,2025-02-21 21:03:03.645804,2025-02-21 21:03:27.698669,,263.69,,2025-02-21 21:03:27.698669,10000.00,SHORT,-0.15,closed
2915,3,2,COIN,263.55,263.19,2025-02-21 21:03:05.651901,2025-02-21 21:03:08.411285,,263.19,,2025-02-21 21:03:08.411285,10000.00,LONG,-0.36,closed
2916,1,1,COIN,263.41,263.09,2025-02-21 21:03:07.406021,2025-02-21 21:03:24.686847,,263.09,,2025-02-21 21:03:24.686847,10000.00,LONG,-0.32,closed
2917,3,2,COIN,263.33,263.09,2025-02-21 21:03:09.908872,2025-02-21 21:03:24.686847,,263.09,,2025-02-21 21:03:24.686847,10000.00,LONG,-0.24,closed
2918,1,1,COIN,263.09,263.34,2025-02-21 21:03:24.686847,2025-02-21 21:03:32.969126,,263.34,,2025-02-21 21:03:32.969126,10000.00,LONG,0.25,closed
2919,3,2,COIN,263.09,263.34,2025-02-21 21:03:24.686847,2025-02-21 21:03:32.969126,,263.34,,2025-02-21 21:03:32.969126,10000.00,LONG,0.25,closed
2920,4,2,COIN,263.23,263.95,2025-02-21 21:03:28.445045,2025-02-21 21:03:31.950000,,263.95,,2025-02-21 21:03:31.950000,10000.00,SHORT,-0.72,closed
2921,2,1,COIN,263.23,263.96,2025-02-21 21:03:28.445045,2025-02-21 21:03:31.204323,,263.96,,2025-02-21 21:03:31.204323,10000.00,SHORT,-0.73,closed
2922,2,1,COIN,263.34,263.95,2025-02-21 21:03:32.969126,2025-02-21 21:03:35.717224,,263.95,,2025-02-21 21:03:35.717224,10000.00,SHORT,-0.61,closed
2923,1,1,COIN,263.35,263.35,2025-02-21 21:03:33.955197,2025-02-21 21:03:46.979188,,263.35,,2025-02-21 21:03:46.979188,10000.00,LONG,0.00,closed
2924,3,2,COIN,263.40,263.35,2025-02-21 21:03:34.453506,2025-02-21 21:03:46.979188,,263.35,,2025-02-21 21:03:46.979188,10000.00,LONG,-0.05,closed
2925,5,1,TSLA,352.27,351.91,2025-02-21 21:03:37.712452,2025-02-21 21:07:43.445168,,351.91,,2025-02-21 21:07:43.445168,10000.00,LONG,-3600.00,closed
2926,2,1,COIN,263.35,264.30,2025-02-21 21:03:46.979188,2025-02-21 21:03:58.504496,,264.30,,2025-02-21 21:03:58.504496,10000.00,SHORT,-0.95,closed
2927,1,1,COIN,263.83,263.67,2025-02-21 21:03:47.734343,2025-02-21 21:04:09.019127,,263.67,,2025-02-21 21:04:09.019127,10000.00,LONG,-0.16,closed
2928,3,2,COIN,263.54,263.68,2025-02-21 21:03:48.229944,2025-02-21 21:04:15.784931,,263.68,,2025-02-21 21:04:15.784931,10000.00,LONG,0.14,closed
2929,4,2,COIN,263.54,264.29,2025-02-21 21:03:51.737610,2025-02-21 21:04:00.003684,,264.29,,2025-02-21 21:04:00.003684,10000.00,SHORT,-0.75,closed
2930,1,1,COIN,263.67,263.74,2025-02-21 21:04:09.019127,2025-02-21 21:04:16.285897,,263.74,,2025-02-21 21:04:16.285897,10000.00,LONG,0.07,closed
2931,3,2,COIN,263.75,264.19,2025-02-21 21:04:16.786801,2025-02-21 21:04:40.579976,,264.19,,2025-02-21 21:04:40.579976,10000.00,LONG,0.44,closed
2932,1,1,COIN,264.38,264.19,2025-02-21 21:04:17.535215,2025-02-21 21:04:40.579976,,264.19,,2025-02-21 21:04:40.579976,10000.00,LONG,-0.19,closed
2933,1,1,COIN,264.00,264.05,2025-02-21 21:04:41.832501,2025-02-21 21:05:32.184698,,264.05,,2025-02-21 21:05:32.184698,10000.00,LONG,0.05,closed
2934,3,2,COIN,264.00,263.89,2025-02-21 21:04:41.832501,2025-02-21 21:05:31.687629,,263.89,,2025-02-21 21:05:31.687629,10000.00,LONG,-0.11,closed
2935,4,2,COIN,264.00,264.50,2025-02-21 21:04:59.620486,2025-02-21 21:05:20.915891,,264.50,,2025-02-21 21:05:20.915891,10000.00,SHORT,-0.50,closed
2936,2,1,COIN,263.89,263.99,2025-02-21 21:05:31.687629,2025-02-21 21:06:05.752903,,263.99,,2025-02-21 21:06:05.752903,10000.00,SHORT,-0.10,closed
2937,3,2,COIN,264.05,263.71,2025-02-21 21:05:32.184698,2025-02-21 21:05:53.727274,,263.71,,2025-02-21 21:05:53.727274,10000.00,LONG,-0.34,closed
2938,1,1,COIN,264.05,263.58,2025-02-21 21:05:32.184698,2025-02-21 21:05:53.474744,,263.58,,2025-02-21 21:05:53.474744,10000.00,LONG,-0.47,closed
2939,4,2,COIN,264.00,264.00,2025-02-21 21:05:36.192418,2025-02-21 21:05:55.981138,,264.00,,2025-02-21 21:05:55.981138,10000.00,SHORT,0.00,closed
2940,1,1,COIN,263.50,263.13,2025-02-21 21:05:54.480080,2025-02-21 21:05:57.485894,,263.13,,2025-02-21 21:05:57.485894,10000.00,LONG,-0.37,closed
2941,3,2,COIN,263.65,263.18,2025-02-21 21:05:54.728449,2025-02-21 21:05:56.984810,,263.18,,2025-02-21 21:05:56.984810,10000.00,LONG,-0.47,closed
2942,4,2,COIN,263.13,263.99,2025-02-21 21:05:57.485894,2025-02-21 21:06:05.752903,,263.99,,2025-02-21 21:06:05.752903,10000.00,SHORT,-0.86,closed
2943,3,2,COIN,263.13,263.24,2025-02-21 21:05:57.485894,2025-02-21 21:06:09.007054,,263.24,,2025-02-21 21:06:09.007054,10000.00,LONG,0.11,closed
2944,1,1,COIN,263.13,263.19,2025-02-21 21:05:57.485894,2025-02-21 21:06:07.255877,,263.19,,2025-02-21 21:06:07.255877,10000.00,LONG,0.06,closed
2945,2,1,COIN,263.58,263.79,2025-02-21 21:06:06.749968,2025-02-21 21:06:11.565568,,263.79,,2025-02-21 21:06:11.565568,10000.00,SHORT,-0.21,closed
2946,4,2,COIN,263.19,263.79,2025-02-21 21:06:07.255877,2025-02-21 21:06:11.565568,,263.79,,2025-02-21 21:06:11.565568,10000.00,SHORT,-0.60,closed
2947,1,1,COIN,263.23,263.36,2025-02-21 21:06:08.756845,2025-02-21 21:06:17.772252,,263.36,,2025-02-21 21:06:17.772252,10000.00,LONG,0.13,closed
2948,7,2,TSLA,352.20,351.82,2025-02-21 21:06:08.507113,2025-02-21 21:07:47.198959,,351.82,,2025-02-21 21:07:47.198959,10000.00,LONG,-0.38,closed
2949,3,2,COIN,263.34,263.36,2025-02-21 21:06:09.758982,2025-02-21 21:06:17.772252,,263.36,,2025-02-21 21:06:17.772252,10000.00,LONG,0.02,closed
2950,2,1,COIN,263.36,263.30,2025-02-21 21:06:17.772252,2025-02-21 21:06:59.355619,,263.30,,2025-02-21 21:06:59.355619,10000.00,SHORT,0.06,closed
2951,4,2,COIN,263.36,263.18,2025-02-21 21:06:17.772252,2025-02-21 21:06:51.589262,,263.18,,2025-02-21 21:06:51.589262,10000.00,SHORT,0.18,closed
2952,1,1,COIN,263.36,263.18,2025-02-21 21:06:17.772252,2025-02-21 21:06:43.825354,,263.18,,2025-02-21 21:06:43.825354,10000.00,LONG,-0.18,closed
2953,3,2,COIN,263.76,263.10,2025-02-21 21:06:19.276752,2025-02-21 21:06:44.326823,,263.10,,2025-02-21 21:06:44.326823,10000.00,LONG,-0.66,closed
2954,1,1,COIN,263.09,262.85,2025-02-21 21:06:44.827074,2025-02-21 21:07:04.370909,,262.85,,2025-02-21 21:07:04.370909,10000.00,LONG,-0.24,closed
2955,3,2,COIN,263.19,262.66,2025-02-21 21:06:45.581574,2025-02-21 21:06:52.594296,,262.66,,2025-02-21 21:06:52.594296,10000.00,LONG,-0.53,closed
2956,4,2,COIN,262.83,263.50,2025-02-21 21:06:53.095993,2025-02-21 21:07:02.362842,,263.50,,2025-02-21 21:07:02.362842,10000.00,SHORT,-0.67,closed
2957,3,2,COIN,262.83,262.85,2025-02-21 21:06:53.594109,2025-02-21 21:07:04.370909,,262.85,,2025-02-21 21:07:04.370909,10000.00,LONG,0.02,closed
2958,2,1,COIN,262.82,263.50,2025-02-21 21:07:01.418810,2025-02-21 21:07:02.362842,,263.50,,2025-02-21 21:07:02.362842,10000.00,SHORT,-0.68,closed
2959,1,1,COIN,262.80,262.71,2025-02-21 21:07:05.367707,2025-02-21 21:07:11.132852,,262.71,,2025-02-21 21:07:11.132852,10000.00,LONG,-0.09,closed
2960,2,1,COIN,262.80,263.49,2025-02-21 21:07:05.367707,2025-02-21 21:07:07.623883,,263.49,,2025-02-21 21:07:07.623883,10000.00,SHORT,-0.69,closed
2961,3,2,COIN,262.80,262.71,2025-02-21 21:07:05.367707,2025-02-21 21:07:11.132852,,262.71,,2025-02-21 21:07:11.132852,10000.00,LONG,-0.09,closed
2962,4,2,COIN,262.80,263.49,2025-02-21 21:07:05.367707,2025-02-21 21:07:07.623883,,263.49,,2025-02-21 21:07:07.623883,10000.00,SHORT,-0.69,closed
2963,2,1,COIN,263.49,263.25,2025-02-21 21:07:07.623883,2025-02-21 21:07:12.883214,,263.25,,2025-02-21 21:07:12.883214,10000.00,SHORT,0.24,closed
2964,4,2,COIN,262.71,263.25,2025-02-21 21:07:11.132852,2025-02-21 21:07:12.883214,,263.25,,2025-02-21 21:07:12.883214,10000.00,SHORT,-0.54,closed
2965,1,1,COIN,262.99,262.64,2025-02-21 21:07:12.381920,2025-02-21 21:07:17.393934,,262.64,,2025-02-21 21:07:17.393934,10000.00,LONG,-0.35,closed
2966,3,2,COIN,263.25,262.53,2025-02-21 21:07:12.883214,2025-02-21 21:07:18.394707,,262.53,,2025-02-21 21:07:18.394707,10000.00,LONG,-0.72,closed
2967,6,1,TSLA,352.10,352.55,2025-02-21 21:07:17.640312,2025-02-21 21:09:13.822254,,352.55,,2025-02-21 21:09:13.822254,10000.00,SHORT,-0.45,closed
2968,2,1,COIN,263.00,263.17,2025-02-21 21:07:17.899352,2025-02-21 21:07:24.407970,,263.17,,2025-02-21 21:07:24.407970,10000.00,SHORT,-0.17,closed
2969,4,2,COIN,262.53,263.17,2025-02-21 21:07:18.394707,2025-02-21 21:07:24.407970,,263.17,,2025-02-21 21:07:24.407970,10000.00,SHORT,-0.64,closed
2970,1,1,COIN,262.53,262.53,2025-02-21 21:07:18.394707,2025-02-21 21:07:28.420228,,262.53,,2025-02-21 21:07:28.420228,10000.00,LONG,0.00,closed
2971,3,2,COIN,262.77,262.53,2025-02-21 21:07:19.143880,2025-02-21 21:07:28.420228,,262.53,,2025-02-21 21:07:28.420228,10000.00,LONG,-0.24,closed
2972,4,2,COIN,263.17,262.88,2025-02-21 21:07:24.407970,2025-02-21 21:07:56.717993,,262.88,,2025-02-21 21:07:56.717993,10000.00,SHORT,0.29,closed
2973,2,1,COIN,262.83,263.00,2025-02-21 21:07:26.910724,2025-02-21 21:08:19.519555,,263.00,,2025-02-21 21:08:19.519555,10000.00,SHORT,-0.17,closed
2974,1,1,COIN,262.53,262.38,2025-02-21 21:07:28.420228,2025-02-21 21:07:55.972588,,262.38,,2025-02-21 21:07:55.972588,10000.00,LONG,-0.15,closed
2975,3,2,COIN,262.53,262.34,2025-02-21 21:07:28.420228,2025-02-21 21:07:53.466486,,262.34,,2025-02-21 21:07:53.466486,10000.00,LONG,-0.19,closed
2976,3,2,COIN,262.60,262.35,2025-02-21 21:07:53.964230,2025-02-21 21:08:06.488187,,262.35,,2025-02-21 21:08:06.488187,10000.00,LONG,-0.25,closed
2977,1,1,COIN,262.88,262.28,2025-02-21 21:07:56.717993,2025-02-21 21:08:06.242658,,262.28,,2025-02-21 21:08:06.242658,10000.00,LONG,-0.60,closed
2978,4,2,COIN,262.35,262.89,2025-02-21 21:08:06.488187,2025-02-21 21:08:22.769455,,262.89,,2025-02-21 21:08:22.769455,10000.00,SHORT,-0.54,closed
2979,1,1,COIN,262.46,262.89,2025-02-21 21:08:06.991057,2025-02-21 21:08:22.769455,,262.89,,2025-02-21 21:08:22.769455,10000.00,LONG,0.43,closed
2980,3,2,COIN,262.46,263.22,2025-02-21 21:08:06.991057,2025-02-21 21:08:40.304440,,263.22,,2025-02-21 21:08:40.304440,10000.00,LONG,0.76,closed
2981,5,1,TSLA,352.18,352.16,2025-02-21 21:08:19.014323,2025-02-21 21:10:31.530957,,352.16,,2025-02-21 21:10:31.530957,10000.00,LONG,-200.00,closed
2982,1,1,COIN,262.92,263.22,2025-02-21 21:08:24.273932,2025-02-21 21:08:40.304440,,263.22,,2025-02-21 21:08:40.304440,10000.00,LONG,0.30,closed
2983,1,1,COIN,263.22,263.09,2025-02-21 21:08:40.304440,2025-02-21 21:09:08.561881,,263.09,,2025-02-21 21:09:08.561881,10000.00,LONG,-0.13,closed
2984,3,2,COIN,263.22,263.05,2025-02-21 21:08:40.304440,2025-02-21 21:09:09.060510,,263.05,,2025-02-21 21:09:09.060510,10000.00,LONG,-0.17,closed
2985,7,2,TSLA,352.41,352.21,2025-02-21 21:08:42.808268,2025-02-21 21:10:35.237956,,352.21,,2025-02-21 21:10:35.237956,10000.00,LONG,-0.20,closed
2986,1,1,COIN,263.60,263.02,2025-02-21 21:09:09.813990,2025-02-21 21:09:12.066281,,263.02,,2025-02-21 21:09:12.066281,10000.00,LONG,-0.58,closed
2987,3,2,COIN,263.60,263.02,2025-02-21 21:09:09.813990,2025-02-21 21:09:12.066281,,263.02,,2025-02-21 21:09:12.066281,10000.00,LONG,-0.58,closed
2988,3,2,COIN,263.35,262.79,2025-02-21 21:09:13.321383,2025-02-21 21:09:41.622702,,262.79,,2025-02-21 21:09:41.622702,10000.00,LONG,-0.56,closed
2989,1,1,COIN,263.25,262.79,2025-02-21 21:09:13.571733,2025-02-21 21:09:41.622702,,262.79,,2025-02-21 21:09:41.622702,10000.00,LONG,-0.46,closed
2990,2,1,COIN,263.11,263.10,2025-02-21 21:09:27.597774,2025-02-21 21:10:12.688559,,263.10,,2025-02-21 21:10:12.688559,10000.00,SHORT,0.01,closed
2991,4,2,COIN,263.03,263.10,2025-02-21 21:09:29.348931,2025-02-21 21:10:12.688559,,263.10,,2025-02-21 21:10:12.688559,10000.00,SHORT,-0.07,closed
2992,6,1,TSLA,352.30,352.80,2025-02-21 21:09:35.111622,2025-02-21 21:10:47.259779,,352.80,,2025-02-21 21:10:47.259779,10000.00,SHORT,-0.50,closed
2993,1,1,COIN,262.80,262.97,2025-02-21 21:09:43.125991,2025-02-21 21:10:19.450409,,262.97,,2025-02-21 21:10:19.450409,10000.00,LONG,0.17,closed
2994,3,2,COIN,262.80,263.03,2025-02-21 21:09:43.125991,2025-02-21 21:10:28.971565,,263.03,,2025-02-21 21:10:28.971565,10000.00,LONG,0.23,closed
2995,1,1,COIN,263.35,263.21,2025-02-21 21:10:20.203127,2025-02-21 21:10:41.992915,,263.21,,2025-02-21 21:10:41.992915,10000.00,LONG,-0.14,closed
2996,3,2,COIN,263.88,263.17,2025-02-21 21:10:29.224695,2025-02-21 21:10:41.245871,,263.17,,2025-02-21 21:10:41.245871,10000.00,LONG,-0.71,closed
2997,2,1,COIN,263.01,263.75,2025-02-21 21:10:30.226425,2025-02-21 21:10:32.729054,,263.75,,2025-02-21 21:10:32.729054,10000.00,SHORT,-0.74,closed
2998,3,2,COIN,263.50,263.64,2025-02-21 21:10:42.244957,2025-02-21 21:11:30.205901,,263.64,,2025-02-21 21:11:30.205901,10000.00,LONG,0.14,closed
2999,5,1,TSLA,352.60,353.21,2025-02-21 21:10:42.748704,2025-02-21 21:12:23.814490,,353.21,,2025-02-21 21:12:23.814490,10000.00,LONG,6100.00,closed
3000,1,1,COIN,263.50,263.40,2025-02-21 21:10:42.244957,2025-02-21 21:11:05.162160,,263.40,,2025-02-21 21:11:05.162160,10000.00,LONG,-0.10,closed
3001,7,2,TSLA,352.88,353.21,2025-02-21 21:10:47.507009,2025-02-21 21:12:24.578810,,353.21,,2025-02-21 21:12:24.578810,10000.00,LONG,0.33,closed
3002,1,1,COIN,263.72,263.64,2025-02-21 21:11:05.656898,2025-02-21 21:11:30.205901,,263.64,,2025-02-21 21:11:30.205901,10000.00,LONG,-0.08,closed
3003,1,1,COIN,263.64,263.55,2025-02-21 21:11:30.205901,2025-02-21 21:11:36.718636,,263.55,,2025-02-21 21:11:36.718636,10000.00,LONG,-0.09,closed
3004,3,2,COIN,263.64,263.55,2025-02-21 21:11:30.205901,2025-02-21 21:11:36.718636,,263.55,,2025-02-21 21:11:36.718636,10000.00,LONG,-0.09,closed
3005,2,1,COIN,263.55,263.80,2025-02-21 21:11:36.718636,2025-02-21 21:12:10.038538,,263.80,,2025-02-21 21:12:10.038538,10000.00,SHORT,-0.25,closed
3006,3,2,COIN,263.65,263.15,2025-02-21 21:11:37.722006,2025-02-21 21:12:12.043252,,263.15,,2025-02-21 21:12:12.043252,10000.00,LONG,-0.50,closed
3007,1,1,COIN,263.55,263.39,2025-02-21 21:11:38.473048,2025-02-21 21:12:19.806644,,263.39,,2025-02-21 21:12:19.806644,10000.00,LONG,-0.16,closed
3008,4,2,COIN,263.47,263.50,2025-02-21 21:12:09.537604,2025-02-21 21:12:53.118295,,263.50,,2025-02-21 21:12:53.118295,10000.00,SHORT,-0.03,closed
3009,2,1,COIN,263.15,263.75,2025-02-21 21:12:12.043252,2025-02-21 21:12:12.544587,,263.75,,2025-02-21 21:12:12.544587,10000.00,SHORT,-0.60,closed
3010,3,2,COIN,263.75,263.39,2025-02-21 21:12:12.544587,2025-02-21 21:12:19.806644,,263.39,,2025-02-21 21:12:19.806644,10000.00,LONG,-0.36,closed
3011,2,1,COIN,263.54,262.78,2025-02-21 21:12:13.794822,2025-02-21 21:14:33.564054,,262.78,,2025-02-21 21:14:33.564054,10000.00,SHORT,0.76,closed
3012,6,1,TSLA,353.61,352.21,2025-02-21 21:12:20.310325,2025-02-21 21:15:53.633975,,352.21,,2025-02-21 21:15:53.633975,10000.00,SHORT,1.40,closed
3013,1,1,COIN,263.39,262.89,2025-02-21 21:12:19.806644,2025-02-21 21:13:19.669173,,262.89,,2025-02-21 21:13:19.669173,10000.00,LONG,-0.50,closed
3014,3,2,COIN,263.39,262.89,2025-02-21 21:12:19.806644,2025-02-21 21:13:19.669173,,262.89,,2025-02-21 21:13:19.669173,10000.00,LONG,-0.50,closed
3015,4,2,COIN,263.09,262.99,2025-02-21 21:13:01.130709,2025-02-21 21:14:33.065726,,262.99,,2025-02-21 21:14:33.065726,10000.00,SHORT,0.10,closed
3016,1,1,COIN,262.84,262.35,2025-02-21 21:13:20.678445,2025-02-21 21:14:06.015615,,262.35,,2025-02-21 21:14:06.015615,10000.00,LONG,-0.49,closed
3017,3,2,COIN,262.84,262.35,2025-02-21 21:13:20.678445,2025-02-21 21:14:06.015615,,262.35,,2025-02-21 21:14:06.015615,10000.00,LONG,-0.49,closed
3018,1,1,COIN,262.35,262.44,2025-02-21 21:14:06.015615,2025-02-21 21:14:34.064970,,262.44,,2025-02-21 21:14:34.064970,10000.00,LONG,0.09,closed
3019,3,2,COIN,262.37,262.34,2025-02-21 21:14:07.265102,2025-02-21 21:14:38.083677,,262.34,,2025-02-21 21:14:38.083677,10000.00,LONG,-0.03,closed
3020,1,1,COIN,262.35,262.34,2025-02-21 21:14:35.570471,2025-02-21 21:14:38.083677,,262.34,,2025-02-21 21:14:38.083677,10000.00,LONG,-0.01,closed
3021,4,2,COIN,262.34,262.98,2025-02-21 21:14:38.083677,2025-02-21 21:14:43.834038,,262.98,,2025-02-21 21:14:43.834038,10000.00,SHORT,-0.64,closed
3022,1,1,COIN,262.74,262.36,2025-02-21 21:14:38.823700,2025-02-21 21:14:57.862766,,262.36,,2025-02-21 21:14:57.862766,10000.00,LONG,-0.38,closed
3023,3,2,COIN,262.74,262.36,2025-02-21 21:14:38.823700,2025-02-21 21:14:57.862766,,262.36,,2025-02-21 21:14:57.862766,10000.00,LONG,-0.38,closed
3024,2,1,COIN,262.36,262.97,2025-02-21 21:14:57.862766,2025-02-21 21:15:16.396257,,262.97,,2025-02-21 21:15:16.396257,10000.00,SHORT,-0.61,closed
3025,1,1,COIN,262.36,262.36,2025-02-21 21:14:57.862766,2025-02-21 21:15:19.148575,,262.36,,2025-02-21 21:15:19.148575,10000.00,LONG,0.00,closed
3026,3,2,COIN,262.36,262.36,2025-02-21 21:14:57.862766,2025-02-21 21:15:19.148575,,262.36,,2025-02-21 21:15:19.148575,10000.00,LONG,0.00,closed
3027,5,1,TSLA,351.93,351.50,2025-02-21 21:15:02.868497,2025-02-21 21:17:19.521502,,351.50,,2025-02-21 21:17:19.521502,10000.00,LONG,-4300.00,closed
3028,2,1,COIN,262.36,262.85,2025-02-21 21:15:17.150151,2025-02-21 21:15:29.672045,,262.85,,2025-02-21 21:15:29.672045,10000.00,SHORT,-0.49,closed
3029,1,1,COIN,262.36,262.37,2025-02-21 21:15:19.148575,2025-02-21 21:15:22.158668,,262.37,,2025-02-21 21:15:22.158668,10000.00,LONG,0.01,closed
3030,3,2,COIN,262.36,262.39,2025-02-21 21:15:19.148575,2025-02-21 21:15:25.661043,,262.39,,2025-02-21 21:15:25.661043,10000.00,LONG,0.03,closed
3031,1,1,COIN,262.38,262.39,2025-02-21 21:15:24.159180,2025-02-21 21:15:25.661043,,262.39,,2025-02-21 21:15:25.661043,10000.00,LONG,0.01,closed
3032,1,1,COIN,262.39,262.62,2025-02-21 21:15:25.661043,2025-02-21 21:16:46.213284,,262.62,,2025-02-21 21:16:46.213284,10000.00,LONG,0.23,closed
3033,3,2,COIN,262.39,262.62,2025-02-21 21:15:25.661043,2025-02-21 21:16:46.213284,,262.62,,2025-02-21 21:16:46.213284,10000.00,LONG,0.23,closed
3034,2,1,COIN,262.22,262.87,2025-02-21 21:15:39.436685,2025-02-21 21:15:51.879035,,262.87,,2025-02-21 21:15:51.879035,10000.00,SHORT,-0.65,closed
3035,4,2,COIN,262.42,262.98,2025-02-21 21:15:44.714116,2025-02-21 21:15:56.137535,,262.98,,2025-02-21 21:15:56.137535,10000.00,SHORT,-0.56,closed
3036,7,2,TSLA,352.20,351.47,2025-02-21 21:15:52.234412,2025-02-21 21:17:19.019175,,351.47,,2025-02-21 21:17:19.019175,10000.00,LONG,-0.73,closed
3037,6,1,TSLA,351.92,352.17,2025-02-21 21:16:09.156933,2025-02-21 21:19:31.553248,,352.17,,2025-02-21 21:19:31.553248,10000.00,SHORT,-0.25,closed
3038,2,1,COIN,262.62,262.65,2025-02-21 21:16:46.213284,2025-02-21 21:17:25.534006,,262.65,,2025-02-21 21:17:25.534006,10000.00,SHORT,-0.03,closed
3039,1,1,COIN,262.64,262.26,2025-02-21 21:16:47.968221,2025-02-21 21:17:11.262004,,262.26,,2025-02-21 21:17:11.262004,10000.00,LONG,-0.38,closed
3040,3,2,COIN,262.64,262.26,2025-02-21 21:16:47.968221,2025-02-21 21:17:11.262004,,262.26,,2025-02-21 21:17:11.262004,10000.00,LONG,-0.38,closed
3041,4,2,COIN,262.50,262.67,2025-02-21 21:17:04.745410,2025-02-21 21:18:02.598503,,262.67,,2025-02-21 21:18:02.598503,10000.00,SHORT,-0.17,closed
3042,1,1,COIN,262.69,262.10,2025-02-21 21:17:12.260588,2025-02-21 21:17:40.056734,,262.10,,2025-02-21 21:17:40.056734,10000.00,LONG,-0.59,closed
3043,3,2,COIN,262.20,262.10,2025-02-21 21:17:12.513671,2025-02-21 21:17:40.056734,,262.10,,2025-02-21 21:17:40.056734,10000.00,LONG,-0.10,closed
3044,5,1,TSLA,352.09,351.46,2025-02-21 21:17:26.532399,2025-02-21 21:18:32.395713,,351.46,,2025-02-21 21:18:32.395713,10000.00,LONG,-6300.00,closed
3045,2,1,COIN,262.65,262.95,2025-02-21 21:17:25.534006,2025-02-21 21:18:02.347921,,262.95,,2025-02-21 21:18:02.347921,10000.00,SHORT,-0.30,closed
3046,1,1,COIN,262.52,262.93,2025-02-21 21:17:40.809083,2025-02-21 21:20:04.802276,,262.93,,2025-02-21 21:20:04.802276,10000.00,LONG,0.41,closed
3047,3,2,COIN,262.27,262.93,2025-02-21 21:17:41.811700,2025-02-21 21:20:04.802276,,262.93,,2025-02-21 21:20:04.802276,10000.00,LONG,0.66,closed
3048,5,1,TSLA,351.69,351.38,2025-02-21 21:18:43.163348,2025-02-21 21:20:45.872092,,351.38,,2025-02-21 21:20:45.872092,10000.00,LONG,-3100.00,closed
3049,2,1,COIN,262.70,263.42,2025-02-21 21:19:07.209021,2025-02-21 21:19:25.990586,,263.42,,2025-02-21 21:19:25.990586,10000.00,SHORT,-0.72,closed
3050,7,2,TSLA,351.94,351.38,2025-02-21 21:19:25.988587,2025-02-21 21:20:45.872092,,351.38,,2025-02-21 21:20:45.872092,10000.00,LONG,-0.56,closed
3051,2,1,COIN,262.72,260.39,2025-02-21 21:20:03.801913,2025-02-21 21:22:57.101400,,260.39,,2025-02-21 21:22:57.101400,10000.00,SHORT,2.33,closed
3052,6,1,TSLA,351.74,351.66,2025-02-21 21:20:04.048804,2025-02-21 21:23:35.451382,,351.66,,2025-02-21 21:23:35.451382,10000.00,SHORT,0.08,closed
3053,3,2,COIN,262.58,262.32,2025-02-21 21:20:06.307117,2025-02-21 21:20:12.819435,,262.32,,2025-02-21 21:20:12.819435,10000.00,LONG,-0.26,closed
3054,1,1,COIN,262.58,262.32,2025-02-21 21:20:06.307117,2025-02-21 21:20:12.819435,,262.32,,2025-02-21 21:20:12.819435,10000.00,LONG,-0.26,closed
3055,4,2,COIN,262.57,260.42,2025-02-21 21:20:12.063676,2025-02-21 21:22:37.564280,,260.42,,2025-02-21 21:22:37.564280,10000.00,SHORT,2.15,closed
3056,3,2,COIN,262.61,261.90,2025-02-21 21:20:13.819147,2025-02-21 21:20:28.592015,,261.90,,2025-02-21 21:20:28.592015,10000.00,LONG,-0.71,closed
3057,1,1,COIN,262.61,261.90,2025-02-21 21:20:13.819147,2025-02-21 21:20:28.592015,,261.90,,2025-02-21 21:20:28.592015,10000.00,LONG,-0.71,closed
3058,3,2,COIN,261.90,261.14,2025-02-21 21:20:28.592015,2025-02-21 21:21:27.442253,,261.14,,2025-02-21 21:21:27.442253,10000.00,LONG,-0.76,closed
3059,1,1,COIN,261.90,261.14,2025-02-21 21:20:28.592015,2025-02-21 21:21:27.442253,,261.14,,2025-02-21 21:21:27.442253,10000.00,LONG,-0.76,closed
3060,5,1,TSLA,351.45,350.88,2025-02-21 21:21:18.428054,2025-02-21 21:24:05.257624,,350.88,,2025-02-21 21:24:05.257624,10000.00,LONG,-5700.00,closed
3061,3,2,COIN,261.33,260.88,2025-02-21 21:21:27.942667,2025-02-21 21:21:36.461449,,260.88,,2025-02-21 21:21:36.461449,10000.00,LONG,-0.45,closed
3062,1,1,COIN,261.10,260.88,2025-02-21 21:21:28.444469,2025-02-21 21:21:36.461449,,260.88,,2025-02-21 21:21:36.461449,10000.00,LONG,-0.22,closed
3063,3,2,COIN,260.88,260.59,2025-02-21 21:21:36.972823,2025-02-21 21:21:52.487186,,260.59,,2025-02-21 21:21:52.487186,10000.00,LONG,-0.29,closed
3064,1,1,COIN,260.88,260.40,2025-02-21 21:21:36.972823,2025-02-21 21:21:52.735137,,260.40,,2025-02-21 21:21:52.735137,10000.00,LONG,-0.48,closed
3065,3,2,COIN,260.37,260.15,2025-02-21 21:21:53.240957,2025-02-21 21:22:02.752710,,260.15,,2025-02-21 21:22:02.752710,10000.00,LONG,-0.22,closed
3066,1,1,COIN,260.44,260.15,2025-02-21 21:21:53.735013,2025-02-21 21:22:02.752710,,260.15,,2025-02-21 21:22:02.752710,10000.00,LONG,-0.29,closed
3067,3,2,COIN,260.30,260.11,2025-02-21 21:22:03.249992,2025-02-21 21:22:10.765060,,260.11,,2025-02-21 21:22:10.765060,10000.00,LONG,-0.19,closed
3068,1,1,COIN,260.30,260.11,2025-02-21 21:22:03.249992,2025-02-21 21:22:10.765060,,260.11,,2025-02-21 21:22:10.765060,10000.00,LONG,-0.19,closed
3069,3,2,COIN,260.37,259.89,2025-02-21 21:22:11.266223,2025-02-21 21:22:48.078534,,259.89,,2025-02-21 21:22:48.078534,10000.00,LONG,-0.48,closed
3070,1,1,COIN,260.37,259.86,2025-02-21 21:22:11.266223,2025-02-21 21:22:22.037166,,259.86,,2025-02-21 21:22:22.037166,10000.00,LONG,-0.51,closed
3071,1,1,COIN,259.96,259.89,2025-02-21 21:22:22.786079,2025-02-21 21:22:48.078534,,259.89,,2025-02-21 21:22:48.078534,10000.00,LONG,-0.07,closed
3072,4,2,COIN,260.25,260.39,2025-02-21 21:22:39.563199,2025-02-21 21:22:57.101400,,260.39,,2025-02-21 21:22:57.101400,10000.00,SHORT,-0.14,closed
3073,3,2,COIN,259.83,259.85,2025-02-21 21:22:48.582294,2025-02-21 21:23:02.101153,,259.85,,2025-02-21 21:23:02.101153,10000.00,LONG,0.02,closed
3074,1,1,COIN,259.83,259.85,2025-02-21 21:22:48.582294,2025-02-21 21:23:02.101153,,259.85,,2025-02-21 21:23:02.101153,10000.00,LONG,0.02,closed
3075,4,2,COIN,260.39,260.28,2025-02-21 21:22:57.101400,2025-02-21 21:23:16.879559,,260.28,,2025-02-21 21:23:16.879559,10000.00,SHORT,0.11,closed
3076,2,1,COIN,259.97,260.28,2025-02-21 21:22:58.348047,2025-02-21 21:23:16.879559,,260.28,,2025-02-21 21:23:16.879559,10000.00,SHORT,-0.31,closed
3077,3,2,COIN,259.85,259.59,2025-02-21 21:23:02.101153,2025-02-21 21:23:44.467457,,259.59,,2025-02-21 21:23:44.467457,10000.00,LONG,-0.26,closed
3078,1,1,COIN,259.85,259.50,2025-02-21 21:23:02.101153,2025-02-21 21:23:42.964152,,259.50,,2025-02-21 21:23:42.964152,10000.00,LONG,-0.35,closed
3079,4,2,COIN,259.70,259.23,2025-02-21 21:23:24.390364,2025-02-21 21:24:42.320456,,259.23,,2025-02-21 21:24:42.320456,10000.00,SHORT,0.47,closed
3080,2,1,COIN,259.85,259.23,2025-02-21 21:23:28.939550,2025-02-21 21:24:42.320456,,259.23,,2025-02-21 21:24:42.320456,10000.00,SHORT,0.62,closed
3081,7,2,TSLA,351.43,350.88,2025-02-21 21:23:29.940082,2025-02-21 21:24:05.257624,,350.88,,2025-02-21 21:24:05.257624,10000.00,LONG,-0.55,closed
3082,1,1,COIN,259.61,259.06,2025-02-21 21:23:43.965345,2025-02-21 21:24:14.266076,,259.06,,2025-02-21 21:24:14.266076,10000.00,LONG,-0.55,closed
3083,3,2,COIN,259.53,259.06,2025-02-21 21:23:45.467417,2025-02-21 21:24:14.018094,,259.06,,2025-02-21 21:24:14.018094,10000.00,LONG,-0.47,closed
3084,6,1,TSLA,351.19,351.57,2025-02-21 21:23:50.476943,2025-02-21 21:25:19.385282,,351.57,,2025-02-21 21:25:19.385282,10000.00,SHORT,-0.38,closed
3085,3,2,COIN,259.25,258.75,2025-02-21 21:24:15.022309,2025-02-21 21:24:32.300662,,258.75,,2025-02-21 21:24:32.300662,10000.00,LONG,-0.50,closed
3086,1,1,COIN,259.26,258.75,2025-02-21 21:24:15.272668,2025-02-21 21:24:32.300662,,258.75,,2025-02-21 21:24:32.300662,10000.00,LONG,-0.51,closed
3087,5,1,TSLA,351.18,350.87,2025-02-21 21:24:17.527984,2025-02-21 21:25:58.954708,,350.87,,2025-02-21 21:25:58.954708,10000.00,LONG,-3100.00,closed
3088,3,2,COIN,258.85,258.64,2025-02-21 21:24:33.310763,2025-02-21 21:25:30.909659,,258.64,,2025-02-21 21:25:30.909659,10000.00,LONG,-0.21,closed
3089,1,1,COIN,258.85,258.65,2025-02-21 21:24:33.310763,2025-02-21 21:24:58.849489,,258.65,,2025-02-21 21:24:58.849489,10000.00,LONG,-0.20,closed
3090,2,1,COIN,259.00,259.24,2025-02-21 21:24:44.073613,2025-02-21 21:25:17.388150,,259.24,,2025-02-21 21:25:17.388150,10000.00,SHORT,-0.24,closed
3091,4,2,COIN,259.00,258.16,2025-02-21 21:24:44.073613,2025-02-21 21:26:28.506962,,258.16,,2025-02-21 21:26:28.506962,10000.00,SHORT,0.84,closed
3092,1,1,COIN,259.00,258.64,2025-02-21 21:24:59.855222,2025-02-21 21:25:30.909659,,258.64,,2025-02-21 21:25:30.909659,10000.00,LONG,-0.36,closed
3093,7,2,TSLA,351.29,350.77,2025-02-21 21:25:07.867882,2025-02-21 21:25:58.704674,,350.77,,2025-02-21 21:25:58.704674,10000.00,LONG,-0.52,closed
3094,2,1,COIN,258.66,258.16,2025-02-21 21:25:30.659723,2025-02-21 21:26:28.506962,,258.16,,2025-02-21 21:26:28.506962,10000.00,SHORT,0.50,closed
3095,3,2,COIN,258.54,258.40,2025-02-21 21:25:31.909946,2025-02-21 21:25:50.189493,,258.40,,2025-02-21 21:25:50.189493,10000.00,LONG,-0.14,closed
3096,1,1,COIN,258.53,258.40,2025-02-21 21:25:32.410522,2025-02-21 21:25:50.189493,,258.40,,2025-02-21 21:25:50.189493,10000.00,LONG,-0.13,closed
3097,3,2,COIN,258.26,257.80,2025-02-21 21:25:51.192327,2025-02-21 21:26:07.219814,,257.80,,2025-02-21 21:26:07.219814,10000.00,LONG,-0.46,closed
3098,1,1,COIN,258.26,257.80,2025-02-21 21:25:51.192327,2025-02-21 21:26:03.719075,,257.80,,2025-02-21 21:26:03.719075,10000.00,LONG,-0.46,closed
3099,6,1,TSLA,350.81,347.16,2025-02-21 21:25:57.204115,2025-02-21 21:32:18.618083,,347.16,,2025-02-21 21:32:18.618083,10000.00,SHORT,3.65,closed
3100,1,1,COIN,257.82,258.29,2025-02-21 21:26:04.714829,2025-02-21 21:27:12.337105,,258.29,,2025-02-21 21:27:12.337105,10000.00,LONG,0.47,closed
3101,3,2,COIN,257.77,258.27,2025-02-21 21:26:08.225546,2025-02-21 21:27:12.839627,,258.27,,2025-02-21 21:27:12.839627,10000.00,LONG,0.50,closed
3102,2,1,COIN,258.26,258.92,2025-02-21 21:26:44.538158,2025-02-21 21:26:58.814943,,258.92,,2025-02-21 21:26:58.814943,10000.00,SHORT,-0.66,closed
3103,5,1,TSLA,350.67,349.98,2025-02-21 21:27:00.815929,2025-02-21 21:27:12.833628,,349.98,,2025-02-21 21:27:12.833628,10000.00,LONG,-6900.00,closed
3104,7,2,TSLA,350.61,349.88,2025-02-21 21:27:03.572400,2025-02-21 21:27:31.869136,,349.88,,2025-02-21 21:27:31.869136,10000.00,LONG,-0.73,closed
3105,1,1,COIN,258.24,258.34,2025-02-21 21:27:13.603329,2025-02-21 21:27:51.650555,,258.34,,2025-02-21 21:27:51.650555,10000.00,LONG,0.10,closed
3106,3,2,COIN,258.21,258.34,2025-02-21 21:27:14.089641,2025-02-21 21:28:19.950451,,258.34,,2025-02-21 21:28:19.950451,10000.00,LONG,0.13,closed
3107,2,1,COIN,257.90,258.30,2025-02-21 21:27:21.849291,2025-02-21 21:27:39.382807,,258.30,,2025-02-21 21:27:39.382807,10000.00,SHORT,-0.40,closed
3108,4,2,COIN,257.88,258.39,2025-02-21 21:27:29.113050,2025-02-21 21:27:43.389266,,258.39,,2025-02-21 21:27:43.389266,10000.00,SHORT,-0.51,closed
3109,2,1,COIN,258.06,258.80,2025-02-21 21:27:45.393863,2025-02-21 21:27:49.398825,,258.80,,2025-02-21 21:27:49.398825,10000.00,SHORT,-0.74,closed
3110,4,2,COIN,258.06,258.80,2025-02-21 21:27:45.393863,2025-02-21 21:27:49.398825,,258.80,,2025-02-21 21:27:49.398825,10000.00,SHORT,-0.74,closed
3111,1,1,COIN,258.67,258.34,2025-02-21 21:27:52.903394,2025-02-21 21:28:19.950451,,258.34,,2025-02-21 21:28:19.950451,10000.00,LONG,-0.33,closed
3112,2,1,COIN,258.55,258.49,2025-02-21 21:28:05.676701,2025-02-21 21:30:36.933838,,258.49,,2025-02-21 21:30:36.933838,10000.00,SHORT,0.06,closed
3113,1,1,COIN,258.36,258.33,2025-02-21 21:28:20.949610,2025-02-21 21:29:23.807482,,258.33,,2025-02-21 21:29:23.807482,10000.00,LONG,-0.03,closed
3114,3,2,COIN,258.36,258.27,2025-02-21 21:28:20.949610,2025-02-21 21:29:29.320935,,258.27,,2025-02-21 21:29:29.320935,10000.00,LONG,-0.09,closed
3115,1,1,COIN,258.47,257.90,2025-02-21 21:29:24.811560,2025-02-21 21:30:17.655578,,257.90,,2025-02-21 21:30:17.655578,10000.00,LONG,-0.57,closed
3116,4,2,COIN,258.27,258.49,2025-02-21 21:29:29.320935,2025-02-21 21:30:36.933838,,258.49,,2025-02-21 21:30:36.933838,10000.00,SHORT,-0.22,closed
3117,3,2,COIN,258.05,257.90,2025-02-21 21:29:29.817498,2025-02-21 21:30:17.655578,,257.90,,2025-02-21 21:30:17.655578,10000.00,LONG,-0.15,closed
3118,1,1,COIN,257.90,258.84,2025-02-21 21:30:17.655578,2025-02-21 21:31:51.818347,,258.84,,2025-02-21 21:31:51.818347,10000.00,LONG,0.94,closed
3119,3,2,COIN,257.90,258.83,2025-02-21 21:30:17.655578,2025-02-21 21:31:44.054848,,258.83,,2025-02-21 21:31:44.054848,10000.00,LONG,0.93,closed
3120,2,1,COIN,258.33,258.89,2025-02-21 21:30:42.286917,2025-02-21 21:30:52.592231,,258.89,,2025-02-21 21:30:52.592231,10000.00,SHORT,-0.56,closed
3121,3,2,COIN,259.21,258.72,2025-02-21 21:31:45.055028,2025-02-21 21:32:11.350913,,258.72,,2025-02-21 21:32:11.350913,10000.00,LONG,-0.49,closed
3122,1,1,COIN,259.03,258.70,2025-02-21 21:31:52.816796,2025-02-21 21:32:09.853216,,258.70,,2025-02-21 21:32:09.853216,10000.00,LONG,-0.33,closed
3123,2,1,COIN,258.87,259.15,2025-02-21 21:32:00.331471,2025-02-21 21:32:39.651564,,259.15,,2025-02-21 21:32:39.651564,10000.00,SHORT,-0.28,closed
3124,1,1,COIN,258.90,258.33,2025-02-21 21:32:10.100917,2025-02-21 21:32:27.629847,,258.33,,2025-02-21 21:32:27.629847,10000.00,LONG,-0.57,closed
3125,3,2,COIN,258.72,,2025-02-21 21:32:11.350913,,,,,,10000.00,LONG,,open
3126,4,2,COIN,258.56,259.15,2025-02-21 21:32:14.607473,2025-02-21 21:32:39.651564,,259.15,,2025-02-21 21:32:39.651564,10000.00,SHORT,-0.59,closed
3127,6,1,TSLA,346.83,346.59,2025-02-21 21:32:28.881441,2025-02-21 21:35:03.713238,,346.59,,2025-02-21 21:35:03.713238,10000.00,SHORT,0.24,closed
3128,1,1,COIN,258.58,258.70,2025-02-21 21:32:29.130833,2025-02-21 21:33:20.779003,,258.70,,2025-02-21 21:33:20.779003,10000.00,LONG,0.12,closed
3129,5,1,TSLA,347.04,,2025-02-21 21:32:30.885663,,,,,,10000.00,LONG,,open
3130,3,2,COIN,258.66,,2025-02-21 21:32:35.891681,,,,,,10000.00,LONG,,open
3131,2,1,COIN,258.75,258.70,2025-02-21 21:32:53.985201,2025-02-21 21:34:05.855673,,258.70,,2025-02-21 21:34:05.855673,10000.00,SHORT,0.05,closed
3132,3,2,COIN,259.09,258.70,2025-02-21 21:32:58.492111,2025-02-21 21:33:20.779003,,258.70,,2025-02-21 21:33:20.779003,10000.00,LONG,-0.39,closed
3133,1,1,COIN,258.91,258.35,2025-02-21 21:33:21.781527,2025-02-21 21:33:32.297882,,258.35,,2025-02-21 21:33:32.297882,10000.00,LONG,-0.56,closed
3134,3,2,COIN,258.91,258.35,2025-02-21 21:33:21.781527,2025-02-21 21:33:32.297882,,258.35,,2025-02-21 21:33:32.297882,10000.00,LONG,-0.56,closed
3135,4,2,COIN,258.35,258.70,2025-02-21 21:33:32.297882,2025-02-21 21:34:05.855673,,258.70,,2025-02-21 21:34:05.855673,10000.00,SHORT,-0.35,closed
3136,1,1,COIN,258.48,258.56,2025-02-21 21:33:33.554691,2025-02-21 21:34:30.148751,,258.56,,2025-02-21 21:34:30.148751,10000.00,LONG,0.08,closed
3137,3,2,COIN,258.42,258.96,2025-02-21 21:33:34.049351,2025-02-21 21:35:28.751793,,258.96,,2025-02-21 21:35:28.751793,10000.00,LONG,0.54,closed
3138,1,1,COIN,258.82,258.96,2025-02-21 21:34:30.649399,2025-02-21 21:35:28.751793,,258.96,,2025-02-21 21:35:28.751793,10000.00,LONG,0.14,closed
3139,7,2,TSLA,346.36,,2025-02-21 21:35:01.207117,,,345.93,,2025-02-21 22:33:35.042064,10000.00,LONG,,pending_exit
3140,1,1,COIN,258.96,258.57,2025-02-21 21:35:28.751793,2025-02-21 21:36:01.868544,,258.57,,2025-02-21 21:36:01.868544,10000.00,LONG,-0.39,closed
3141,3,2,COIN,258.96,258.57,2025-02-21 21:35:28.751793,2025-02-21 21:36:01.868544,,258.57,,2025-02-21 21:36:01.868544,10000.00,LONG,-0.39,closed
3142,2,1,COIN,258.79,258.72,2025-02-21 21:35:32.007686,2025-02-21 21:36:50.778517,,258.72,,2025-02-21 21:36:50.778517,10000.00,SHORT,0.07,closed
3143,4,2,COIN,258.72,258.72,2025-02-21 21:35:48.855015,2025-02-21 21:36:50.778517,,258.72,,2025-02-21 21:36:50.778517,10000.00,SHORT,0.00,closed
3144,6,1,TSLA,346.23,346.97,2025-02-21 21:35:53.366363,2025-02-21 21:36:21.726282,,346.97,,2025-02-21 21:36:21.726282,10000.00,SHORT,-0.74,closed
3145,1,1,COIN,258.94,258.21,2025-02-21 21:36:03.370766,2025-02-21 21:36:28.740758,,258.21,,2025-02-21 21:36:28.740758,10000.00,LONG,-0.73,closed
3146,3,2,COIN,258.89,258.21,2025-02-21 21:36:03.617573,2025-02-21 21:36:28.740758,,258.21,,2025-02-21 21:36:28.740758,10000.00,LONG,-0.68,closed
3147,1,1,COIN,258.21,258.30,2025-02-21 21:36:28.740758,2025-02-21 21:37:15.071279,,258.30,,2025-02-21 21:37:15.071279,10000.00,LONG,0.09,closed
3148,3,2,COIN,258.39,258.30,2025-02-21 21:36:29.990845,2025-02-21 21:37:15.071279,,258.30,,2025-02-21 21:37:15.071279,10000.00,LONG,-0.09,closed
3149,6,1,TSLA,346.65,347.42,2025-02-21 21:36:42.011904,2025-02-21 21:37:53.649514,,347.42,,2025-02-21 21:37:53.649514,10000.00,SHORT,-0.77,closed
3150,2,1,COIN,258.64,258.64,2025-02-21 21:37:05.802560,2025-02-21 21:37:53.393771,,258.64,,2025-02-21 21:37:53.393771,10000.00,SHORT,0.00,closed
3151,4,2,COIN,258.30,258.64,2025-02-21 21:37:15.071279,2025-02-21 21:37:53.393771,,258.64,,2025-02-21 21:37:53.393771,10000.00,SHORT,-0.34,closed
3152,1,1,COIN,258.17,258.45,2025-02-21 21:37:16.327965,2025-02-21 21:39:01.558848,,258.45,,2025-02-21 21:39:01.558848,10000.00,LONG,0.28,closed
3153,3,2,COIN,258.17,258.45,2025-02-21 21:37:16.327965,2025-02-21 21:39:01.558848,,258.45,,2025-02-21 21:39:01.558848,10000.00,LONG,0.28,closed
3154,2,1,COIN,258.36,258.84,2025-02-21 21:38:05.417115,2025-02-21 21:38:19.695829,,258.84,,2025-02-21 21:38:19.695829,10000.00,SHORT,-0.48,closed
3155,4,2,COIN,258.36,258.84,2025-02-21 21:38:05.417115,2025-02-21 21:38:19.695829,,258.84,,2025-02-21 21:38:19.695829,10000.00,SHORT,-0.48,closed
3156,6,1,TSLA,346.89,347.59,2025-02-21 21:38:05.667820,2025-02-21 21:38:51.538654,,347.59,,2025-02-21 21:38:51.538654,10000.00,SHORT,-0.70,closed
3157,6,1,TSLA,347.33,347.47,2025-02-21 21:38:56.734632,2025-02-21 21:39:42.070690,,347.47,,2025-02-21 21:39:42.070690,10000.00,SHORT,-0.14,closed
3158,2,1,COIN,258.45,258.35,2025-02-21 21:39:01.558848,2025-02-21 21:39:37.561760,,258.35,,2025-02-21 21:39:37.561760,10000.00,SHORT,0.10,closed
3159,3,2,COIN,258.80,258.02,2025-02-21 21:39:02.497008,2025-02-21 21:39:13.514912,,258.02,,2025-02-21 21:39:13.514912,10000.00,LONG,-0.78,closed
3160,1,1,COIN,258.80,258.02,2025-02-21 21:39:02.497008,2025-02-21 21:39:13.514912,,258.02,,2025-02-21 21:39:13.514912,10000.00,LONG,-0.78,closed
3161,4,2,COIN,257.92,258.35,2025-02-21 21:39:13.269382,2025-02-21 21:39:37.561760,,258.35,,2025-02-21 21:39:37.561760,10000.00,SHORT,-0.43,closed
3162,3,2,COIN,258.07,257.61,2025-02-21 21:39:14.518317,2025-02-21 21:40:11.121117,,257.61,,2025-02-21 21:40:11.121117,10000.00,LONG,-0.46,closed
3163,1,1,COIN,258.07,257.61,2025-02-21 21:39:14.518317,2025-02-21 21:40:11.121117,,257.61,,2025-02-21 21:40:11.121117,10000.00,LONG,-0.46,closed
3164,4,2,COIN,257.87,257.84,2025-02-21 21:39:51.836765,2025-02-21 21:40:22.146141,,257.84,,2025-02-21 21:40:22.146141,10000.00,SHORT,0.03,closed
3165,2,1,COIN,257.87,257.84,2025-02-21 21:39:51.836765,2025-02-21 21:40:22.146141,,257.84,,2025-02-21 21:40:22.146141,10000.00,SHORT,0.03,closed
3166,6,1,TSLA,347.17,347.46,2025-02-21 21:39:53.342155,2025-02-21 21:40:25.652226,,347.46,,2025-02-21 21:40:25.652226,10000.00,SHORT,-0.29,closed
3167,3,2,COIN,257.48,257.29,2025-02-21 21:40:12.373278,2025-02-21 21:40:39.426044,,257.29,,2025-02-21 21:40:39.426044,10000.00,LONG,-0.19,closed
3168,1,1,COIN,257.48,257.29,2025-02-21 21:40:12.373278,2025-02-21 21:40:39.426044,,257.29,,2025-02-21 21:40:39.426044,10000.00,LONG,-0.19,closed
3169,2,1,COIN,257.50,257.56,2025-02-21 21:40:23.395373,2025-02-21 21:41:09.728792,,257.56,,2025-02-21 21:41:09.728792,10000.00,SHORT,-0.06,closed
3170,4,2,COIN,257.57,257.56,2025-02-21 21:40:25.150381,2025-02-21 21:41:09.728792,,257.56,,2025-02-21 21:41:09.728792,10000.00,SHORT,0.01,closed
3171,6,1,TSLA,347.33,347.59,2025-02-21 21:40:37.925120,2025-02-21 21:42:34.888544,,347.59,,2025-02-21 21:42:34.888544,10000.00,SHORT,-0.26,closed
3172,3,2,COIN,257.54,257.11,2025-02-21 21:40:40.678529,2025-02-21 21:41:13.989924,,257.11,,2025-02-21 21:41:13.989924,10000.00,LONG,-0.43,closed
3173,1,1,COIN,257.54,256.97,2025-02-21 21:40:40.678529,2025-02-21 21:41:23.006402,,256.97,,2025-02-21 21:41:23.006402,10000.00,LONG,-0.57,closed
3174,4,2,COIN,257.00,257.23,2025-02-21 21:41:14.737179,2025-02-21 21:42:08.339822,,257.23,,2025-02-21 21:42:08.339822,10000.00,SHORT,-0.23,closed
3175,2,1,COIN,257.00,257.23,2025-02-21 21:41:14.737179,2025-02-21 21:42:08.339822,,257.23,,2025-02-21 21:42:08.339822,10000.00,SHORT,-0.23,closed
3176,3,2,COIN,257.08,256.81,2025-02-21 21:41:15.238421,2025-02-21 21:41:26.258882,,256.81,,2025-02-21 21:41:26.258882,10000.00,LONG,-0.27,closed
3177,1,1,COIN,256.95,256.92,2025-02-21 21:41:24.005258,2025-02-21 21:42:33.631103,,256.92,,2025-02-21 21:42:33.631103,10000.00,LONG,-0.03,closed
3178,3,2,COIN,256.97,256.92,2025-02-21 21:41:27.012544,2025-02-21 21:42:33.631103,,256.92,,2025-02-21 21:42:33.631103,10000.00,LONG,-0.05,closed
3179,2,1,COIN,256.92,255.66,2025-02-21 21:42:33.631103,2025-02-21 21:45:28.732843,,255.66,,2025-02-21 21:45:28.732843,10000.00,SHORT,1.26,closed
3180,5,1,TSLA,347.59,346.88,2025-02-21 21:42:34.888544,2025-02-21 21:43:13.461570,,346.88,,2025-02-21 21:43:13.461570,10000.00,LONG,-20.43,closed
3181,3,2,COIN,256.92,256.94,2025-02-21 21:42:35.134067,2025-02-21 21:42:36.637464,,256.94,,2025-02-21 21:42:36.637464,10000.00,LONG,0.02,closed
3182,1,1,COIN,256.92,256.94,2025-02-21 21:42:35.134067,2025-02-21 21:42:36.637464,,256.94,,2025-02-21 21:42:36.637464,10000.00,LONG,0.02,closed
3183,3,2,COIN,256.94,256.75,2025-02-21 21:42:36.637464,2025-02-21 21:43:07.446886,,256.75,,2025-02-21 21:43:07.446886,10000.00,LONG,-0.19,closed
3184,1,1,COIN,256.94,256.75,2025-02-21 21:42:36.637464,2025-02-21 21:43:07.446886,,256.75,,2025-02-21 21:43:07.446886,10000.00,LONG,-0.19,closed
3185,3,2,COIN,256.42,255.94,2025-02-21 21:43:08.453165,2025-02-21 21:43:21.236673,,255.94,,2025-02-21 21:43:21.236673,10000.00,LONG,-0.48,closed
3186,1,1,COIN,256.42,255.94,2025-02-21 21:43:08.453165,2025-02-21 21:43:21.236673,,255.94,,2025-02-21 21:43:21.236673,10000.00,LONG,-0.48,closed
3187,4,2,COIN,256.40,255.44,2025-02-21 21:43:08.949856,2025-02-21 21:45:25.222021,,255.44,,2025-02-21 21:45:25.222021,10000.00,SHORT,0.96,closed
3188,6,1,TSLA,347.03,345.65,2025-02-21 21:43:10.707518,2025-02-21 21:45:39.510167,,345.65,,2025-02-21 21:45:39.510167,10000.00,SHORT,1.38,closed
3189,3,2,COIN,255.97,255.80,2025-02-21 21:43:22.227989,2025-02-21 21:43:37.757864,,255.80,,2025-02-21 21:43:37.757864,10000.00,LONG,-0.17,closed
3190,1,1,COIN,255.97,255.80,2025-02-21 21:43:22.227989,2025-02-21 21:43:33.748706,,255.80,,2025-02-21 21:43:33.748706,10000.00,LONG,-0.17,closed
3191,1,1,COIN,256.11,255.72,2025-02-21 21:43:34.000784,2025-02-21 21:44:04.062278,,255.72,,2025-02-21 21:44:04.062278,10000.00,LONG,-0.39,closed
3192,3,2,COIN,255.80,255.72,2025-02-21 21:43:37.757864,2025-02-21 21:44:04.062278,,255.72,,2025-02-21 21:44:04.062278,10000.00,LONG,-0.08,closed
3193,3,2,COIN,255.74,255.18,2025-02-21 21:44:05.064735,2025-02-21 21:45:06.181937,,255.18,,2025-02-21 21:45:06.181937,10000.00,LONG,-0.56,closed
3194,1,1,COIN,255.74,255.18,2025-02-21 21:44:05.064735,2025-02-21 21:45:06.181937,,255.18,,2025-02-21 21:45:06.181937,10000.00,LONG,-0.56,closed
3195,3,2,COIN,255.23,255.12,2025-02-21 21:45:07.685811,2025-02-21 21:45:25.727371,,255.12,,2025-02-21 21:45:25.727371,10000.00,LONG,-0.11,closed
3196,1,1,COIN,255.23,255.12,2025-02-21 21:45:07.685811,2025-02-21 21:45:25.727371,,255.12,,2025-02-21 21:45:25.727371,10000.00,LONG,-0.11,closed
3197,3,2,COIN,255.43,255.84,2025-02-21 21:45:26.223925,2025-02-21 21:45:42.259204,,255.84,,2025-02-21 21:45:42.259204,10000.00,LONG,0.41,closed
3198,1,1,COIN,255.43,255.84,2025-02-21 21:45:26.223925,2025-02-21 21:45:42.259204,,255.84,,2025-02-21 21:45:42.259204,10000.00,LONG,0.41,closed
3199,4,2,COIN,255.39,256.12,2025-02-21 21:45:27.227881,2025-02-21 21:45:34.493574,,256.12,,2025-02-21 21:45:34.493574,10000.00,SHORT,-0.73,closed
3200,1,1,COIN,256.37,255.84,2025-02-21 21:45:43.260040,2025-02-21 21:45:45.261754,,255.84,,2025-02-21 21:45:45.261754,10000.00,LONG,-0.53,closed
3201,3,2,COIN,256.37,255.84,2025-02-21 21:45:43.260040,2025-02-21 21:45:45.261754,,255.84,,2025-02-21 21:45:45.261754,10000.00,LONG,-0.53,closed
3202,3,2,COIN,256.37,255.80,2025-02-21 21:45:46.020997,2025-02-21 21:46:06.307137,,255.80,,2025-02-21 21:46:06.307137,10000.00,LONG,-0.57,closed
3203,1,1,COIN,256.37,256.04,2025-02-21 21:45:46.020997,2025-02-21 21:46:07.560939,,256.04,,2025-02-21 21:46:07.560939,10000.00,LONG,-0.33,closed
3204,5,1,TSLA,345.52,346.29,2025-02-21 21:45:48.529040,2025-02-21 21:47:15.442312,,346.29,,2025-02-21 21:47:15.442312,10000.00,LONG,22.29,closed
3205,3,2,COIN,256.50,256.08,2025-02-21 21:46:07.058681,2025-02-21 21:46:29.099462,,256.08,,2025-02-21 21:46:29.099462,10000.00,LONG,-0.42,closed
3206,1,1,COIN,256.40,256.08,2025-02-21 21:46:08.311755,2025-02-21 21:46:29.099462,,256.08,,2025-02-21 21:46:29.099462,10000.00,LONG,-0.32,closed
3207,3,2,COIN,256.53,255.99,2025-02-21 21:46:30.602236,2025-02-21 21:46:48.891024,,255.99,,2025-02-21 21:46:48.891024,10000.00,LONG,-0.54,closed
3208,1,1,COIN,256.42,255.99,2025-02-21 21:46:30.852601,2025-02-21 21:46:48.891024,,255.99,,2025-02-21 21:46:48.891024,10000.00,LONG,-0.43,closed
3209,2,1,COIN,256.19,256.80,2025-02-21 21:46:47.635598,2025-02-21 21:47:15.692492,,256.80,,2025-02-21 21:47:15.692492,10000.00,SHORT,-0.61,closed
3210,3,2,COIN,256.41,256.57,2025-02-21 21:46:49.397212,2025-02-21 21:48:05.286522,,256.57,,2025-02-21 21:48:05.286522,10000.00,LONG,0.16,closed
3211,1,1,COIN,256.41,256.65,2025-02-21 21:46:49.397212,2025-02-21 21:47:40.740463,,256.65,,2025-02-21 21:47:40.740463,10000.00,LONG,0.24,closed
3212,6,1,TSLA,346.14,346.88,2025-02-21 21:47:16.697205,2025-02-21 21:49:11.164979,,346.88,,2025-02-21 21:49:11.164979,10000.00,SHORT,-0.74,closed
3213,1,1,COIN,256.65,256.56,2025-02-21 21:47:40.740463,2025-02-21 21:48:05.036084,,256.56,,2025-02-21 21:48:05.036084,10000.00,LONG,-0.09,closed
3214,1,1,COIN,256.64,256.04,2025-02-21 21:48:06.039042,2025-02-21 21:48:16.804873,,256.04,,2025-02-21 21:48:16.804873,10000.00,LONG,-0.60,closed
3215,3,2,COIN,256.50,256.29,2025-02-21 21:48:06.787616,2025-02-21 21:48:14.553053,,256.29,,2025-02-21 21:48:14.553053,10000.00,LONG,-0.21,closed
3216,2,1,COIN,256.29,256.75,2025-02-21 21:48:14.553053,2025-02-21 21:48:49.621618,,256.75,,2025-02-21 21:48:49.621618,10000.00,SHORT,-0.46,closed
3217,4,2,COIN,256.41,256.68,2025-02-21 21:48:15.053224,2025-02-21 21:48:47.868094,,256.68,,2025-02-21 21:48:47.868094,10000.00,SHORT,-0.27,closed
3218,3,2,COIN,256.41,256.21,2025-02-21 21:48:15.053224,2025-02-21 21:48:56.882136,,256.21,,2025-02-21 21:48:56.882136,10000.00,LONG,-0.20,closed
3219,1,1,COIN,256.04,256.21,2025-02-21 21:48:16.804873,2025-02-21 21:48:56.882136,,256.21,,2025-02-21 21:48:56.882136,10000.00,LONG,0.17,closed
3220,5,1,TSLA,346.59,347.47,2025-02-21 21:48:34.592183,2025-02-21 21:53:30.174660,,347.47,,2025-02-21 21:53:30.174660,10000.00,LONG,25.39,closed
3221,4,2,COIN,256.20,256.75,2025-02-21 21:48:48.865871,2025-02-21 21:48:49.621618,,256.75,,2025-02-21 21:48:49.621618,10000.00,SHORT,-0.55,closed
3222,3,2,COIN,256.75,256.23,2025-02-21 21:48:58.134500,2025-02-21 21:49:26.436493,,256.23,,2025-02-21 21:49:26.436493,10000.00,LONG,-0.52,closed
3223,1,1,COIN,256.75,256.11,2025-02-21 21:48:58.134500,2025-02-21 21:49:32.030832,,256.11,,2025-02-21 21:49:32.030832,10000.00,LONG,-0.64,closed
3224,2,1,COIN,256.34,256.64,2025-02-21 21:49:03.143867,2025-02-21 21:50:07.738189,,256.64,,2025-02-21 21:50:07.738189,10000.00,SHORT,-0.30,closed
3225,4,2,COIN,256.27,256.41,2025-02-21 21:49:04.146363,2025-02-21 21:49:57.760504,,256.41,,2025-02-21 21:49:57.760504,10000.00,SHORT,-0.14,closed
3226,3,2,COIN,256.26,255.98,2025-02-21 21:49:26.936247,2025-02-21 21:50:28.822067,,255.98,,2025-02-21 21:50:28.822067,10000.00,LONG,-0.28,closed
3227,1,1,COIN,256.35,256.11,2025-02-21 21:49:32.786489,2025-02-21 21:50:17.564295,,256.11,,2025-02-21 21:50:17.564295,10000.00,LONG,-0.24,closed
3228,4,2,COIN,255.90,256.64,2025-02-21 21:49:59.011496,2025-02-21 21:50:07.738189,,256.64,,2025-02-21 21:50:07.738189,10000.00,SHORT,-0.74,closed
3229,1,1,COIN,256.15,255.66,2025-02-21 21:50:18.054966,2025-02-21 21:50:35.587478,,255.66,,2025-02-21 21:50:35.587478,10000.00,LONG,-0.49,closed
3230,4,2,COIN,256.19,256.06,2025-02-21 21:50:20.057248,2025-02-21 21:51:05.394712,,256.06,,2025-02-21 21:51:05.394712,10000.00,SHORT,0.13,closed
3231,2,1,COIN,256.19,256.15,2025-02-21 21:50:20.057248,2025-02-21 21:51:07.650999,,256.15,,2025-02-21 21:51:07.650999,10000.00,SHORT,0.04,closed
3232,3,2,COIN,256.19,255.67,2025-02-21 21:50:30.330177,2025-02-21 21:50:31.326687,,255.67,,2025-02-21 21:50:31.326687,10000.00,LONG,-0.52,closed
3233,3,2,COIN,255.93,255.32,2025-02-21 21:50:32.081324,2025-02-21 21:50:51.369255,,255.32,,2025-02-21 21:50:51.369255,10000.00,LONG,-0.61,closed
3234,1,1,COIN,255.66,255.50,2025-02-21 21:50:35.587478,2025-02-21 21:50:49.866641,,255.50,,2025-02-21 21:50:49.866641,10000.00,LONG,-0.16,closed
3235,1,1,COIN,255.35,255.69,2025-02-21 21:50:50.866437,2025-02-21 21:52:02.505375,,255.69,,2025-02-21 21:52:02.505375,10000.00,LONG,0.34,closed
3236,3,2,COIN,255.60,255.69,2025-02-21 21:50:52.735186,2025-02-21 21:52:02.505375,,255.69,,2025-02-21 21:52:02.505375,10000.00,LONG,0.09,closed
3237,4,2,COIN,255.50,256.11,2025-02-21 21:51:06.394884,2025-02-21 21:51:07.148489,,256.11,,2025-02-21 21:51:07.148489,10000.00,SHORT,-0.61,closed
3238,4,2,COIN,255.71,256.31,2025-02-21 21:51:19.168701,2025-02-21 21:51:36.454533,,256.31,,2025-02-21 21:51:36.454533,10000.00,SHORT,-0.60,closed
3239,2,1,COIN,256.00,256.22,2025-02-21 21:51:22.928297,2025-02-21 21:52:07.269059,,256.22,,2025-02-21 21:52:07.269059,10000.00,SHORT,-0.22,closed
3240,3,2,COIN,255.72,255.65,2025-02-21 21:52:03.508731,2025-02-21 21:52:11.022465,,255.65,,2025-02-21 21:52:11.022465,10000.00,LONG,-0.07,closed
3241,1,1,COIN,255.72,255.65,2025-02-21 21:52:03.508731,2025-02-21 21:52:11.022465,,255.65,,2025-02-21 21:52:11.022465,10000.00,LONG,-0.07,closed
3242,2,1,COIN,255.88,256.25,2025-02-21 21:52:10.522209,2025-02-21 21:52:21.609195,,256.25,,2025-02-21 21:52:21.609195,10000.00,SHORT,-0.37,closed
3243,4,2,COIN,255.65,256.31,2025-02-21 21:52:11.022465,2025-02-21 21:52:20.798230,,256.31,,2025-02-21 21:52:20.798230,10000.00,SHORT,-0.66,closed
3244,6,1,TSLA,347.51,347.47,2025-02-21 21:52:10.527045,2025-02-21 21:56:28.261888,,347.47,,2025-02-21 21:56:28.261888,10000.00,SHORT,0.04,closed
3245,3,2,COIN,255.91,256.32,2025-02-21 21:52:12.528803,2025-02-21 21:53:33.434223,,256.32,,2025-02-21 21:53:33.434223,10000.00,LONG,0.41,closed
3246,1,1,COIN,255.91,256.25,2025-02-21 21:52:12.528803,2025-02-21 21:54:14.258147,,256.25,,2025-02-21 21:54:14.258147,10000.00,LONG,0.34,closed
3247,2,1,COIN,255.85,256.44,2025-02-21 21:52:33.318589,2025-02-21 21:52:43.835405,,256.44,,2025-02-21 21:52:43.835405,10000.00,SHORT,-0.59,closed
3248,2,1,COIN,256.05,256.60,2025-02-21 21:53:10.136093,2025-02-21 21:53:14.892538,,256.60,,2025-02-21 21:53:14.892538,10000.00,SHORT,-0.55,closed
3249,3,2,COIN,256.35,256.13,2025-02-21 21:53:34.430772,2025-02-21 21:54:17.764987,,256.13,,2025-02-21 21:54:17.764987,10000.00,LONG,-0.22,closed
3250,2,1,COIN,256.36,256.60,2025-02-21 21:54:00.731870,2025-02-21 21:55:08.365525,,256.60,,2025-02-21 21:55:08.365525,10000.00,SHORT,-0.24,closed
3251,4,2,COIN,256.28,256.60,2025-02-21 21:54:14.759837,2025-02-21 21:55:08.365525,,256.60,,2025-02-21 21:55:08.365525,10000.00,SHORT,-0.32,closed
3252,1,1,COIN,256.28,256.06,2025-02-21 21:54:14.759837,2025-02-21 21:55:15.874324,,256.06,,2025-02-21 21:55:15.874324,10000.00,LONG,-0.22,closed
3253,3,2,COIN,256.38,256.06,2025-02-21 21:54:19.018587,2025-02-21 21:55:15.874324,,256.06,,2025-02-21 21:55:15.874324,10000.00,LONG,-0.32,closed
3254,2,1,COIN,256.18,255.74,2025-02-21 21:55:13.371842,2025-02-21 21:57:54.182650,,255.74,,2025-02-21 21:57:54.182650,10000.00,SHORT,0.44,closed
3255,3,2,COIN,256.06,255.70,2025-02-21 21:55:15.874324,2025-02-21 21:55:55.947937,,255.70,,2025-02-21 21:55:55.947937,10000.00,LONG,-0.36,closed
3256,1,1,COIN,256.06,255.89,2025-02-21 21:55:15.874324,2025-02-21 21:55:54.195464,,255.89,,2025-02-21 21:55:54.195464,10000.00,LONG,-0.17,closed
3257,1,1,COIN,255.71,255.53,2025-02-21 21:55:55.194948,2025-02-21 21:56:09.222799,,255.53,,2025-02-21 21:56:09.222799,10000.00,LONG,-0.18,closed
3258,4,2,COIN,255.60,255.70,2025-02-21 21:55:55.697893,2025-02-21 21:57:14.600684,,255.70,,2025-02-21 21:57:14.600684,10000.00,SHORT,-0.10,closed
3259,3,2,COIN,255.71,255.53,2025-02-21 21:55:56.698702,2025-02-21 21:56:09.222799,,255.53,,2025-02-21 21:56:09.222799,10000.00,LONG,-0.18,closed
3260,1,1,COIN,255.60,255.40,2025-02-21 21:56:10.223352,2025-02-21 21:56:44.290441,,255.40,,2025-02-21 21:56:44.290441,10000.00,LONG,-0.20,closed
3261,3,2,COIN,255.60,255.40,2025-02-21 21:56:10.223352,2025-02-21 21:56:44.290441,,255.40,,2025-02-21 21:56:44.290441,10000.00,LONG,-0.20,closed
3262,5,1,TSLA,347.25,347.23,2025-02-21 21:56:22.501603,2025-02-21 21:58:17.968798,,347.23,,2025-02-21 21:58:17.968798,10000.00,LONG,-0.58,closed
3263,3,2,COIN,255.40,255.16,2025-02-21 21:56:44.290441,2025-02-21 21:57:10.342037,,255.16,,2025-02-21 21:57:10.342037,10000.00,LONG,-0.24,closed
3264,1,1,COIN,255.40,255.17,2025-02-21 21:56:44.290441,2025-02-21 21:57:17.856119,,255.17,,2025-02-21 21:57:17.856119,10000.00,LONG,-0.23,closed
3265,3,2,COIN,255.22,255.17,2025-02-21 21:57:11.345037,2025-02-21 21:57:21.863873,,255.17,,2025-02-21 21:57:21.863873,10000.00,LONG,-0.05,closed
3266,4,2,COIN,255.38,255.69,2025-02-21 21:57:17.357703,2025-02-21 21:57:54.675880,,255.69,,2025-02-21 21:57:54.675880,10000.00,SHORT,-0.31,closed
3267,1,1,COIN,255.27,255.34,2025-02-21 21:57:18.356560,2025-02-21 21:58:14.962218,,255.34,,2025-02-21 21:58:14.962218,10000.00,LONG,0.07,closed
3268,3,2,COIN,255.17,255.34,2025-02-21 21:57:21.863873,2025-02-21 21:58:14.962218,,255.34,,2025-02-21 21:58:14.962218,10000.00,LONG,0.17,closed
3269,6,1,TSLA,347.51,347.97,2025-02-21 21:57:56.429610,2025-02-21 21:59:26.347443,,347.97,,2025-02-21 21:59:26.347443,10000.00,SHORT,-0.46,closed
3270,2,1,COIN,255.45,255.78,2025-02-21 21:58:15.717645,2025-02-21 21:58:49.028472,,255.78,,2025-02-21 21:58:49.028472,10000.00,SHORT,-0.33,closed
3271,1,1,COIN,255.45,255.77,2025-02-21 21:58:15.717645,2025-02-21 21:59:52.146774,,255.77,,2025-02-21 21:59:52.146774,10000.00,LONG,0.32,closed
3272,3,2,COIN,255.44,255.45,2025-02-21 21:58:16.217032,2025-02-21 21:59:04.811067,,255.45,,2025-02-21 21:59:04.811067,10000.00,LONG,0.01,closed
3273,2,1,COIN,255.38,255.99,2025-02-21 21:58:50.782156,2025-02-21 21:58:57.796167,,255.99,,2025-02-21 21:58:57.796167,10000.00,SHORT,-0.61,closed
3274,3,2,COIN,255.67,256.02,2025-02-21 21:59:05.306664,2025-02-21 21:59:51.392436,,256.02,,2025-02-21 21:59:51.392436,10000.00,LONG,0.35,closed
3275,2,1,COIN,255.64,256.25,2025-02-21 21:59:10.071136,2025-02-21 21:59:38.624493,,256.25,,2025-02-21 21:59:38.624493,10000.00,SHORT,-0.61,closed
3276,5,1,TSLA,347.82,347.44,2025-02-21 21:59:19.333891,2025-02-21 22:01:46.487481,,347.44,,2025-02-21 22:01:46.487481,10000.00,LONG,-10.93,closed
3277,3,2,COIN,255.77,256.50,2025-02-21 21:59:52.146774,2025-02-21 22:01:36.721290,,256.50,,2025-02-21 22:01:36.721290,10000.00,LONG,0.73,closed
3278,1,1,COIN,256.00,256.56,2025-02-21 21:59:53.146745,2025-02-21 22:01:38.233774,,256.56,,2025-02-21 22:01:38.233774,10000.00,LONG,0.56,closed
3279,6,1,TSLA,347.70,348.35,2025-02-21 21:59:58.908611,2025-02-21 22:02:20.255568,,348.35,,2025-02-21 22:02:20.255568,10000.00,SHORT,-0.65,closed
3280,3,2,COIN,256.68,256.16,2025-02-21 22:01:37.724079,2025-02-21 22:01:46.248042,,256.16,,2025-02-21 22:01:46.248042,10000.00,LONG,-0.52,closed
3281,2,1,COIN,256.20,256.25,2025-02-21 22:01:37.972859,2025-02-21 22:02:17.500134,,256.25,,2025-02-21 22:02:17.500134,10000.00,SHORT,-0.05,closed
3282,1,1,COIN,256.20,255.70,2025-02-21 22:01:39.221102,2025-02-21 22:02:03.724689,,255.70,,2025-02-21 22:02:03.724689,10000.00,LONG,-0.50,closed
3283,4,2,COIN,256.22,256.24,2025-02-21 22:01:45.733257,2025-02-21 22:02:18.500187,,256.24,,2025-02-21 22:02:18.500187,10000.00,SHORT,-0.02,closed
3284,3,2,COIN,256.00,255.70,2025-02-21 22:01:47.489028,2025-02-21 22:02:00.759970,,255.70,,2025-02-21 22:02:00.759970,10000.00,LONG,-0.30,closed
3285,3,2,COIN,256.12,255.79,2025-02-21 22:02:01.573964,2025-02-21 22:02:37.289613,,255.79,,2025-02-21 22:02:37.289613,10000.00,LONG,-0.33,closed
3286,1,1,COIN,255.70,256.00,2025-02-21 22:02:03.724689,2025-02-21 22:02:38.292591,,256.00,,2025-02-21 22:02:38.292591,10000.00,LONG,0.30,closed
3287,2,1,COIN,255.77,256.58,2025-02-21 22:02:20.504210,2025-02-21 22:02:21.257092,,256.58,,2025-02-21 22:02:21.257092,10000.00,SHORT,-0.81,closed
3288,4,2,COIN,256.13,255.71,2025-02-21 22:02:34.027799,2025-02-21 22:03:55.185614,,255.71,,2025-02-21 22:03:55.185614,10000.00,SHORT,0.42,closed
3289,2,1,COIN,256.10,255.71,2025-02-21 22:02:34.528607,2025-02-21 22:03:55.185614,,255.71,,2025-02-21 22:03:55.185614,10000.00,SHORT,0.39,closed
3290,3,2,COIN,256.00,255.31,2025-02-21 22:02:38.292591,2025-02-21 22:03:18.363876,,255.31,,2025-02-21 22:03:18.363876,10000.00,LONG,-0.69,closed
3291,1,1,COIN,255.62,255.45,2025-02-21 22:02:39.789867,2025-02-21 22:03:13.358418,,255.45,,2025-02-21 22:03:13.358418,10000.00,LONG,-0.17,closed
3292,6,1,TSLA,347.88,347.17,2025-02-21 22:02:54.817843,2025-02-21 22:15:10.486923,,347.17,,2025-02-21 22:15:10.486923,10000.00,SHORT,0.71,closed
3293,1,1,COIN,255.44,255.07,2025-02-21 22:03:13.853509,2025-02-21 22:03:37.401070,,255.07,,2025-02-21 22:03:37.401070,10000.00,LONG,-0.37,closed
3294,3,2,COIN,255.39,255.05,2025-02-21 22:03:18.864798,2025-02-21 22:04:00.441232,,255.05,,2025-02-21 22:04:00.441232,10000.00,LONG,-0.34,closed
3295,1,1,COIN,255.12,255.05,2025-02-21 22:03:38.660670,2025-02-21 22:04:00.441232,,255.05,,2025-02-21 22:04:00.441232,10000.00,LONG,-0.07,closed
3296,2,1,COIN,255.05,255.66,2025-02-21 22:04:00.441232,2025-02-21 22:04:01.942558,,255.66,,2025-02-21 22:04:01.942558,10000.00,SHORT,-0.61,closed
3297,4,2,COIN,255.05,255.66,2025-02-21 22:04:00.441232,2025-02-21 22:04:01.942558,,255.66,,2025-02-21 22:04:01.942558,10000.00,SHORT,-0.61,closed
3298,1,1,COIN,255.66,255.11,2025-02-21 22:04:01.942558,2025-02-21 22:04:09.707302,,255.11,,2025-02-21 22:04:09.707302,10000.00,LONG,-0.55,closed
3299,3,2,COIN,255.66,255.11,2025-02-21 22:04:01.942558,2025-02-21 22:04:11.211485,,255.11,,2025-02-21 22:04:11.211485,10000.00,LONG,-0.55,closed
3300,2,1,COIN,255.35,255.69,2025-02-21 22:04:08.205829,2025-02-21 22:04:12.463771,,255.69,,2025-02-21 22:04:12.463771,10000.00,SHORT,-0.34,closed
3301,1,1,COIN,255.61,255.17,2025-02-21 22:04:10.960320,2025-02-21 22:04:13.465114,,255.17,,2025-02-21 22:04:13.465114,10000.00,LONG,-0.44,closed
3302,3,2,COIN,255.55,254.84,2025-02-21 22:04:11.960820,2025-02-21 22:04:26.237239,,254.84,,2025-02-21 22:04:26.237239,10000.00,LONG,-0.71,closed
3303,1,1,COIN,255.26,254.84,2025-02-21 22:04:14.716567,2025-02-21 22:04:26.237239,,254.84,,2025-02-21 22:04:26.237239,10000.00,LONG,-0.42,closed
3304,2,1,COIN,255.44,255.54,2025-02-21 22:04:24.986864,2025-02-21 22:13:55.568125,,255.54,,2025-02-21 22:13:55.568125,10000.00,SHORT,-0.10,closed
3305,4,2,COIN,254.87,255.54,2025-02-21 22:04:26.738189,2025-02-21 22:13:55.568125,,255.54,,2025-02-21 22:13:55.568125,10000.00,SHORT,-0.67,closed
3306,1,1,COIN,254.90,254.44,2025-02-21 22:04:27.238857,2025-02-21 22:05:23.839960,,254.44,,2025-02-21 22:05:23.839960,10000.00,LONG,-0.46,closed
3307,3,2,COIN,254.90,254.44,2025-02-21 22:04:27.238857,2025-02-21 22:05:23.839960,,254.44,,2025-02-21 22:05:23.839960,10000.00,LONG,-0.46,closed
3308,1,1,COIN,254.44,254.28,2025-02-21 22:05:24.587113,2025-02-21 22:05:40.116297,,254.28,,2025-02-21 22:05:40.116297,10000.00,LONG,-0.16,closed
3309,3,2,COIN,254.44,254.28,2025-02-21 22:05:24.587113,2025-02-21 22:05:40.116297,,254.28,,2025-02-21 22:05:40.116297,10000.00,LONG,-0.16,closed
3310,1,1,COIN,254.28,255.58,2025-02-21 22:05:40.116297,2025-02-21 22:15:02.977437,,255.58,,2025-02-21 22:15:02.977437,10000.00,LONG,1.30,closed
3311,3,2,COIN,254.28,255.58,2025-02-21 22:05:40.116297,2025-02-21 22:15:02.977437,,255.58,,2025-02-21 22:15:02.977437,10000.00,LONG,1.30,closed
3312,5,1,TSLA,346.88,346.44,2025-02-21 22:14:47.694875,2025-02-21 22:16:19.147089,,346.44,,2025-02-21 22:16:19.147089,10000.00,LONG,-12.68,closed
3313,3,2,COIN,255.58,255.58,2025-02-21 22:15:02.977437,2025-02-21 22:15:09.735708,,255.58,,2025-02-21 22:15:09.735708,10000.00,LONG,0.00,closed
3314,1,1,COIN,255.58,255.52,2025-02-21 22:15:02.977437,2025-02-21 22:15:13.748524,,255.52,,2025-02-21 22:15:13.748524,10000.00,LONG,-0.06,closed
3315,3,2,COIN,256.11,255.52,2025-02-21 22:15:10.986838,2025-02-21 22:15:13.748524,,255.52,,2025-02-21 22:15:13.748524,10000.00,LONG,-0.59,closed
3316,3,2,COIN,255.52,255.55,2025-02-21 22:15:13.748524,2025-02-21 22:19:20.994615,,255.55,,2025-02-21 22:19:20.994615,10000.00,LONG,0.03,closed
3317,1,1,COIN,255.52,255.55,2025-02-21 22:15:13.748524,2025-02-21 22:19:20.994615,,255.55,,2025-02-21 22:19:20.994615,10000.00,LONG,0.03,closed
3318,6,1,TSLA,346.73,346.65,2025-02-21 22:15:41.779650,2025-02-21 22:17:46.064652,,346.65,,2025-02-21 22:17:46.064652,10000.00,SHORT,0.08,closed
3319,4,2,COIN,255.60,256.09,2025-02-21 22:15:44.828634,2025-02-21 22:19:01.773746,,256.09,,2025-02-21 22:19:01.773746,10000.00,SHORT,-0.49,closed
3320,2,1,COIN,255.60,256.09,2025-02-21 22:15:44.828634,2025-02-21 22:19:01.773746,,256.09,,2025-02-21 22:19:01.773746,10000.00,SHORT,-0.49,closed
3321,5,1,TSLA,346.66,346.65,2025-02-21 22:18:01.343910,2025-02-21 22:24:27.306875,,346.65,,2025-02-21 22:24:27.306875,10000.00,LONG,-0.29,closed
3322,6,1,TSLA,346.34,346.88,2025-02-21 22:18:22.632360,2025-02-21 22:21:22.714232,,346.88,,2025-02-21 22:21:22.714232,10000.00,SHORT,-0.54,closed
3323,2,1,COIN,255.63,256.03,2025-02-21 22:19:18.990811,2025-02-21 22:20:08.333290,,256.03,,2025-02-21 22:20:08.333290,10000.00,SHORT,-0.40,closed
3324,1,1,COIN,255.55,255.35,2025-02-21 22:19:20.994615,2025-02-21 22:19:31.574620,,255.35,,2025-02-21 22:19:31.574620,10000.00,LONG,-0.20,closed
3325,3,2,COIN,255.70,255.35,2025-02-21 22:19:22.992669,2025-02-21 22:19:31.574620,,255.35,,2025-02-21 22:19:31.574620,10000.00,LONG,-0.35,closed
3326,4,2,COIN,255.50,256.03,2025-02-21 22:19:27.250333,2025-02-21 22:20:08.333290,,256.03,,2025-02-21 22:20:08.333290,10000.00,SHORT,-0.53,closed
3327,3,2,COIN,255.35,255.98,2025-02-21 22:19:31.574620,2025-02-21 22:20:49.905107,,255.98,,2025-02-21 22:20:49.905107,10000.00,LONG,0.63,closed
3328,1,1,COIN,255.35,255.50,2025-02-21 22:19:31.574620,2025-02-21 22:20:11.650415,,255.50,,2025-02-21 22:20:11.650415,10000.00,LONG,0.15,closed
3329,1,1,COIN,256.10,255.98,2025-02-21 22:20:12.839406,2025-02-21 22:20:49.905107,,255.98,,2025-02-21 22:20:49.905107,10000.00,LONG,-0.12,closed
3330,3,2,COIN,256.40,255.77,2025-02-21 22:20:50.656389,2025-02-21 22:21:02.426825,,255.77,,2025-02-21 22:21:02.426825,10000.00,LONG,-0.63,closed
3331,1,1,COIN,256.40,255.77,2025-02-21 22:20:50.656389,2025-02-21 22:21:02.426825,,255.77,,2025-02-21 22:21:02.426825,10000.00,LONG,-0.63,closed
3332,1,1,COIN,255.83,255.76,2025-02-21 22:21:03.429214,2025-02-21 22:21:12.196957,,255.76,,2025-02-21 22:21:12.196957,10000.00,LONG,-0.07,closed
3333,3,2,COIN,256.34,255.76,2025-02-21 22:21:04.186071,2025-02-21 22:21:12.196957,,255.76,,2025-02-21 22:21:12.196957,10000.00,LONG,-0.58,closed
3334,2,1,COIN,255.98,256.35,2025-02-21 22:21:10.440860,2025-02-21 22:21:15.202186,,256.35,,2025-02-21 22:21:15.202186,10000.00,SHORT,-0.37,closed
3335,4,2,COIN,255.76,256.35,2025-02-21 22:21:12.196957,2025-02-21 22:21:15.202186,,256.35,,2025-02-21 22:21:15.202186,10000.00,SHORT,-0.59,closed
3336,3,2,COIN,255.76,256.00,2025-02-21 22:21:12.196957,2025-02-21 22:22:02.794018,,256.00,,2025-02-21 22:22:02.794018,10000.00,LONG,0.24,closed
3337,1,1,COIN,255.76,256.06,2025-02-21 22:21:12.196957,2025-02-21 22:22:03.044556,,256.06,,2025-02-21 22:22:03.044556,10000.00,LONG,0.30,closed
3338,2,1,COIN,256.06,256.58,2025-02-21 22:21:40.249134,2025-02-21 22:21:53.530067,,256.58,,2025-02-21 22:21:53.530067,10000.00,SHORT,-0.52,closed
3339,4,2,COIN,256.17,256.30,2025-02-21 22:21:47.010294,2025-02-21 22:22:46.629442,,256.30,,2025-02-21 22:22:46.629442,10000.00,SHORT,-0.13,closed
3340,3,2,COIN,256.00,255.75,2025-02-21 22:22:03.792578,2025-02-21 22:22:23.831463,,255.75,,2025-02-21 22:22:23.831463,10000.00,LONG,-0.25,closed
3341,1,1,COIN,256.32,255.75,2025-02-21 22:22:04.048485,2025-02-21 22:22:23.831463,,255.75,,2025-02-21 22:22:23.831463,10000.00,LONG,-0.57,closed
3342,2,1,COIN,256.32,256.30,2025-02-21 22:22:04.048485,2025-02-21 22:22:46.629442,,256.30,,2025-02-21 22:22:46.629442,10000.00,SHORT,0.02,closed
3343,6,1,TSLA,346.83,346.10,2025-02-21 22:22:17.320650,2025-02-21 22:32:00.257660,,346.10,,2025-02-21 22:32:00.257660,10000.00,SHORT,0.73,closed
3344,3,2,COIN,255.75,255.80,2025-02-21 22:22:23.831463,2025-02-21 22:26:06.662706,,255.80,,2025-02-21 22:26:06.662706,10000.00,LONG,0.05,closed
3345,1,1,COIN,255.75,255.80,2025-02-21 22:22:23.831463,2025-02-21 22:24:32.814830,,255.80,,2025-02-21 22:24:32.814830,10000.00,LONG,0.05,closed
3346,4,2,COIN,255.83,256.38,2025-02-21 22:23:03.412723,2025-02-21 22:24:56.856779,,256.38,,2025-02-21 22:24:56.856779,10000.00,SHORT,-0.55,closed
3347,2,1,COIN,255.83,256.38,2025-02-21 22:23:03.412723,2025-02-21 22:24:56.856779,,256.38,,2025-02-21 22:24:56.856779,10000.00,SHORT,-0.55,closed
3348,1,1,COIN,256.00,255.80,2025-02-21 22:24:33.317757,2025-02-21 22:26:06.662706,,255.80,,2025-02-21 22:26:06.662706,10000.00,LONG,-0.20,closed
3349,2,1,COIN,256.02,255.74,2025-02-21 22:25:00.113440,2025-02-21 22:27:27.800570,,255.74,,2025-02-21 22:27:27.800570,10000.00,SHORT,0.28,closed
3350,4,2,COIN,256.08,255.74,2025-02-21 22:26:02.905214,2025-02-21 22:27:27.800570,,255.74,,2025-02-21 22:27:27.800570,10000.00,SHORT,0.34,closed
3351,1,1,COIN,255.80,255.40,2025-02-21 22:26:06.662706,2025-02-21 22:26:16.182112,,255.40,,2025-02-21 22:26:16.182112,10000.00,LONG,-0.40,closed
3352,3,2,COIN,255.80,255.40,2025-02-21 22:26:06.662706,2025-02-21 22:26:16.182112,,255.40,,2025-02-21 22:26:16.182112,10000.00,LONG,-0.40,closed
3353,3,2,COIN,255.48,255.31,2025-02-21 22:26:17.432437,2025-02-21 22:27:59.611292,,255.31,,2025-02-21 22:27:59.611292,10000.00,LONG,-0.17,closed
3354,1,1,COIN,255.48,255.10,2025-02-21 22:26:17.432437,2025-02-21 22:27:05.011296,,255.10,,2025-02-21 22:27:05.011296,10000.00,LONG,-0.38,closed
3355,1,1,COIN,255.10,255.33,2025-02-21 22:27:05.011296,2025-02-21 22:28:06.370873,,255.33,,2025-02-21 22:28:06.370873,10000.00,LONG,0.23,closed
3356,3,2,COIN,255.60,255.42,2025-02-21 22:27:59.854954,2025-02-21 22:28:12.880888,,255.42,,2025-02-21 22:28:12.880888,10000.00,LONG,-0.18,closed
3357,2,1,COIN,255.33,255.98,2025-02-21 22:28:06.370873,2025-02-21 22:28:07.872279,,255.98,,2025-02-21 22:28:07.872279,10000.00,SHORT,-0.65,closed
3358,1,1,COIN,255.33,255.39,2025-02-21 22:28:06.370873,2025-02-21 22:28:18.640909,,255.39,,2025-02-21 22:28:18.640909,10000.00,LONG,0.06,closed
3359,3,2,COIN,255.56,255.50,2025-02-21 22:28:13.136137,2025-02-21 22:30:10.330115,,255.50,,2025-02-21 22:30:10.330115,10000.00,LONG,-0.06,closed
3360,1,1,COIN,255.39,255.36,2025-02-21 22:28:18.640909,2025-02-21 22:30:41.126622,,255.36,,2025-02-21 22:30:41.126622,10000.00,LONG,-0.03,closed
3361,2,1,COIN,255.29,255.99,2025-02-21 22:28:22.896908,2025-02-21 22:28:46.439813,,255.99,,2025-02-21 22:28:46.439813,10000.00,SHORT,-0.70,closed
3362,2,1,COIN,255.55,256.03,2025-02-21 22:28:56.954891,2025-02-21 22:30:28.860278,,256.03,,2025-02-21 22:30:28.860278,10000.00,SHORT,-0.48,closed
3363,4,2,COIN,255.55,256.08,2025-02-21 22:28:56.954891,2025-02-21 22:29:03.721998,,256.08,,2025-02-21 22:29:03.721998,10000.00,SHORT,-0.53,closed
3364,4,2,COIN,255.69,256.03,2025-02-21 22:30:04.566375,2025-02-21 22:30:28.860278,,256.03,,2025-02-21 22:30:28.860278,10000.00,SHORT,-0.34,closed
3365,3,2,COIN,255.88,255.36,2025-02-21 22:30:11.638767,2025-02-21 22:30:41.126622,,255.36,,2025-02-21 22:30:41.126622,10000.00,LONG,-0.52,closed
3366,4,2,COIN,255.67,255.67,2025-02-21 22:30:40.878658,2025-02-21 22:31:43.482846,,255.67,,2025-02-21 22:31:43.482846,10000.00,SHORT,0.00,closed
3367,2,1,COIN,255.67,255.67,2025-02-21 22:30:40.878658,2025-02-21 22:31:43.482846,,255.67,,2025-02-21 22:31:43.482846,10000.00,SHORT,0.00,closed
3368,3,2,COIN,255.67,255.12,2025-02-21 22:30:42.128083,2025-02-21 22:30:53.648192,,255.12,,2025-02-21 22:30:53.648192,10000.00,LONG,-0.55,closed
3369,1,1,COIN,255.67,255.12,2025-02-21 22:30:42.128083,2025-02-21 22:30:53.648192,,255.12,,2025-02-21 22:30:53.648192,10000.00,LONG,-0.55,closed
3370,1,1,COIN,255.12,255.11,2025-02-21 22:30:53.648192,2025-02-21 22:32:17.907329,,255.11,,2025-02-21 22:32:17.907329,10000.00,LONG,-0.01,closed
3371,3,2,COIN,255.12,255.30,2025-02-21 22:30:53.648192,2025-02-21 22:32:14.899656,,255.30,,2025-02-21 22:32:14.899656,10000.00,LONG,0.18,closed
3372,5,1,TSLA,346.05,,2025-02-21 22:31:49.238018,,,,,,10000.00,LONG,,open
3373,3,2,COIN,255.30,255.20,2025-02-21 22:32:14.899656,2025-02-21 22:32:36.941441,,255.20,,2025-02-21 22:32:36.941441,10000.00,LONG,-0.10,closed
3374,2,1,COIN,255.11,255.84,2025-02-21 22:32:17.907329,2025-02-21 22:32:34.186962,,255.84,,2025-02-21 22:32:34.186962,10000.00,SHORT,-0.73,closed
3375,1,1,COIN,255.11,255.20,2025-02-21 22:32:17.907329,2025-02-21 22:32:36.941441,,255.20,,2025-02-21 22:32:36.941441,10000.00,LONG,0.09,closed
3376,2,1,COIN,255.20,255.86,2025-02-21 22:32:36.941441,2025-02-21 22:32:37.693946,,255.86,,2025-02-21 22:32:37.693946,10000.00,SHORT,-0.66,closed
3377,1,1,COIN,255.86,255.24,2025-02-21 22:32:37.693946,2025-02-21 22:32:39.693263,,255.24,,2025-02-21 22:32:39.693263,10000.00,LONG,-0.62,closed
3378,3,2,COIN,255.86,255.12,2025-02-21 22:32:37.693946,2025-02-21 22:32:43.702415,,255.12,,2025-02-21 22:32:43.702415,10000.00,LONG,-0.74,closed
3379,1,1,COIN,255.86,255.12,2025-02-21 22:32:40.699937,2025-02-21 22:32:43.702415,,255.12,,2025-02-21 22:32:43.702415,10000.00,LONG,-0.74,closed
3380,6,1,TSLA,345.70,339.80,2025-02-21 22:32:43.453297,2025-02-21 23:47:38.571486,,339.80,,2025-02-21 23:47:38.571486,10000.00,SHORT,5.90,closed
3381,4,2,COIN,255.12,246.21,2025-02-21 22:32:43.702415,2025-02-21 23:47:02.260621,,246.21,,2025-02-21 23:47:02.260621,10000.00,SHORT,8.91,closed
3382,2,1,COIN,255.12,246.21,2025-02-21 22:32:43.702415,2025-02-21 23:47:02.260621,,246.21,,2025-02-21 23:47:02.260621,10000.00,SHORT,8.91,closed
3383,1,1,COIN,255.12,245.79,2025-02-21 22:32:43.702415,2025-02-21 23:46:38.710944,,245.79,,2025-02-21 23:46:38.710944,10000.00,LONG,-9.33,closed
3384,3,2,COIN,255.12,255.11,2025-02-21 22:32:43.702415,2025-02-21 22:33:25.528897,,255.11,,2025-02-21 22:33:25.528897,10000.00,LONG,-0.01,closed
3385,3,2,COIN,255.18,245.79,2025-02-21 22:33:26.282782,2025-02-21 23:46:38.710944,,245.79,,2025-02-21 23:46:38.710944,10000.00,LONG,-9.39,closed
3386,1,1,COIN,245.73,245.70,2025-02-21 23:46:40.479084,2025-02-21 23:47:12.778209,,245.70,,2025-02-21 23:47:12.778209,10000.00,LONG,-0.03,closed
3387,3,2,COIN,245.73,245.64,2025-02-21 23:46:40.479084,2025-02-21 23:47:07.023061,,245.64,,2025-02-21 23:47:07.023061,10000.00,LONG,-0.09,closed
3388,2,1,COIN,245.91,245.80,2025-02-21 23:47:07.519613,2025-02-21 23:48:08.118591,,245.80,,2025-02-21 23:48:08.118591,10000.00,SHORT,0.11,closed
3389,3,2,COIN,245.92,245.38,2025-02-21 23:47:08.025396,2025-02-21 23:47:44.584908,,245.38,,2025-02-21 23:47:44.584908,10000.00,LONG,-0.54,closed
3390,4,2,COIN,245.70,245.80,2025-02-21 23:47:12.778209,2025-02-21 23:48:08.118591,,245.80,,2025-02-21 23:48:08.118591,10000.00,SHORT,-0.10,closed
3391,1,1,COIN,245.60,245.38,2025-02-21 23:47:14.031402,2025-02-21 23:47:54.098391,,245.38,,2025-02-21 23:47:54.098391,10000.00,LONG,-0.22,closed
3392,3,2,COIN,245.68,245.77,2025-02-21 23:47:45.332746,2025-02-21 23:49:16.480560,,245.77,,2025-02-21 23:49:16.480560,10000.00,LONG,0.09,closed
3393,1,1,COIN,245.36,245.78,2025-02-21 23:47:55.354447,2025-02-21 23:49:18.982387,,245.78,,2025-02-21 23:49:18.982387,10000.00,LONG,0.42,closed
3394,7,2,TSLA,339.76,,2025-02-21 23:47:57.603295,,,338.29,,2025-02-22 02:05:53.137052,10000.00,LONG,,pending_exit
3395,5,1,TSLA,339.78,339.11,2025-02-21 23:48:10.124480,2025-02-21 23:51:07.407431,,339.11,,2025-02-21 23:51:07.407431,10000.00,LONG,-19.72,closed
3396,2,1,COIN,245.54,246.10,2025-02-21 23:48:15.882219,2025-02-21 23:48:55.699030,,246.10,,2025-02-21 23:48:55.699030,10000.00,SHORT,-0.56,closed
3397,4,2,COIN,245.53,246.10,2025-02-21 23:48:34.160696,2025-02-21 23:48:55.699030,,246.10,,2025-02-21 23:48:55.699030,10000.00,SHORT,-0.57,closed
3398,6,1,TSLA,339.61,339.18,2025-02-21 23:48:38.668365,2025-02-21 23:54:15.226986,,339.18,,2025-02-21 23:54:15.226986,10000.00,SHORT,0.43,closed
3399,3,2,COIN,245.79,245.60,2025-02-21 23:49:17.483317,2025-02-21 23:49:41.829872,,245.60,,2025-02-21 23:49:41.829872,10000.00,LONG,-0.19,closed
3400,1,1,COIN,246.07,245.69,2025-02-21 23:49:20.235019,2025-02-21 23:49:39.521397,,245.69,,2025-02-21 23:49:39.521397,10000.00,LONG,-0.38,closed
3401,1,1,COIN,245.94,245.56,2025-02-21 23:49:40.518033,2025-02-21 23:50:20.084837,,245.56,,2025-02-21 23:50:20.084837,10000.00,LONG,-0.38,closed
3402,3,2,COIN,245.84,245.59,2025-02-21 23:49:42.772709,2025-02-21 23:50:19.332239,,245.59,,2025-02-21 23:50:19.332239,10000.00,LONG,-0.25,closed
3403,2,1,COIN,245.71,244.88,2025-02-21 23:49:44.774722,2025-02-21 23:51:51.744165,,244.88,,2025-02-21 23:51:51.744165,10000.00,SHORT,0.83,closed
3404,4,2,COIN,245.70,244.88,2025-02-21 23:49:57.546499,2025-02-21 23:51:51.744165,,244.88,,2025-02-21 23:51:51.744165,10000.00,SHORT,0.82,closed
3405,3,2,COIN,245.56,245.04,2025-02-21 23:50:20.084837,2025-02-21 23:50:45.624795,,245.04,,2025-02-21 23:50:45.624795,10000.00,LONG,-0.52,closed
3406,1,1,COIN,245.37,244.91,2025-02-21 23:50:21.086814,2025-02-21 23:50:46.374216,,244.91,,2025-02-21 23:50:46.374216,10000.00,LONG,-0.46,closed
3407,3,2,COIN,245.05,244.55,2025-02-21 23:50:46.630412,2025-02-21 23:51:17.677091,,244.55,,2025-02-21 23:51:17.677091,10000.00,LONG,-0.50,closed
3408,1,1,COIN,245.04,244.37,2025-02-21 23:50:47.378648,2025-02-21 23:51:42.966133,,244.37,,2025-02-21 23:51:42.966133,10000.00,LONG,-0.67,closed
3409,3,2,COIN,244.74,244.37,2025-02-21 23:51:18.931509,2025-02-21 23:51:42.966133,,244.37,,2025-02-21 23:51:42.966133,10000.00,LONG,-0.37,closed
3410,1,1,COIN,244.38,244.23,2025-02-21 23:51:43.468256,2025-02-21 23:52:17.526376,,244.23,,2025-02-21 23:52:17.526376,10000.00,LONG,-0.15,closed
3411,3,2,COIN,244.38,244.23,2025-02-21 23:51:43.468256,2025-02-21 23:52:17.526376,,244.23,,2025-02-21 23:52:17.526376,10000.00,LONG,-0.15,closed
3412,4,2,COIN,244.51,244.33,2025-02-21 23:51:53.737415,2025-02-21 23:54:20.237849,,244.33,,2025-02-21 23:54:20.237849,10000.00,SHORT,0.18,closed
3413,2,1,COIN,244.51,244.33,2025-02-21 23:51:53.737415,2025-02-21 23:54:20.237849,,244.33,,2025-02-21 23:54:20.237849,10000.00,SHORT,0.18,closed
3414,1,1,COIN,244.20,244.02,2025-02-21 23:52:18.277344,2025-02-21 23:53:08.859653,,244.02,,2025-02-21 23:53:08.859653,10000.00,LONG,-0.18,closed
3415,3,2,COIN,244.20,244.02,2025-02-21 23:52:18.277344,2025-02-21 23:53:08.859653,,244.02,,2025-02-21 23:53:08.859653,10000.00,LONG,-0.18,closed
3416,1,1,COIN,244.05,243.88,2025-02-21 23:53:09.612923,2025-02-21 23:53:24.135328,,243.88,,2025-02-21 23:53:24.135328,10000.00,LONG,-0.17,closed
3417,3,2,COIN,244.05,243.88,2025-02-21 23:53:09.612923,2025-02-21 23:53:24.135328,,243.88,,2025-02-21 23:53:24.135328,10000.00,LONG,-0.17,closed
3418,1,1,COIN,243.90,244.19,2025-02-21 23:53:25.138010,2025-02-21 23:54:51.038648,,244.19,,2025-02-21 23:54:51.038648,10000.00,LONG,0.29,closed
3419,3,2,COIN,243.90,244.19,2025-02-21 23:53:25.138010,2025-02-21 23:54:51.038648,,244.19,,2025-02-21 23:54:51.038648,10000.00,LONG,0.29,closed
3420,5,1,TSLA,339.05,338.95,2025-02-21 23:54:03.708050,2025-02-21 23:57:34.055234,,338.95,,2025-02-21 23:57:34.055234,10000.00,LONG,-2.95,closed
3421,1,1,COIN,244.38,244.77,2025-02-21 23:54:52.037251,2025-02-21 23:55:34.611448,,244.77,,2025-02-21 23:55:34.611448,10000.00,LONG,0.39,closed
3422,3,2,COIN,244.38,244.77,2025-02-21 23:54:52.037251,2025-02-21 23:55:34.611448,,244.77,,2025-02-21 23:55:34.611448,10000.00,LONG,0.39,closed
3423,6,1,TSLA,339.00,339.65,2025-02-21 23:55:00.550334,2025-02-21 23:56:09.919376,,339.65,,2025-02-21 23:56:09.919376,10000.00,SHORT,-0.65,closed
3424,1,1,COIN,244.77,244.46,2025-02-21 23:55:35.108181,2025-02-21 23:55:42.621340,,244.46,,2025-02-21 23:55:42.621340,10000.00,LONG,-0.31,closed
3425,3,2,COIN,244.77,244.46,2025-02-21 23:55:35.108181,2025-02-21 23:55:42.621340,,244.46,,2025-02-21 23:55:42.621340,10000.00,LONG,-0.31,closed
3426,2,1,COIN,244.46,244.56,2025-02-21 23:55:42.621340,2025-02-21 23:56:54.495508,,244.56,,2025-02-21 23:56:54.495508,10000.00,SHORT,-0.10,closed
3427,1,1,COIN,244.70,244.26,2025-02-21 23:55:43.622889,2025-02-21 23:56:07.666213,,244.26,,2025-02-21 23:56:07.666213,10000.00,LONG,-0.44,closed
3428,3,2,COIN,244.70,244.26,2025-02-21 23:55:43.622889,2025-02-21 23:56:07.666213,,244.26,,2025-02-21 23:56:07.666213,10000.00,LONG,-0.44,closed
3429,3,2,COIN,244.32,244.10,2025-02-21 23:56:08.918215,2025-02-21 23:56:32.960246,,244.10,,2025-02-21 23:56:32.960246,10000.00,LONG,-0.22,closed
3430,1,1,COIN,244.32,244.10,2025-02-21 23:56:08.918215,2025-02-21 23:56:32.960246,,244.10,,2025-02-21 23:56:32.960246,10000.00,LONG,-0.22,closed
3431,4,2,COIN,244.33,244.26,2025-02-21 23:56:12.424728,2025-02-21 23:57:45.830702,,244.26,,2025-02-21 23:57:45.830702,10000.00,SHORT,0.07,closed
3432,6,1,TSLA,339.21,339.61,2025-02-21 23:56:22.691890,2025-02-21 23:58:09.121496,,339.61,,2025-02-21 23:58:09.121496,10000.00,SHORT,-0.40,closed
3433,3,2,COIN,244.10,244.04,2025-02-21 23:56:32.960246,2025-02-21 23:57:07.518460,,244.04,,2025-02-21 23:57:07.518460,10000.00,LONG,-0.06,closed
3434,1,1,COIN,244.10,244.04,2025-02-21 23:56:32.960246,2025-02-21 23:57:07.518460,,244.04,,2025-02-21 23:57:07.518460,10000.00,LONG,-0.06,closed
3435,2,1,COIN,244.27,244.26,2025-02-21 23:57:00.500815,2025-02-21 23:57:45.830702,,244.26,,2025-02-21 23:57:45.830702,10000.00,SHORT,0.01,closed
3436,3,2,COIN,244.18,243.46,2025-02-21 23:57:08.515396,2025-02-21 23:57:19.531025,,243.46,,2025-02-21 23:57:19.531025,10000.00,LONG,-0.72,closed
3437,1,1,COIN,244.18,243.46,2025-02-21 23:57:08.515396,2025-02-21 23:57:19.531025,,243.46,,2025-02-21 23:57:19.531025,10000.00,LONG,-0.72,closed
3438,3,2,COIN,243.46,243.75,2025-02-21 23:57:20.533666,2025-02-21 23:57:52.840103,,243.75,,2025-02-21 23:57:52.840103,10000.00,LONG,0.29,closed
3439,1,1,COIN,243.39,243.75,2025-02-21 23:57:20.787494,2025-02-21 23:57:52.840103,,243.75,,2025-02-21 23:57:52.840103,10000.00,LONG,0.36,closed
3440,3,2,COIN,243.75,244.61,2025-02-21 23:57:52.840103,2025-02-21 23:58:16.878460,,244.61,,2025-02-21 23:58:16.878460,10000.00,LONG,0.86,closed
3441,1,1,COIN,243.76,245.31,2025-02-21 23:57:54.090382,2025-02-22 00:01:14.169244,,245.31,,2025-02-22 00:01:14.169244,10000.00,LONG,1.55,closed
3442,4,2,COIN,243.60,244.20,2025-02-21 23:57:56.843741,2025-02-21 23:58:00.850424,,244.20,,2025-02-21 23:58:00.850424,10000.00,SHORT,-0.60,closed
3443,2,1,COIN,243.60,244.20,2025-02-21 23:57:56.843741,2025-02-21 23:58:00.850424,,244.20,,2025-02-21 23:58:00.850424,10000.00,SHORT,-0.60,closed
3444,4,2,COIN,244.01,244.86,2025-02-21 23:58:01.352063,2025-02-21 23:58:03.857622,,244.86,,2025-02-21 23:58:03.857622,10000.00,SHORT,-0.85,closed
3445,3,2,COIN,244.99,245.31,2025-02-21 23:58:17.381269,2025-02-22 00:01:14.169244,,245.31,,2025-02-22 00:01:14.169244,10000.00,LONG,0.32,closed
3446,5,1,TSLA,339.41,339.02,2025-02-21 23:58:35.159898,2025-02-22 00:01:36.460990,,339.02,,2025-02-22 00:01:36.460990,10000.00,LONG,-11.49,closed
3447,6,1,TSLA,339.47,338.74,2025-02-21 23:59:05.963688,2025-02-22 00:04:48.799757,,338.74,,2025-02-22 00:04:48.799757,10000.00,SHORT,0.73,closed
3448,2,1,COIN,245.61,245.60,2025-02-22 00:00:02.553484,2025-02-22 00:01:20.432685,,245.60,,2025-02-22 00:01:20.432685,10000.00,SHORT,0.01,closed
3449,4,2,COIN,245.40,245.59,2025-02-22 00:01:07.157931,2025-02-22 00:01:22.189209,,245.59,,2025-02-22 00:01:22.189209,10000.00,SHORT,-0.19,closed
3450,3,2,COIN,245.58,245.06,2025-02-22 00:01:15.177365,2025-02-22 00:01:15.922789,,245.06,,2025-02-22 00:01:15.922789,10000.00,LONG,-0.52,closed
3451,1,1,COIN,245.56,245.05,2025-02-22 00:01:15.426969,2025-02-22 00:01:16.924301,,245.05,,2025-02-22 00:01:16.924301,10000.00,LONG,-0.51,closed
3452,3,2,COIN,245.05,245.03,2025-02-22 00:01:16.924301,2025-02-22 00:01:32.010100,,245.03,,2025-02-22 00:01:32.010100,10000.00,LONG,-0.02,closed
3453,1,1,COIN,245.05,245.06,2025-02-22 00:01:16.924301,2025-02-22 00:01:31.701836,,245.06,,2025-02-22 00:01:31.701836,10000.00,LONG,0.01,closed
3454,2,1,COIN,245.21,244.85,2025-02-22 00:01:21.181950,2025-02-22 00:02:09.015867,,244.85,,2025-02-22 00:02:09.015867,10000.00,SHORT,0.36,closed
3455,4,2,COIN,245.03,244.67,2025-02-22 00:01:32.010100,2025-02-22 00:02:38.689688,,244.67,,2025-02-22 00:02:38.689688,10000.00,SHORT,0.36,closed
3456,1,1,COIN,245.03,244.71,2025-02-22 00:01:32.010100,2025-02-22 00:01:38.461610,,244.71,,2025-02-22 00:01:38.461610,10000.00,LONG,-0.32,closed
3457,3,2,COIN,245.03,244.81,2025-02-22 00:01:33.453678,2025-02-22 00:01:37.461411,,244.81,,2025-02-22 00:01:37.461411,10000.00,LONG,-0.22,closed
3458,3,2,COIN,244.71,244.41,2025-02-22 00:01:38.461610,2025-02-22 00:01:42.215606,,244.41,,2025-02-22 00:01:42.215606,10000.00,LONG,-0.30,closed
3459,1,1,COIN,244.55,244.43,2025-02-22 00:01:39.715667,2025-02-22 00:01:41.715943,,244.43,,2025-02-22 00:01:41.715943,10000.00,LONG,-0.12,closed
3460,1,1,COIN,244.49,244.20,2025-02-22 00:01:42.718378,2025-02-22 00:02:25.068885,,244.20,,2025-02-22 00:02:25.068885,10000.00,LONG,-0.29,closed
3461,3,2,COIN,244.41,244.22,2025-02-22 00:01:43.218989,2025-02-22 00:02:24.791489,,244.22,,2025-02-22 00:02:24.791489,10000.00,LONG,-0.19,closed
3462,2,1,COIN,244.68,244.69,2025-02-22 00:02:13.017781,2025-02-22 00:02:43.694332,,244.69,,2025-02-22 00:02:43.694332,10000.00,SHORT,-0.01,closed
3463,3,2,COIN,244.54,244.05,2025-02-22 00:02:25.798038,2025-02-22 00:02:34.676390,,244.05,,2025-02-22 00:02:34.676390,10000.00,LONG,-0.49,closed
3464,1,1,COIN,244.54,244.12,2025-02-22 00:02:25.798038,2025-02-22 00:02:58.977005,,244.12,,2025-02-22 00:02:58.977005,10000.00,LONG,-0.42,closed
3465,3,2,COIN,244.32,244.12,2025-02-22 00:02:35.679310,2025-02-22 00:02:58.977005,,244.12,,2025-02-22 00:02:58.977005,10000.00,LONG,-0.20,closed
3466,4,2,COIN,244.31,243.97,2025-02-22 00:02:52.213252,2025-02-22 00:04:04.973849,,243.97,,2025-02-22 00:04:04.973849,10000.00,SHORT,0.34,closed
3467,2,1,COIN,244.31,243.97,2025-02-22 00:02:52.213252,2025-02-22 00:03:57.205206,,243.97,,2025-02-22 00:03:57.205206,10000.00,SHORT,0.34,closed
3468,3,2,COIN,244.25,243.75,2025-02-22 00:02:59.721616,2025-02-22 00:03:11.500395,,243.75,,2025-02-22 00:03:11.500395,10000.00,LONG,-0.50,closed
3469,1,1,COIN,244.25,243.60,2025-02-22 00:02:59.721616,2025-02-22 00:03:13.659171,,243.60,,2025-02-22 00:03:13.659171,10000.00,LONG,-0.65,closed
3470,3,2,COIN,243.65,243.41,2025-02-22 00:03:12.496988,2025-02-22 00:04:15.990603,,243.41,,2025-02-22 00:04:15.990603,10000.00,LONG,-0.24,closed
3471,1,1,COIN,243.86,243.41,2025-02-22 00:03:14.507137,2025-02-22 00:04:15.990603,,243.41,,2025-02-22 00:04:15.990603,10000.00,LONG,-0.45,closed
3472,2,1,COIN,243.64,243.60,2025-02-22 00:04:07.478223,2025-02-22 00:05:04.071604,,243.60,,2025-02-22 00:05:04.071604,10000.00,SHORT,0.04,closed
3473,4,2,COIN,243.64,243.60,2025-02-22 00:04:07.478223,2025-02-22 00:04:37.281564,,243.60,,2025-02-22 00:04:37.281564,10000.00,SHORT,0.04,closed
3474,3,2,COIN,243.41,243.00,2025-02-22 00:04:15.990603,2025-02-22 00:04:35.271882,,243.00,,2025-02-22 00:04:35.271882,10000.00,LONG,-0.41,closed
3475,1,1,COIN,243.30,243.10,2025-02-22 00:04:17.497940,2025-02-22 00:04:32.275902,,243.10,,2025-02-22 00:04:32.275902,10000.00,LONG,-0.20,closed
3476,1,1,COIN,243.19,243.36,2025-02-22 00:04:33.776816,2025-02-22 00:05:18.094713,,243.36,,2025-02-22 00:05:18.094713,10000.00,LONG,0.17,closed
3477,3,2,COIN,243.32,243.36,2025-02-22 00:04:36.271682,2025-02-22 00:05:18.094713,,243.36,,2025-02-22 00:05:18.094713,10000.00,LONG,0.04,closed
3478,5,1,TSLA,338.63,338.23,2025-02-22 00:04:38.781451,2025-02-22 00:05:23.106803,,338.23,,2025-02-22 00:05:23.106803,10000.00,LONG,-11.81,closed
3479,4,2,COIN,243.26,243.86,2025-02-22 00:04:39.278527,2025-02-22 00:05:13.088569,,243.86,,2025-02-22 00:05:13.088569,10000.00,SHORT,-0.60,closed
3480,2,1,COIN,243.36,243.59,2025-02-22 00:05:18.094713,2025-02-22 00:05:37.383833,,243.59,,2025-02-22 00:05:37.383833,10000.00,SHORT,-0.23,closed
3481,4,2,COIN,243.36,243.59,2025-02-22 00:05:18.094713,2025-02-22 00:05:37.383833,,243.59,,2025-02-22 00:05:37.383833,10000.00,SHORT,-0.23,closed
3482,1,1,COIN,243.60,243.08,2025-02-22 00:05:19.102809,2025-02-22 00:05:21.604172,,243.08,,2025-02-22 00:05:21.604172,10000.00,LONG,-0.52,closed
3483,3,2,COIN,243.43,243.08,2025-02-22 00:05:19.598844,2025-02-22 00:05:21.604172,,243.08,,2025-02-22 00:05:21.604172,10000.00,LONG,-0.35,closed
3484,3,2,COIN,243.08,243.59,2025-02-22 00:05:21.604172,2025-02-22 00:05:57.920298,,243.59,,2025-02-22 00:05:57.920298,10000.00,LONG,0.51,closed
3485,1,1,COIN,243.08,243.59,2025-02-22 00:05:21.604172,2025-02-22 00:05:57.920298,,243.59,,2025-02-22 00:05:57.920298,10000.00,LONG,0.51,closed
3486,6,1,TSLA,338.23,338.92,2025-02-22 00:05:23.106803,2025-02-22 00:06:24.711492,,338.92,,2025-02-22 00:06:24.711492,10000.00,SHORT,-0.69,closed
3487,3,2,COIN,243.59,243.77,2025-02-22 00:05:57.920298,2025-02-22 00:06:43.495358,,243.77,,2025-02-22 00:06:43.495358,10000.00,LONG,0.18,closed
3488,1,1,COIN,243.59,243.81,2025-02-22 00:05:57.920298,2025-02-22 00:06:42.996682,,243.81,,2025-02-22 00:06:42.996682,10000.00,LONG,0.22,closed
3489,5,1,TSLA,338.83,338.26,2025-02-22 00:06:23.208868,2025-02-22 00:07:46.106458,,338.26,,2025-02-22 00:07:46.106458,10000.00,LONG,-16.82,closed
3490,1,1,COIN,243.83,243.51,2025-02-22 00:06:43.997636,2025-02-22 00:07:00.279551,,243.51,,2025-02-22 00:07:00.279551,10000.00,LONG,-0.32,closed
3491,3,2,COIN,243.83,243.50,2025-02-22 00:06:43.997636,2025-02-22 00:07:00.533240,,243.50,,2025-02-22 00:07:00.533240,10000.00,LONG,-0.33,closed
3492,2,1,COIN,243.58,244.05,2025-02-22 00:06:52.076223,2025-02-22 00:07:06.043244,,244.05,,2025-02-22 00:07:06.043244,10000.00,SHORT,-0.47,closed
3493,6,1,TSLA,338.36,337.92,2025-02-22 00:06:52.765338,2025-02-22 00:13:57.256736,,337.92,,2025-02-22 00:13:57.256736,10000.00,SHORT,0.44,closed
3494,4,2,COIN,243.77,244.29,2025-02-22 00:06:54.515481,2025-02-22 00:06:56.774694,,244.29,,2025-02-22 00:06:56.774694,10000.00,SHORT,-0.52,closed
3495,1,1,COIN,243.51,243.30,2025-02-22 00:07:01.283109,2025-02-22 00:07:35.842636,,243.30,,2025-02-22 00:07:35.842636,10000.00,LONG,-0.21,closed
3496,3,2,COIN,243.50,243.32,2025-02-22 00:07:01.532692,2025-02-22 00:07:34.085483,,243.32,,2025-02-22 00:07:34.085483,10000.00,LONG,-0.18,closed
3497,4,2,COIN,243.50,244.05,2025-02-22 00:07:01.532692,2025-02-22 00:07:06.043244,,244.05,,2025-02-22 00:07:06.043244,10000.00,SHORT,-0.55,closed
3498,2,1,COIN,243.83,243.63,2025-02-22 00:07:06.538932,2025-02-22 00:08:02.390359,,243.63,,2025-02-22 00:08:02.390359,10000.00,SHORT,0.20,closed
3499,4,2,COIN,243.62,243.63,2025-02-22 00:07:25.323908,2025-02-22 00:08:02.390359,,243.63,,2025-02-22 00:08:02.390359,10000.00,SHORT,-0.01,closed
3500,3,2,COIN,243.45,243.17,2025-02-22 00:07:35.086253,2025-02-22 00:07:41.904861,,243.17,,2025-02-22 00:07:41.904861,10000.00,LONG,-0.28,closed
3501,1,1,COIN,243.25,243.10,2025-02-22 00:07:36.845005,2025-02-22 00:07:54.619026,,243.10,,2025-02-22 00:07:54.619026,10000.00,LONG,-0.15,closed
3502,3,2,COIN,243.17,243.26,2025-02-22 00:07:41.904861,2025-02-22 00:08:27.180214,,243.26,,2025-02-22 00:08:27.180214,10000.00,LONG,0.09,closed
3503,1,1,COIN,243.16,243.26,2025-02-22 00:07:55.621491,2025-02-22 00:08:27.180214,,243.26,,2025-02-22 00:08:27.180214,10000.00,LONG,0.10,closed
3504,4,2,COIN,243.23,243.81,2025-02-22 00:08:03.386165,2025-02-22 00:08:07.646977,,243.81,,2025-02-22 00:08:07.646977,10000.00,SHORT,-0.58,closed
3505,4,2,COIN,243.24,243.77,2025-02-22 00:08:15.661091,2025-02-22 00:08:16.162805,,243.77,,2025-02-22 00:08:16.162805,10000.00,SHORT,-0.53,closed
3506,2,1,COIN,243.27,243.75,2025-02-22 00:08:24.422591,2025-02-22 00:08:35.440933,,243.75,,2025-02-22 00:08:35.440933,10000.00,SHORT,-0.48,closed
3507,4,2,COIN,243.26,243.75,2025-02-22 00:08:27.180214,2025-02-22 00:08:35.440933,,243.75,,2025-02-22 00:08:35.440933,10000.00,SHORT,-0.49,closed
3508,1,1,COIN,243.26,243.14,2025-02-22 00:08:27.180214,2025-02-22 00:08:51.468855,,243.14,,2025-02-22 00:08:51.468855,10000.00,LONG,-0.12,closed
3509,3,2,COIN,243.26,243.10,2025-02-22 00:08:27.180214,2025-02-22 00:08:44.716889,,243.10,,2025-02-22 00:08:44.716889,10000.00,LONG,-0.16,closed
3510,3,2,COIN,243.40,243.49,2025-02-22 00:08:45.210491,2025-02-22 00:10:16.366000,,243.49,,2025-02-22 00:10:16.366000,10000.00,LONG,0.09,closed
3511,2,1,COIN,243.14,243.68,2025-02-22 00:08:51.468855,2025-02-22 00:09:38.055655,,243.68,,2025-02-22 00:09:38.055655,10000.00,SHORT,-0.54,closed
3512,1,1,COIN,243.19,243.49,2025-02-22 00:08:52.472513,2025-02-22 00:10:16.366000,,243.49,,2025-02-22 00:10:16.366000,10000.00,LONG,0.30,closed
3513,4,2,COIN,243.19,243.68,2025-02-22 00:09:21.777694,2025-02-22 00:09:44.312418,,243.68,,2025-02-22 00:09:44.312418,10000.00,SHORT,-0.49,closed
3514,2,1,COIN,243.25,243.87,2025-02-22 00:09:42.812073,2025-02-22 00:09:46.069763,,243.87,,2025-02-22 00:09:46.069763,10000.00,SHORT,-0.62,closed
3515,1,1,COIN,243.49,243.21,2025-02-22 00:10:16.366000,2025-02-22 00:11:24.740755,,243.21,,2025-02-22 00:11:24.740755,10000.00,LONG,-0.28,closed
3516,3,2,COIN,243.49,243.21,2025-02-22 00:10:16.366000,2025-02-22 00:11:24.740755,,243.21,,2025-02-22 00:11:24.740755,10000.00,LONG,-0.28,closed
3517,2,1,COIN,243.35,243.70,2025-02-22 00:10:22.624355,2025-02-22 00:11:12.040182,,243.70,,2025-02-22 00:11:12.040182,10000.00,SHORT,-0.35,closed
3518,4,2,COIN,243.38,243.10,2025-02-22 00:10:55.441166,2025-02-22 00:13:05.420464,,243.10,,2025-02-22 00:13:05.420464,10000.00,SHORT,0.28,closed
3519,2,1,COIN,243.35,243.10,2025-02-22 00:11:17.736045,2025-02-22 00:13:05.420464,,243.10,,2025-02-22 00:13:05.420464,10000.00,SHORT,0.25,closed
3520,1,1,COIN,243.21,242.80,2025-02-22 00:11:24.740755,2025-02-22 00:12:32.857662,,242.80,,2025-02-22 00:12:32.857662,10000.00,LONG,-0.41,closed
3521,3,2,COIN,243.21,242.80,2025-02-22 00:11:24.740755,2025-02-22 00:12:32.857662,,242.80,,2025-02-22 00:12:32.857662,10000.00,LONG,-0.41,closed
3522,1,1,COIN,242.86,243.48,2025-02-22 00:12:33.859058,2025-02-22 00:14:45.592255,,243.48,,2025-02-22 00:14:45.592255,10000.00,LONG,0.62,closed
3523,3,2,COIN,242.86,244.84,2025-02-22 00:12:33.859058,2025-02-22 00:16:17.000769,,244.84,,2025-02-22 00:16:17.000769,10000.00,LONG,1.98,closed
3524,2,1,COIN,242.79,243.35,2025-02-22 00:13:11.428873,2025-02-22 00:14:03.772283,,243.35,,2025-02-22 00:14:03.772283,10000.00,SHORT,-0.56,closed
3525,4,2,COIN,242.80,243.20,2025-02-22 00:13:13.433149,2025-02-22 00:14:01.265571,,243.20,,2025-02-22 00:14:01.265571,10000.00,SHORT,-0.40,closed
3526,5,1,TSLA,337.80,339.42,2025-02-22 00:13:39.478021,2025-02-22 00:18:36.505878,,339.42,,2025-02-22 00:18:36.505878,10000.00,LONG,47.96,closed
3527,1,1,COIN,244.05,244.84,2025-02-22 00:14:46.593205,2025-02-22 00:16:17.000769,,244.84,,2025-02-22 00:16:17.000769,10000.00,LONG,0.79,closed
3528,3,2,COIN,244.84,244.51,2025-02-22 00:16:17.000769,2025-02-22 00:17:04.081219,,244.51,,2025-02-22 00:17:04.081219,10000.00,LONG,-0.33,closed
3529,1,1,COIN,244.84,244.69,2025-02-22 00:16:17.000769,2025-02-22 00:17:02.078149,,244.69,,2025-02-22 00:17:02.078149,10000.00,LONG,-0.15,closed
3530,2,1,COIN,245.05,244.30,2025-02-22 00:16:20.005995,2025-02-22 00:17:38.395643,,244.30,,2025-02-22 00:17:38.395643,10000.00,SHORT,0.75,closed
3531,4,2,COIN,244.84,244.64,2025-02-22 00:16:22.763750,2025-02-22 00:17:21.614385,,244.64,,2025-02-22 00:17:21.614385,10000.00,SHORT,0.20,closed
3532,6,1,TSLA,339.01,339.69,2025-02-22 00:16:37.290714,2025-02-22 00:17:47.157897,,339.69,,2025-02-22 00:17:47.157897,10000.00,SHORT,-0.68,closed
3533,1,1,COIN,244.71,244.21,2025-02-22 00:17:03.086304,2025-02-22 00:17:06.837428,,244.21,,2025-02-22 00:17:06.837428,10000.00,LONG,-0.50,closed
3534,3,2,COIN,244.51,244.00,2025-02-22 00:17:04.081219,2025-02-22 00:17:26.870481,,244.00,,2025-02-22 00:17:26.870481,10000.00,LONG,-0.51,closed
3535,1,1,COIN,244.50,244.01,2025-02-22 00:17:07.844775,2025-02-22 00:17:29.124710,,244.01,,2025-02-22 00:17:29.124710,10000.00,LONG,-0.49,closed
3536,4,2,COIN,244.23,244.30,2025-02-22 00:17:21.921181,2025-02-22 00:17:38.395643,,244.30,,2025-02-22 00:17:38.395643,10000.00,SHORT,-0.07,closed
3537,3,2,COIN,244.42,243.81,2025-02-22 00:17:27.628823,2025-02-22 00:17:39.395511,,243.81,,2025-02-22 00:17:39.395511,10000.00,LONG,-0.61,closed
3538,1,1,COIN,244.17,243.81,2025-02-22 00:17:30.129386,2025-02-22 00:17:39.395511,,243.81,,2025-02-22 00:17:39.395511,10000.00,LONG,-0.36,closed
3539,2,1,COIN,243.83,244.34,2025-02-22 00:17:39.645262,2025-02-22 00:17:53.921273,,244.34,,2025-02-22 00:17:53.921273,10000.00,SHORT,-0.51,closed
3540,3,2,COIN,243.80,244.01,2025-02-22 00:17:40.397355,2025-02-22 00:18:09.718282,,244.01,,2025-02-22 00:18:09.718282,10000.00,LONG,0.21,closed
3541,1,1,COIN,243.80,244.01,2025-02-22 00:17:40.397355,2025-02-22 00:18:09.718282,,244.01,,2025-02-22 00:18:09.718282,10000.00,LONG,0.21,closed
3542,4,2,COIN,243.84,244.34,2025-02-22 00:17:40.900569,2025-02-22 00:17:53.921273,,244.34,,2025-02-22 00:17:53.921273,10000.00,SHORT,-0.50,closed
3543,2,1,COIN,244.01,243.55,2025-02-22 00:18:09.718282,2025-02-22 00:19:13.320008,,243.55,,2025-02-22 00:19:13.320008,10000.00,SHORT,0.46,closed
3544,3,2,COIN,244.48,243.73,2025-02-22 00:18:10.210618,2025-02-22 00:18:44.518012,,243.73,,2025-02-22 00:18:44.518012,10000.00,LONG,-0.75,closed
3545,1,1,COIN,244.48,243.73,2025-02-22 00:18:10.210618,2025-02-22 00:18:44.518012,,243.73,,2025-02-22 00:18:44.518012,10000.00,LONG,-0.75,closed
3546,4,2,COIN,244.10,243.80,2025-02-22 00:18:15.217538,2025-02-22 00:19:30.100502,,243.80,,2025-02-22 00:19:30.100502,10000.00,SHORT,0.30,closed
3547,6,1,TSLA,339.47,339.92,2025-02-22 00:18:35.754967,2025-02-22 00:19:44.618096,,339.92,,2025-02-22 00:19:44.618096,10000.00,SHORT,-0.45,closed
3548,3,2,COIN,243.93,243.30,2025-02-22 00:18:45.522971,2025-02-22 00:19:08.061928,,243.30,,2025-02-22 00:19:08.061928,10000.00,LONG,-0.63,closed
3549,1,1,COIN,243.78,243.30,2025-02-22 00:18:46.270873,2025-02-22 00:19:08.061928,,243.30,,2025-02-22 00:19:08.061928,10000.00,LONG,-0.48,closed
3550,3,2,COIN,243.00,243.03,2025-02-22 00:19:09.316475,2025-02-22 00:19:12.315798,,243.03,,2025-02-22 00:19:12.315798,10000.00,LONG,0.03,closed
3551,1,1,COIN,243.58,243.03,2025-02-22 00:19:09.559062,2025-02-22 00:19:12.315798,,243.03,,2025-02-22 00:19:12.315798,10000.00,LONG,-0.55,closed
3552,3,2,COIN,243.55,243.04,2025-02-22 00:19:13.320008,2025-02-22 00:19:19.330215,,243.04,,2025-02-22 00:19:19.330215,10000.00,LONG,-0.51,closed
3553,1,1,COIN,243.55,243.04,2025-02-22 00:19:13.320008,2025-02-22 00:19:19.330215,,243.04,,2025-02-22 00:19:19.330215,10000.00,LONG,-0.51,closed
3554,2,1,COIN,243.21,243.64,2025-02-22 00:19:13.819020,2025-02-22 00:19:43.114008,,243.64,,2025-02-22 00:19:43.114008,10000.00,SHORT,-0.43,closed
3555,3,2,COIN,243.04,243.04,2025-02-22 00:19:19.330215,2025-02-22 00:19:35.107031,,243.04,,2025-02-22 00:19:35.107031,10000.00,LONG,0.00,closed
3556,1,1,COIN,243.04,243.06,2025-02-22 00:19:19.330215,2025-02-22 00:20:14.415313,,243.06,,2025-02-22 00:20:14.415313,10000.00,LONG,0.02,closed
3557,4,2,COIN,243.04,243.64,2025-02-22 00:19:30.853762,2025-02-22 00:19:43.114008,,243.64,,2025-02-22 00:19:43.114008,10000.00,SHORT,-0.60,closed
3558,3,2,COIN,243.18,243.06,2025-02-22 00:19:36.102987,2025-02-22 00:20:14.415313,,243.06,,2025-02-22 00:20:14.415313,10000.00,LONG,-0.12,closed
3559,2,1,COIN,243.45,243.65,2025-02-22 00:19:59.893004,2025-02-22 00:20:36.957274,,243.65,,2025-02-22 00:20:36.957274,10000.00,SHORT,-0.20,closed
3560,4,2,COIN,243.31,243.59,2025-02-22 00:20:00.391968,2025-02-22 00:20:25.692618,,243.59,,2025-02-22 00:20:25.692618,10000.00,SHORT,-0.28,closed
3561,5,1,TSLA,339.89,339.72,2025-02-22 00:20:13.918359,2025-02-22 00:21:58.100149,,339.72,,2025-02-22 00:21:58.100149,10000.00,LONG,-5.00,closed
3562,3,2,COIN,243.50,243.58,2025-02-22 00:20:15.925597,2025-02-22 00:20:56.997741,,243.58,,2025-02-22 00:20:56.997741,10000.00,LONG,0.08,closed
3563,1,1,COIN,243.10,243.58,2025-02-22 00:20:16.172714,2025-02-22 00:20:56.997741,,243.58,,2025-02-22 00:20:56.997741,10000.00,LONG,0.48,closed
3564,4,2,COIN,243.21,243.65,2025-02-22 00:20:29.697950,2025-02-22 00:20:36.957274,,243.65,,2025-02-22 00:20:36.957274,10000.00,SHORT,-0.44,closed
3565,3,2,COIN,243.87,243.64,2025-02-22 00:20:57.994900,2025-02-22 00:21:16.283589,,243.64,,2025-02-22 00:21:16.283589,10000.00,LONG,-0.23,closed
3566,1,1,COIN,243.87,243.67,2025-02-22 00:20:57.994900,2025-02-22 00:21:26.049304,,243.67,,2025-02-22 00:21:26.049304,10000.00,LONG,-0.20,closed
3567,3,2,COIN,243.64,243.65,2025-02-22 00:21:16.283589,2025-02-22 00:21:26.297897,,243.65,,2025-02-22 00:21:26.297897,10000.00,LONG,0.01,closed
3568,6,1,TSLA,339.93,340.33,2025-02-22 00:21:22.288500,2025-02-22 00:23:16.225827,,340.33,,2025-02-22 00:23:16.225827,10000.00,SHORT,-0.40,closed
3569,1,1,COIN,243.65,243.60,2025-02-22 00:21:26.297897,2025-02-22 00:21:59.355334,,243.60,,2025-02-22 00:21:59.355334,10000.00,LONG,-0.05,closed
3570,3,2,COIN,244.05,243.74,2025-02-22 00:21:27.798257,2025-02-22 00:21:54.345892,,243.74,,2025-02-22 00:21:54.345892,10000.00,LONG,-0.31,closed
3571,2,1,COIN,243.66,244.24,2025-02-22 00:21:38.570924,2025-02-22 00:21:51.594614,,244.24,,2025-02-22 00:21:51.594614,10000.00,SHORT,-0.58,closed
3572,2,1,COIN,243.74,244.31,2025-02-22 00:21:54.345892,2025-02-22 00:21:55.599717,,244.31,,2025-02-22 00:21:55.599717,10000.00,SHORT,-0.57,closed
3573,3,2,COIN,244.31,243.78,2025-02-22 00:21:55.599717,2025-02-22 00:21:59.858446,,243.78,,2025-02-22 00:21:59.858446,10000.00,LONG,-0.53,closed
3574,4,2,COIN,243.65,244.19,2025-02-22 00:21:58.850912,2025-02-22 00:22:39.665913,,244.19,,2025-02-22 00:22:39.665913,10000.00,SHORT,-0.54,closed
3575,1,1,COIN,243.60,243.37,2025-02-22 00:22:00.358741,2025-02-22 00:22:28.651299,,243.37,,2025-02-22 00:22:28.651299,10000.00,LONG,-0.23,closed
3576,2,1,COIN,243.60,244.07,2025-02-22 00:22:00.358741,2025-02-22 00:22:33.659594,,244.07,,2025-02-22 00:22:33.659594,10000.00,SHORT,-0.47,closed
3577,3,2,COIN,243.60,243.49,2025-02-22 00:22:00.358741,2025-02-22 00:22:13.126330,,243.49,,2025-02-22 00:22:13.126330,10000.00,LONG,-0.11,closed
3578,3,2,COIN,243.49,243.69,2025-02-22 00:22:13.126330,2025-02-22 00:23:01.453751,,243.69,,2025-02-22 00:23:01.453751,10000.00,LONG,0.20,closed
3579,1,1,COIN,243.69,243.54,2025-02-22 00:22:28.897825,2025-02-22 00:22:36.412197,,243.54,,2025-02-22 00:22:36.412197,10000.00,LONG,-0.15,closed
3580,2,1,COIN,243.54,244.06,2025-02-22 00:22:36.910949,2025-02-22 00:22:37.663528,,244.06,,2025-02-22 00:22:37.663528,10000.00,SHORT,-0.52,closed
3581,1,1,COIN,244.06,243.55,2025-02-22 00:22:37.663528,2025-02-22 00:22:38.162407,,243.55,,2025-02-22 00:22:38.162407,10000.00,LONG,-0.51,closed
3582,2,1,COIN,243.55,244.19,2025-02-22 00:22:38.162407,2025-02-22 00:22:39.665913,,244.19,,2025-02-22 00:22:39.665913,10000.00,SHORT,-0.64,closed
3583,1,1,COIN,244.19,244.09,2025-02-22 00:22:39.665913,2025-02-22 00:23:41.541108,,244.09,,2025-02-22 00:23:41.541108,10000.00,LONG,-0.10,closed
3584,4,2,COIN,243.99,244.24,2025-02-22 00:22:54.440558,2025-02-22 00:23:04.462096,,244.24,,2025-02-22 00:23:04.462096,10000.00,SHORT,-0.25,closed
3585,3,2,COIN,243.87,244.20,2025-02-22 00:23:02.008830,2025-02-22 00:24:22.112828,,244.20,,2025-02-22 00:24:22.112828,10000.00,LONG,0.33,closed
3586,5,1,TSLA,340.30,339.75,2025-02-22 00:23:15.479938,2025-02-22 00:24:23.119883,,339.75,,2025-02-22 00:24:23.119883,10000.00,LONG,-16.16,closed
3587,2,1,COIN,244.09,244.65,2025-02-22 00:23:39.541063,2025-02-22 00:23:43.546682,,244.65,,2025-02-22 00:23:43.546682,10000.00,SHORT,-0.56,closed
3588,1,1,COIN,244.10,244.10,2025-02-22 00:23:41.797422,2025-02-22 00:23:45.548989,,244.10,,2025-02-22 00:23:45.548989,10000.00,LONG,0.00,closed
3589,1,1,COIN,244.64,244.11,2025-02-22 00:23:46.549415,2025-02-22 00:23:47.051024,,244.11,,2025-02-22 00:23:47.051024,10000.00,LONG,-0.53,closed
3590,1,1,COIN,244.13,244.20,2025-02-22 00:23:48.557451,2025-02-22 00:24:22.112828,,244.20,,2025-02-22 00:24:22.112828,10000.00,LONG,0.07,closed
3591,2,1,COIN,244.13,244.70,2025-02-22 00:23:53.309031,2025-02-22 00:24:08.840564,,244.70,,2025-02-22 00:24:08.840564,10000.00,SHORT,-0.57,closed
3592,6,1,TSLA,339.98,340.27,2025-02-22 00:24:14.851528,2025-02-22 00:25:39.007621,,340.27,,2025-02-22 00:25:39.007621,10000.00,SHORT,-0.29,closed
3593,2,1,COIN,244.20,244.61,2025-02-22 00:24:22.112828,2025-02-22 00:24:51.982878,,244.61,,2025-02-22 00:24:51.982878,10000.00,SHORT,-0.41,closed
3594,4,2,COIN,244.15,244.61,2025-02-22 00:24:23.114879,2025-02-22 00:24:51.982878,,244.61,,2025-02-22 00:24:51.982878,10000.00,SHORT,-0.46,closed
3595,3,2,COIN,244.27,243.69,2025-02-22 00:24:23.618520,2025-02-22 00:25:12.012075,,243.69,,2025-02-22 00:25:12.012075,10000.00,LONG,-0.58,closed
3596,1,1,COIN,244.27,244.18,2025-02-22 00:24:23.618520,2025-02-22 00:24:45.410980,,244.18,,2025-02-22 00:24:45.410980,10000.00,LONG,-0.09,closed
3597,1,1,COIN,244.18,243.93,2025-02-22 00:24:45.410980,2025-02-22 00:25:12.452441,,243.93,,2025-02-22 00:25:12.452441,10000.00,LONG,-0.25,closed
3598,2,1,COIN,244.27,244.45,2025-02-22 00:25:00.683286,2025-02-22 00:25:30.987134,,244.45,,2025-02-22 00:25:30.987134,10000.00,SHORT,-0.18,closed
3599,4,2,COIN,243.69,244.45,2025-02-22 00:25:12.012075,2025-02-22 00:25:30.987134,,244.45,,2025-02-22 00:25:30.987134,10000.00,SHORT,-0.76,closed
3600,3,2,COIN,244.11,244.00,2025-02-22 00:25:12.955473,2025-02-22 00:25:39.002618,,244.00,,2025-02-22 00:25:39.002618,10000.00,LONG,-0.11,closed
3601,1,1,COIN,244.11,244.00,2025-02-22 00:25:12.955473,2025-02-22 00:25:42.067825,,244.00,,2025-02-22 00:25:42.067825,10000.00,LONG,-0.11,closed
3602,2,1,COIN,243.97,244.54,2025-02-22 00:25:33.991672,2025-02-22 00:25:35.246770,,244.54,,2025-02-22 00:25:35.246770,10000.00,SHORT,-0.57,closed
3603,2,1,COIN,244.00,244.59,2025-02-22 00:25:39.002618,2025-02-22 00:25:43.260068,,244.59,,2025-02-22 00:25:43.260068,10000.00,SHORT,-0.59,closed
3604,3,2,COIN,244.22,244.00,2025-02-22 00:25:39.751929,2025-02-22 00:25:42.067825,,244.00,,2025-02-22 00:25:42.067825,10000.00,LONG,-0.22,closed
3605,3,2,COIN,244.59,244.47,2025-02-22 00:25:43.260068,2025-02-22 00:26:23.071540,,244.47,,2025-02-22 00:26:23.071540,10000.00,LONG,-0.12,closed
3606,1,1,COIN,244.59,244.47,2025-02-22 00:25:43.260068,2025-02-22 00:26:23.071540,,244.47,,2025-02-22 00:26:23.071540,10000.00,LONG,-0.12,closed
3607,5,1,TSLA,340.47,339.99,2025-02-22 00:25:45.257801,2025-02-22 00:28:45.475414,,339.99,,2025-02-22 00:28:45.475414,10000.00,LONG,-14.10,closed
3608,2,1,COIN,244.37,244.97,2025-02-22 00:25:50.268129,2025-02-22 00:26:07.551160,,244.97,,2025-02-22 00:26:07.551160,10000.00,SHORT,-0.60,closed
3609,4,2,COIN,244.25,244.97,2025-02-22 00:25:56.283035,2025-02-22 00:26:07.551160,,244.97,,2025-02-22 00:26:07.551160,10000.00,SHORT,-0.72,closed
3610,1,1,COIN,244.47,244.17,2025-02-22 00:26:23.071540,2025-02-22 00:27:01.954705,,244.17,,2025-02-22 00:27:01.954705,10000.00,LONG,-0.30,closed
3611,3,2,COIN,244.47,244.17,2025-02-22 00:26:23.071540,2025-02-22 00:27:01.954705,,244.17,,2025-02-22 00:27:01.954705,10000.00,LONG,-0.30,closed
3612,6,1,TSLA,340.14,340.10,2025-02-22 00:26:35.595851,2025-02-22 00:31:26.997140,,340.10,,2025-02-22 00:31:26.997140,10000.00,SHORT,0.04,closed
3613,2,1,COIN,244.21,244.70,2025-02-22 00:26:48.119307,2025-02-22 00:26:51.124497,,244.70,,2025-02-22 00:26:51.124497,10000.00,SHORT,-0.49,closed
3614,2,1,COIN,244.17,244.17,2025-02-22 00:27:01.954705,2025-02-22 00:29:05.617782,,244.17,,2025-02-22 00:29:05.617782,10000.00,SHORT,0.00,closed
3615,3,2,COIN,244.17,243.93,2025-02-22 00:27:01.954705,2025-02-22 00:27:27.687318,,243.93,,2025-02-22 00:27:27.687318,10000.00,LONG,-0.24,closed
3616,1,1,COIN,244.17,243.90,2025-02-22 00:27:01.954705,2025-02-22 00:27:30.191145,,243.90,,2025-02-22 00:27:30.191145,10000.00,LONG,-0.27,closed
3617,4,2,COIN,244.17,244.17,2025-02-22 00:27:06.653364,2025-02-22 00:29:05.617782,,244.17,,2025-02-22 00:29:05.617782,10000.00,SHORT,0.00,closed
3618,3,2,COIN,243.95,243.69,2025-02-22 00:27:28.687386,2025-02-22 00:27:55.232789,,243.69,,2025-02-22 00:27:55.232789,10000.00,LONG,-0.26,closed
3619,1,1,COIN,244.04,243.69,2025-02-22 00:27:31.191438,2025-02-22 00:27:55.232789,,243.69,,2025-02-22 00:27:55.232789,10000.00,LONG,-0.35,closed
3620,1,1,COIN,243.69,243.53,2025-02-22 00:27:55.232789,2025-02-22 00:28:27.806572,,243.53,,2025-02-22 00:28:27.806572,10000.00,LONG,-0.16,closed
3621,3,2,COIN,243.69,243.52,2025-02-22 00:27:55.232789,2025-02-22 00:28:33.951542,,243.52,,2025-02-22 00:28:33.951542,10000.00,LONG,-0.17,closed
3622,1,1,COIN,243.74,243.59,2025-02-22 00:28:28.552932,2025-02-22 00:29:22.892841,,243.59,,2025-02-22 00:29:22.892841,10000.00,LONG,-0.15,closed
3623,3,2,COIN,243.83,243.59,2025-02-22 00:28:35.206313,2025-02-22 00:29:22.892841,,243.59,,2025-02-22 00:29:22.892841,10000.00,LONG,-0.24,closed
3624,2,1,COIN,243.79,243.94,2025-02-22 00:29:14.878928,2025-02-22 00:30:11.225735,,243.94,,2025-02-22 00:30:11.225735,10000.00,SHORT,-0.15,closed
3625,3,2,COIN,243.59,243.45,2025-02-22 00:29:22.892841,2025-02-22 00:30:17.799505,,243.45,,2025-02-22 00:30:17.799505,10000.00,LONG,-0.14,closed
3626,1,1,COIN,243.59,243.50,2025-02-22 00:29:22.892841,2025-02-22 00:30:39.514909,,243.50,,2025-02-22 00:30:39.514909,10000.00,LONG,-0.09,closed
3627,4,2,COIN,243.53,243.94,2025-02-22 00:29:58.707127,2025-02-22 00:30:11.225735,,243.94,,2025-02-22 00:30:11.225735,10000.00,SHORT,-0.41,closed
3628,2,1,COIN,243.65,243.97,2025-02-22 00:30:12.221859,2025-02-22 00:31:01.452588,,243.97,,2025-02-22 00:31:01.452588,10000.00,SHORT,-0.32,closed
3629,4,2,COIN,243.62,243.97,2025-02-22 00:30:17.047072,2025-02-22 00:31:01.452588,,243.97,,2025-02-22 00:31:01.452588,10000.00,SHORT,-0.35,closed
3630,3,2,COIN,243.45,243.47,2025-02-22 00:30:17.799505,2025-02-22 00:31:13.722634,,243.47,,2025-02-22 00:31:13.722634,10000.00,LONG,0.02,closed
3631,1,1,COIN,243.51,243.47,2025-02-22 00:30:41.019294,2025-02-22 00:31:13.722634,,243.47,,2025-02-22 00:31:13.722634,10000.00,LONG,-0.04,closed
3632,2,1,COIN,243.70,244.13,2025-02-22 00:31:02.953449,2025-02-22 00:31:28.999233,,244.13,,2025-02-22 00:31:28.999233,10000.00,SHORT,-0.43,closed
3633,1,1,COIN,243.47,243.54,2025-02-22 00:31:13.722634,2025-02-22 00:31:34.263371,,243.54,,2025-02-22 00:31:34.263371,10000.00,LONG,0.07,closed
3634,3,2,COIN,243.47,243.54,2025-02-22 00:31:13.722634,2025-02-22 00:31:34.263371,,243.54,,2025-02-22 00:31:34.263371,10000.00,LONG,0.07,closed
3635,5,1,TSLA,340.15,342.05,2025-02-22 00:31:29.748368,2025-02-22 00:38:30.993867,,342.05,,2025-02-22 00:38:30.993867,10000.00,LONG,55.86,closed
3636,2,1,COIN,243.54,243.70,2025-02-22 00:31:34.263371,2025-02-22 00:32:24.845992,,243.70,,2025-02-22 00:32:24.845992,10000.00,SHORT,-0.16,closed
3637,3,2,COIN,243.54,243.44,2025-02-22 00:31:34.263371,2025-02-22 00:31:50.534431,,243.44,,2025-02-22 00:31:50.534431,10000.00,LONG,-0.10,closed
3638,1,1,COIN,243.95,243.44,2025-02-22 00:31:35.510265,2025-02-22 00:31:50.534431,,243.44,,2025-02-22 00:31:50.534431,10000.00,LONG,-0.51,closed
3639,4,2,COIN,243.44,243.70,2025-02-22 00:31:50.534431,2025-02-22 00:32:24.845992,,243.70,,2025-02-22 00:32:24.845992,10000.00,SHORT,-0.26,closed
3640,6,1,TSLA,339.71,340.34,2025-02-22 00:31:51.287339,2025-02-22 00:32:33.863790,,340.34,,2025-02-22 00:32:33.863790,10000.00,SHORT,-0.63,closed
3641,3,2,COIN,243.44,243.48,2025-02-22 00:31:50.534431,2025-02-22 00:33:20.182236,,243.48,,2025-02-22 00:33:20.182236,10000.00,LONG,0.04,closed
3642,1,1,COIN,243.44,243.48,2025-02-22 00:31:50.534431,2025-02-22 00:33:20.182236,,243.48,,2025-02-22 00:33:20.182236,10000.00,LONG,0.04,closed
3643,1,1,COIN,243.48,243.49,2025-02-22 00:33:20.182236,2025-02-22 00:34:12.521657,,243.49,,2025-02-22 00:34:12.521657,10000.00,LONG,0.01,closed
3644,3,2,COIN,243.48,243.49,2025-02-22 00:33:20.182236,2025-02-22 00:34:12.521657,,243.49,,2025-02-22 00:34:12.521657,10000.00,LONG,0.01,closed
3645,2,1,COIN,243.61,244.16,2025-02-22 00:33:25.693882,2025-02-22 00:33:49.741163,,244.16,,2025-02-22 00:33:49.741163,10000.00,SHORT,-0.55,closed
3646,6,1,TSLA,340.31,340.99,2025-02-22 00:33:35.457612,2025-02-22 00:34:53.594567,,340.99,,2025-02-22 00:34:53.594567,10000.00,SHORT,-0.68,closed
3647,2,1,COIN,243.85,243.90,2025-02-22 00:33:54.995065,2025-02-22 00:34:22.289145,,243.90,,2025-02-22 00:34:22.289145,10000.00,SHORT,-0.05,closed
3648,4,2,COIN,243.49,243.90,2025-02-22 00:34:12.521657,2025-02-22 00:34:22.289145,,243.90,,2025-02-22 00:34:22.289145,10000.00,SHORT,-0.41,closed
3649,1,1,COIN,243.37,243.50,2025-02-22 00:34:13.529128,2025-02-22 00:34:26.549174,,243.50,,2025-02-22 00:34:26.549174,10000.00,LONG,0.13,closed
3650,3,2,COIN,243.63,243.62,2025-02-22 00:34:14.024845,2025-02-22 00:34:37.062485,,243.62,,2025-02-22 00:34:37.062485,10000.00,LONG,-0.01,closed
3651,4,2,COIN,243.46,244.11,2025-02-22 00:34:23.792125,2025-02-22 00:34:29.555072,,244.11,,2025-02-22 00:34:29.555072,10000.00,SHORT,-0.65,closed
3652,2,1,COIN,243.46,244.11,2025-02-22 00:34:23.792125,2025-02-22 00:34:29.555072,,244.11,,2025-02-22 00:34:29.555072,10000.00,SHORT,-0.65,closed
3653,1,1,COIN,244.07,243.62,2025-02-22 00:34:27.801996,2025-02-22 00:34:37.062485,,243.62,,2025-02-22 00:34:37.062485,10000.00,LONG,-0.45,closed
3654,2,1,COIN,243.62,244.11,2025-02-22 00:34:37.062485,2025-02-22 00:34:38.816957,,244.11,,2025-02-22 00:34:38.816957,10000.00,SHORT,-0.49,closed
3655,1,1,COIN,243.62,243.98,2025-02-22 00:34:37.062485,2025-02-22 00:34:59.101271,,243.98,,2025-02-22 00:34:59.101271,10000.00,LONG,0.36,closed
3656,3,2,COIN,243.62,243.69,2025-02-22 00:34:37.062485,2025-02-22 00:35:33.662882,,243.69,,2025-02-22 00:35:33.662882,10000.00,LONG,0.07,closed
3657,2,1,COIN,243.94,244.46,2025-02-22 00:34:58.602949,2025-02-22 00:35:02.862907,,244.46,,2025-02-22 00:35:02.862907,10000.00,SHORT,-0.52,closed
3658,1,1,COIN,244.23,243.69,2025-02-22 00:34:59.853252,2025-02-22 00:35:33.662882,,243.69,,2025-02-22 00:35:33.662882,10000.00,LONG,-0.54,closed
3659,1,1,COIN,243.69,243.70,2025-02-22 00:35:33.662882,2025-02-22 00:36:02.718495,,243.70,,2025-02-22 00:36:02.718495,10000.00,LONG,0.01,closed
3660,3,2,COIN,243.69,243.70,2025-02-22 00:35:33.662882,2025-02-22 00:36:02.718495,,243.70,,2025-02-22 00:36:02.718495,10000.00,LONG,0.01,closed
3661,6,1,TSLA,340.84,341.49,2025-02-22 00:35:36.923830,2025-02-22 00:37:10.116453,,341.49,,2025-02-22 00:37:10.116453,10000.00,SHORT,-0.65,closed
3662,4,2,COIN,243.69,244.20,2025-02-22 00:35:40.179244,2025-02-22 00:35:57.458190,,244.20,,2025-02-22 00:35:57.458190,10000.00,SHORT,-0.51,closed
3663,2,1,COIN,243.69,244.20,2025-02-22 00:35:40.179244,2025-02-22 00:35:57.458190,,244.20,,2025-02-22 00:35:57.458190,10000.00,SHORT,-0.51,closed
3664,4,2,COIN,243.69,244.32,2025-02-22 00:36:02.467950,2025-02-22 00:36:05.221661,,244.32,,2025-02-22 00:36:05.221661,10000.00,SHORT,-0.63,closed
3665,2,1,COIN,243.69,244.32,2025-02-22 00:36:02.467950,2025-02-22 00:36:05.221661,,244.32,,2025-02-22 00:36:05.221661,10000.00,SHORT,-0.63,closed
3666,1,1,COIN,243.71,244.07,2025-02-22 00:36:03.727475,2025-02-22 00:37:02.854713,,244.07,,2025-02-22 00:37:02.854713,10000.00,LONG,0.36,closed
3667,3,2,COIN,243.99,244.07,2025-02-22 00:36:04.220803,2025-02-22 00:37:02.854713,,244.07,,2025-02-22 00:37:02.854713,10000.00,LONG,0.08,closed
3668,2,1,COIN,244.00,244.55,2025-02-22 00:36:08.476185,2025-02-22 00:36:19.750680,,244.55,,2025-02-22 00:36:19.750680,10000.00,SHORT,-0.55,closed
3669,2,1,COIN,244.22,244.54,2025-02-22 00:36:23.503075,2025-02-22 00:36:55.804163,,244.54,,2025-02-22 00:36:55.804163,10000.00,SHORT,-0.32,closed
3670,1,1,COIN,244.63,244.09,2025-02-22 00:37:03.354609,2025-02-22 00:37:05.106328,,244.09,,2025-02-22 00:37:05.106328,10000.00,LONG,-0.54,closed
3671,3,2,COIN,244.63,244.09,2025-02-22 00:37:03.354609,2025-02-22 00:37:05.106328,,244.09,,2025-02-22 00:37:05.106328,10000.00,LONG,-0.54,closed
3672,2,1,COIN,244.09,244.64,2025-02-22 00:37:05.106328,2025-02-22 00:37:07.364392,,244.64,,2025-02-22 00:37:07.364392,10000.00,SHORT,-0.55,closed
3673,1,1,COIN,244.09,245.22,2025-02-22 00:37:05.106328,2025-02-22 00:38:13.208210,,245.22,,2025-02-22 00:38:13.208210,10000.00,LONG,1.13,closed
3674,3,2,COIN,244.11,245.23,2025-02-22 00:37:07.108030,2025-02-22 00:38:14.213122,,245.23,,2025-02-22 00:38:14.213122,10000.00,LONG,1.12,closed
3675,2,1,COIN,244.18,244.84,2025-02-22 00:37:11.866931,2025-02-22 00:37:21.109113,,244.84,,2025-02-22 00:37:21.109113,10000.00,SHORT,-0.66,closed
3676,2,1,COIN,244.46,244.97,2025-02-22 00:37:27.122716,2025-02-22 00:37:36.638059,,244.97,,2025-02-22 00:37:36.638059,10000.00,SHORT,-0.51,closed
3677,1,1,COIN,245.23,245.11,2025-02-22 00:38:14.213122,2025-02-22 00:38:28.738793,,245.11,,2025-02-22 00:38:28.738793,10000.00,LONG,-0.12,closed
3678,3,2,COIN,245.24,245.11,2025-02-22 00:38:15.713049,2025-02-22 00:38:28.738793,,245.11,,2025-02-22 00:38:28.738793,10000.00,LONG,-0.13,closed
3679,1,1,COIN,245.51,245.00,2025-02-22 00:38:29.743188,2025-02-22 00:38:29.997840,,245.00,,2025-02-22 00:38:29.997840,10000.00,LONG,-0.51,closed
3680,3,2,COIN,245.00,244.82,2025-02-22 00:38:29.997840,2025-02-22 00:39:13.323348,,244.82,,2025-02-22 00:39:13.323348,10000.00,LONG,-0.18,closed
3681,1,1,COIN,245.00,244.82,2025-02-22 00:38:31.742690,2025-02-22 00:39:13.323348,,244.82,,2025-02-22 00:39:13.323348,10000.00,LONG,-0.18,closed
3682,6,1,TSLA,342.28,342.20,2025-02-22 00:38:56.537114,2025-02-22 00:40:42.733595,,342.20,,2025-02-22 00:40:42.733595,10000.00,SHORT,0.08,closed
3683,2,1,COIN,245.42,245.52,2025-02-22 00:39:03.301208,2025-02-22 00:40:04.776876,,245.52,,2025-02-22 00:40:04.776876,10000.00,SHORT,-0.10,closed
3684,4,2,COIN,245.23,245.52,2025-02-22 00:39:10.566198,2025-02-22 00:40:04.776876,,245.52,,2025-02-22 00:40:04.776876,10000.00,SHORT,-0.29,closed
3685,3,2,COIN,244.82,244.99,2025-02-22 00:39:13.323348,2025-02-22 00:40:05.781654,,244.99,,2025-02-22 00:40:05.781654,10000.00,LONG,0.17,closed
3686,1,1,COIN,244.84,244.99,2025-02-22 00:39:15.322935,2025-02-22 00:40:05.781654,,244.99,,2025-02-22 00:40:05.781654,10000.00,LONG,0.15,closed
3687,2,1,COIN,244.99,245.41,2025-02-22 00:40:05.781654,2025-02-22 00:40:13.789810,,245.41,,2025-02-22 00:40:13.789810,10000.00,SHORT,-0.42,closed
3688,1,1,COIN,244.99,245.02,2025-02-22 00:40:05.781654,2025-02-22 00:40:11.285553,,245.02,,2025-02-22 00:40:11.285553,10000.00,LONG,0.03,closed
3689,3,2,COIN,244.87,245.02,2025-02-22 00:40:07.032212,2025-02-22 00:40:11.285553,,245.02,,2025-02-22 00:40:11.285553,10000.00,LONG,0.15,closed
3690,1,1,COIN,245.02,245.00,2025-02-22 00:40:11.285553,2025-02-22 00:40:27.604982,,245.00,,2025-02-22 00:40:27.604982,10000.00,LONG,-0.02,closed
3691,3,2,COIN,245.02,244.84,2025-02-22 00:40:11.285553,2025-02-22 00:40:28.237560,,244.84,,2025-02-22 00:40:28.237560,10000.00,LONG,-0.18,closed
3692,2,1,COIN,244.84,244.69,2025-02-22 00:40:28.237560,2025-02-22 00:42:38.319782,,244.69,,2025-02-22 00:42:38.319782,10000.00,SHORT,0.15,closed
3693,1,1,COIN,244.84,244.70,2025-02-22 00:40:28.237560,2025-02-22 00:40:59.006962,,244.70,,2025-02-22 00:40:59.006962,10000.00,LONG,-0.14,closed
3694,3,2,COIN,245.06,244.70,2025-02-22 00:40:29.236166,2025-02-22 00:40:59.006962,,244.70,,2025-02-22 00:40:59.006962,10000.00,LONG,-0.36,closed
3695,4,2,COIN,244.82,244.51,2025-02-22 00:40:31.744721,2025-02-22 00:41:50.233302,,244.51,,2025-02-22 00:41:50.233302,10000.00,SHORT,0.31,closed
3696,5,1,TSLA,342.12,341.50,2025-02-22 00:40:39.727511,2025-02-22 00:41:41.464516,,341.50,,2025-02-22 00:41:41.464516,10000.00,LONG,-18.12,closed
3697,1,1,COIN,244.88,244.51,2025-02-22 00:40:59.915504,2025-02-22 00:41:38.710322,,244.51,,2025-02-22 00:41:38.710322,10000.00,LONG,-0.37,closed
3698,3,2,COIN,244.88,244.51,2025-02-22 00:40:59.915504,2025-02-22 00:41:38.710322,,244.51,,2025-02-22 00:41:38.710322,10000.00,LONG,-0.37,closed
3699,6,1,TSLA,341.99,339.04,2025-02-22 00:41:08.836743,2025-02-22 01:00:33.485244,,339.04,,2025-02-22 01:00:33.485244,10000.00,SHORT,2.95,closed
3700,1,1,COIN,244.56,244.02,2025-02-22 00:41:39.967852,2025-02-22 00:41:58.244098,,244.02,,2025-02-22 00:41:58.244098,10000.00,LONG,-0.54,closed
3701,3,2,COIN,244.56,244.02,2025-02-22 00:41:39.967852,2025-02-22 00:41:58.244098,,244.02,,2025-02-22 00:41:58.244098,10000.00,LONG,-0.54,closed
3702,4,2,COIN,244.44,244.41,2025-02-22 00:41:51.489803,2025-02-22 00:42:38.063113,,244.41,,2025-02-22 00:42:38.063113,10000.00,SHORT,0.03,closed
3703,1,1,COIN,244.31,244.20,2025-02-22 00:41:58.749719,2025-02-22 00:43:15.626045,,244.20,,2025-02-22 00:43:15.626045,10000.00,LONG,-0.11,closed
3704,3,2,COIN,244.31,244.20,2025-02-22 00:41:58.749719,2025-02-22 00:43:15.626045,,244.20,,2025-02-22 00:43:15.626045,10000.00,LONG,-0.11,closed
3705,5,1,TSLA,341.87,341.16,2025-02-22 00:42:56.097981,2025-02-22 00:44:25.356587,,341.16,,2025-02-22 00:44:25.356587,10000.00,LONG,-20.77,closed
3706,2,1,COIN,244.20,244.44,2025-02-22 00:43:15.626045,2025-02-22 00:43:58.066214,,244.44,,2025-02-22 00:43:58.066214,10000.00,SHORT,-0.24,closed
3707,3,2,COIN,244.20,243.88,2025-02-22 00:43:15.626045,2025-02-22 00:43:31.408749,,243.88,,2025-02-22 00:43:31.408749,10000.00,LONG,-0.32,closed
3708,1,1,COIN,244.20,243.88,2025-02-22 00:43:15.626045,2025-02-22 00:43:31.408749,,243.88,,2025-02-22 00:43:31.408749,10000.00,LONG,-0.32,closed
3709,4,2,COIN,243.88,244.50,2025-02-22 00:43:31.408749,2025-02-22 00:43:57.815153,,244.50,,2025-02-22 00:43:57.815153,10000.00,SHORT,-0.62,closed
3710,3,2,COIN,243.88,244.20,2025-02-22 00:43:31.408749,2025-02-22 00:44:06.076937,,244.20,,2025-02-22 00:44:06.076937,10000.00,LONG,0.32,closed
3711,1,1,COIN,243.88,244.20,2025-02-22 00:43:31.408749,2025-02-22 00:44:06.076937,,244.20,,2025-02-22 00:44:06.076937,10000.00,LONG,0.32,closed
3712,4,2,COIN,244.03,244.70,2025-02-22 00:44:02.821843,2025-02-22 00:44:03.319702,,244.70,,2025-02-22 00:44:03.319702,10000.00,SHORT,-0.67,closed
3713,2,1,COIN,244.03,244.70,2025-02-22 00:44:02.821843,2025-02-22 00:44:03.319702,,244.70,,2025-02-22 00:44:03.319702,10000.00,SHORT,-0.67,closed
3714,2,1,COIN,244.20,244.60,2025-02-22 00:44:06.076937,2025-02-22 00:44:10.581551,,244.60,,2025-02-22 00:44:10.581551,10000.00,SHORT,-0.40,closed
3715,4,2,COIN,244.20,244.60,2025-02-22 00:44:06.076937,2025-02-22 00:44:10.581551,,244.60,,2025-02-22 00:44:10.581551,10000.00,SHORT,-0.40,closed
3716,3,2,COIN,244.66,244.04,2025-02-22 00:44:07.331328,2025-02-22 00:44:08.082126,,244.04,,2025-02-22 00:44:08.082126,10000.00,LONG,-0.62,closed
3717,1,1,COIN,244.66,244.04,2025-02-22 00:44:07.331328,2025-02-22 00:44:08.082126,,244.04,,2025-02-22 00:44:08.082126,10000.00,LONG,-0.62,closed
3718,3,2,COIN,244.04,244.05,2025-02-22 00:44:08.082126,2025-02-22 00:44:15.342710,,244.05,,2025-02-22 00:44:15.342710,10000.00,LONG,0.01,closed
3719,1,1,COIN,244.04,244.05,2025-02-22 00:44:08.082126,2025-02-22 00:44:15.342710,,244.05,,2025-02-22 00:44:15.342710,10000.00,LONG,0.01,closed
3720,2,1,COIN,244.05,244.52,2025-02-22 00:44:15.342710,2025-02-22 00:44:24.110852,,244.52,,2025-02-22 00:44:24.110852,10000.00,SHORT,-0.47,closed
3721,3,2,COIN,244.05,244.02,2025-02-22 00:44:15.342710,2025-02-22 00:44:26.612769,,244.02,,2025-02-22 00:44:26.612769,10000.00,LONG,-0.03,closed
3722,1,1,COIN,244.05,244.02,2025-02-22 00:44:15.342710,2025-02-22 00:44:26.612769,,244.02,,2025-02-22 00:44:26.612769,10000.00,LONG,-0.03,closed
3723,4,2,COIN,244.01,244.52,2025-02-22 00:44:18.097525,2025-02-22 00:44:24.110852,,244.52,,2025-02-22 00:44:24.110852,10000.00,SHORT,-0.51,closed
3724,2,1,COIN,244.02,244.57,2025-02-22 00:44:26.612769,2025-02-22 00:44:31.117991,,244.57,,2025-02-22 00:44:31.117991,10000.00,SHORT,-0.55,closed
3725,3,2,COIN,244.02,244.03,2025-02-22 00:44:26.612769,2025-02-22 00:44:31.869676,,244.03,,2025-02-22 00:44:31.869676,10000.00,LONG,0.01,closed
3726,1,1,COIN,244.02,244.30,2025-02-22 00:44:26.612769,2025-02-22 00:44:55.907555,,244.30,,2025-02-22 00:44:55.907555,10000.00,LONG,0.28,closed
3727,2,1,COIN,244.03,244.60,2025-02-22 00:44:31.869676,2025-02-22 00:44:35.629989,,244.60,,2025-02-22 00:44:35.629989,10000.00,SHORT,-0.57,closed
3728,3,2,COIN,244.32,244.30,2025-02-22 00:44:33.370858,2025-02-22 00:44:55.907555,,244.30,,2025-02-22 00:44:55.907555,10000.00,LONG,-0.02,closed
3729,3,2,COIN,244.22,244.28,2025-02-22 00:44:56.912521,2025-02-22 00:46:05.773595,,244.28,,2025-02-22 00:46:05.773595,10000.00,LONG,0.06,closed
3730,1,1,COIN,244.22,244.28,2025-02-22 00:44:56.912521,2025-02-22 00:46:05.773595,,244.28,,2025-02-22 00:46:05.773595,10000.00,LONG,0.06,closed
3731,4,2,COIN,244.23,244.56,2025-02-22 00:44:59.416288,2025-02-22 00:45:30.469297,,244.56,,2025-02-22 00:45:30.469297,10000.00,SHORT,-0.33,closed
3732,2,1,COIN,244.23,244.65,2025-02-22 00:44:59.416288,2025-02-22 00:45:32.971883,,244.65,,2025-02-22 00:45:32.971883,10000.00,SHORT,-0.42,closed
3733,2,1,COIN,244.33,244.51,2025-02-22 00:45:59.516321,2025-02-22 00:47:14.382956,,244.51,,2025-02-22 00:47:14.382956,10000.00,SHORT,-0.18,closed
3734,3,2,COIN,244.28,244.25,2025-02-22 00:46:05.773595,2025-02-22 00:47:47.447535,,244.25,,2025-02-22 00:47:47.447535,10000.00,LONG,-0.03,closed
3735,1,1,COIN,244.28,244.25,2025-02-22 00:46:05.773595,2025-02-22 00:47:47.447535,,244.25,,2025-02-22 00:47:47.447535,10000.00,LONG,-0.03,closed
3736,4,2,COIN,244.15,244.58,2025-02-22 00:46:38.078154,2025-02-22 00:47:13.886880,,244.58,,2025-02-22 00:47:13.886880,10000.00,SHORT,-0.43,closed
3737,2,1,COIN,244.45,244.72,2025-02-22 00:47:32.166448,2025-02-22 00:49:36.123673,,244.72,,2025-02-22 00:49:36.123673,10000.00,SHORT,-0.27,closed
3738,3,2,COIN,244.30,244.01,2025-02-22 00:47:48.441133,2025-02-22 00:49:09.577221,,244.01,,2025-02-22 00:49:09.577221,10000.00,LONG,-0.29,closed
3739,1,1,COIN,244.30,244.01,2025-02-22 00:47:48.441133,2025-02-22 00:49:09.577221,,244.01,,2025-02-22 00:49:09.577221,10000.00,LONG,-0.29,closed
3740,4,2,COIN,244.12,244.65,2025-02-22 00:48:31.770092,2025-02-22 00:49:35.620939,,244.65,,2025-02-22 00:49:35.620939,10000.00,SHORT,-0.53,closed
3741,3,2,COIN,244.13,244.27,2025-02-22 00:49:09.577221,2025-02-22 00:50:49.240467,,244.27,,2025-02-22 00:50:49.240467,10000.00,LONG,0.14,closed
3742,1,1,COIN,244.13,244.27,2025-02-22 00:49:09.577221,2025-02-22 00:50:49.240467,,244.27,,2025-02-22 00:50:49.240467,10000.00,LONG,0.14,closed
3743,2,1,COIN,244.27,244.43,2025-02-22 00:50:49.240467,2025-02-22 00:52:54.206050,,244.43,,2025-02-22 00:52:54.206050,10000.00,SHORT,-0.16,closed
3744,3,2,COIN,244.27,244.02,2025-02-22 00:50:49.240467,2025-02-22 00:51:38.322083,,244.02,,2025-02-22 00:51:38.322083,10000.00,LONG,-0.25,closed
3745,1,1,COIN,244.27,244.02,2025-02-22 00:50:49.240467,2025-02-22 00:51:38.322083,,244.02,,2025-02-22 00:51:38.322083,10000.00,LONG,-0.25,closed
3746,4,2,COIN,244.14,244.45,2025-02-22 00:51:03.765723,2025-02-22 00:52:56.955167,,244.45,,2025-02-22 00:52:56.955167,10000.00,SHORT,-0.31,closed
3747,3,2,COIN,244.02,244.29,2025-02-22 00:51:38.322083,2025-02-22 00:53:56.811419,,244.29,,2025-02-22 00:53:56.811419,10000.00,LONG,0.27,closed
3748,1,1,COIN,244.02,244.23,2025-02-22 00:51:38.322083,2025-02-22 00:54:03.071195,,244.23,,2025-02-22 00:54:03.071195,10000.00,LONG,0.21,closed
3749,2,1,COIN,244.29,243.61,2025-02-22 00:53:56.811419,2025-02-22 01:01:29.830312,,243.61,,2025-02-22 01:01:29.830312,10000.00,SHORT,0.68,closed
3750,3,2,COIN,244.30,243.90,2025-02-22 00:53:57.811894,2025-02-22 00:56:16.311793,,243.90,,2025-02-22 00:56:16.311793,10000.00,LONG,-0.40,closed
3751,1,1,COIN,244.39,243.90,2025-02-22 00:54:03.324331,2025-02-22 00:56:16.311793,,243.90,,2025-02-22 00:56:16.311793,10000.00,LONG,-0.49,closed
3752,4,2,COIN,244.25,243.65,2025-02-22 00:54:30.619397,2025-02-22 01:01:29.330899,,243.65,,2025-02-22 01:01:29.330899,10000.00,SHORT,0.60,closed
3753,3,2,COIN,244.10,243.66,2025-02-22 00:56:17.560724,2025-02-22 00:56:49.359745,,243.66,,2025-02-22 00:56:49.359745,10000.00,LONG,-0.44,closed
3754,1,1,COIN,243.89,243.66,2025-02-22 00:56:18.315309,2025-02-22 00:56:49.359745,,243.66,,2025-02-22 00:56:49.359745,10000.00,LONG,-0.23,closed
3755,3,2,COIN,243.95,243.57,2025-02-22 00:56:50.613923,2025-02-22 00:57:23.168182,,243.57,,2025-02-22 00:57:23.168182,10000.00,LONG,-0.38,closed
3756,1,1,COIN,243.95,243.57,2025-02-22 00:56:50.613923,2025-02-22 00:57:23.168182,,243.57,,2025-02-22 00:57:23.168182,10000.00,LONG,-0.38,closed
3757,1,1,COIN,243.57,243.50,2025-02-22 00:57:23.168182,2025-02-22 00:58:30.279368,,243.50,,2025-02-22 00:58:30.279368,10000.00,LONG,-0.07,closed
3758,3,2,COIN,243.57,243.40,2025-02-22 00:57:23.168182,2025-02-22 00:58:35.288760,,243.40,,2025-02-22 00:58:35.288760,10000.00,LONG,-0.17,closed
3759,1,1,COIN,243.50,243.15,2025-02-22 00:58:30.279368,2025-02-22 00:59:29.128267,,243.15,,2025-02-22 00:59:29.128267,10000.00,LONG,-0.35,closed
3760,3,2,COIN,243.61,243.06,2025-02-22 00:58:36.543159,2025-02-22 01:00:15.704169,,243.06,,2025-02-22 01:00:15.704169,10000.00,LONG,-0.55,closed
3761,1,1,COIN,243.37,243.01,2025-02-22 00:59:30.126980,2025-02-22 01:00:10.940683,,243.01,,2025-02-22 01:00:10.940683,10000.00,LONG,-0.36,closed
3762,1,1,COIN,243.30,243.25,2025-02-22 01:00:11.192614,2025-02-22 01:02:16.404133,,243.25,,2025-02-22 01:02:16.404133,10000.00,LONG,-0.05,closed
3763,3,2,COIN,243.06,243.01,2025-02-22 01:00:16.453781,2025-02-22 01:01:21.312163,,243.01,,2025-02-22 01:01:21.312163,10000.00,LONG,-0.05,closed
3764,5,1,TSLA,339.09,338.34,2025-02-22 01:00:32.985530,2025-02-22 01:01:43.850700,,338.34,,2025-02-22 01:01:43.850700,10000.00,LONG,-22.12,closed
3765,6,1,TSLA,338.53,338.39,2025-02-22 01:01:18.810102,2025-02-22 01:09:10.626254,,338.39,,2025-02-22 01:09:10.626254,10000.00,SHORT,0.14,closed
3766,3,2,COIN,243.12,243.07,2025-02-22 01:01:22.122906,2025-02-22 01:02:16.908890,,243.07,,2025-02-22 01:02:16.908890,10000.00,LONG,-0.05,closed
3767,2,1,COIN,243.20,243.77,2025-02-22 01:01:40.850831,2025-02-22 01:02:03.637312,,243.77,,2025-02-22 01:02:03.637312,10000.00,SHORT,-0.57,closed
3768,4,2,COIN,243.20,243.77,2025-02-22 01:01:40.850831,2025-02-22 01:02:03.637312,,243.77,,2025-02-22 01:02:03.637312,10000.00,SHORT,-0.57,closed
3769,1,1,COIN,243.07,243.17,2025-02-22 01:02:16.908890,2025-02-22 01:03:36.294650,,243.17,,2025-02-22 01:03:36.294650,10000.00,LONG,0.10,closed
3770,3,2,COIN,243.26,243.30,2025-02-22 01:02:17.907822,2025-02-22 01:03:17.509253,,243.30,,2025-02-22 01:03:17.509253,10000.00,LONG,0.04,closed
3771,2,1,COIN,243.19,243.76,2025-02-22 01:02:22.222651,2025-02-22 01:02:32.680870,,243.76,,2025-02-22 01:02:32.680870,10000.00,SHORT,-0.57,closed
3772,5,1,TSLA,338.78,338.17,2025-02-22 01:02:47.708883,2025-02-22 01:06:05.063200,,338.17,,2025-02-22 01:06:05.063200,10000.00,LONG,-18.01,closed
3773,2,1,COIN,243.37,243.30,2025-02-22 01:03:01.737450,2025-02-22 01:06:16.830407,,243.30,,2025-02-22 01:06:16.830407,10000.00,SHORT,0.07,closed
3774,4,2,COIN,243.31,243.28,2025-02-22 01:03:03.232379,2025-02-22 01:06:16.582867,,243.28,,2025-02-22 01:06:16.582867,10000.00,SHORT,0.03,closed
3775,3,2,COIN,243.61,243.03,2025-02-22 01:03:18.257946,2025-02-22 01:03:50.063619,,243.03,,2025-02-22 01:03:50.063619,10000.00,LONG,-0.58,closed
3776,1,1,COIN,243.42,242.95,2025-02-22 01:03:37.293543,2025-02-22 01:04:45.428986,,242.95,,2025-02-22 01:04:45.428986,10000.00,LONG,-0.47,closed
3777,3,2,COIN,243.03,242.95,2025-02-22 01:03:50.063619,2025-02-22 01:04:45.428986,,242.95,,2025-02-22 01:04:45.428986,10000.00,LONG,-0.08,closed
3778,3,2,COIN,242.96,243.00,2025-02-22 01:04:46.430536,2025-02-22 01:07:54.750283,,243.00,,2025-02-22 01:07:54.750283,10000.00,LONG,0.04,closed
3779,1,1,COIN,243.21,243.00,2025-02-22 01:04:46.930283,2025-02-22 01:07:54.750283,,243.00,,2025-02-22 01:07:54.750283,10000.00,LONG,-0.21,closed
3780,2,1,COIN,243.15,243.24,2025-02-22 01:07:35.211535,2025-02-22 01:08:44.332189,,243.24,,2025-02-22 01:08:44.332189,10000.00,SHORT,-0.09,closed
3781,1,1,COIN,243.00,242.72,2025-02-22 01:07:54.750283,2025-02-22 01:08:27.802607,,242.72,,2025-02-22 01:08:27.802607,10000.00,LONG,-0.28,closed
3782,3,2,COIN,243.00,242.79,2025-02-22 01:07:54.750283,2025-02-22 01:08:26.054250,,242.79,,2025-02-22 01:08:26.054250,10000.00,LONG,-0.21,closed
3783,4,2,COIN,243.01,243.24,2025-02-22 01:08:16.538688,2025-02-22 01:08:44.332189,,243.24,,2025-02-22 01:08:44.332189,10000.00,SHORT,-0.23,closed
3784,3,2,COIN,243.05,242.70,2025-02-22 01:08:26.805802,2025-02-22 01:08:48.342442,,242.70,,2025-02-22 01:08:48.342442,10000.00,LONG,-0.35,closed
3785,1,1,COIN,242.97,243.00,2025-02-22 01:08:29.556003,2025-02-22 01:10:15.485151,,243.00,,2025-02-22 01:10:15.485151,10000.00,LONG,0.03,closed
3786,4,2,COIN,242.70,243.29,2025-02-22 01:08:48.342442,2025-02-22 01:09:03.865241,,243.29,,2025-02-22 01:09:03.865241,10000.00,SHORT,-0.59,closed
3787,3,2,COIN,242.83,242.83,2025-02-22 01:08:48.585751,2025-02-22 01:09:08.120602,,242.83,,2025-02-22 01:09:08.120602,10000.00,LONG,0.00,closed
3788,2,1,COIN,242.85,243.45,2025-02-22 01:08:57.602225,2025-02-22 01:09:18.889045,,243.45,,2025-02-22 01:09:18.889045,10000.00,SHORT,-0.60,closed
3789,5,1,TSLA,337.98,337.69,2025-02-22 01:09:07.371221,2025-02-22 01:11:21.359875,,337.69,,2025-02-22 01:11:21.359875,10000.00,LONG,-8.58,closed
3790,4,2,COIN,242.85,243.49,2025-02-22 01:09:08.622411,2025-02-22 01:09:11.629926,,243.49,,2025-02-22 01:09:11.629926,10000.00,SHORT,-0.64,closed
3791,3,2,COIN,243.07,242.87,2025-02-22 01:09:09.122748,2025-02-22 01:10:14.984185,,242.87,,2025-02-22 01:10:14.984185,10000.00,LONG,-0.20,closed
3792,4,2,COIN,243.09,242.75,2025-02-22 01:10:10.225756,2025-02-22 01:12:30.722045,,242.75,,2025-02-22 01:12:30.722045,10000.00,SHORT,0.34,closed
3793,2,1,COIN,243.09,243.09,2025-02-22 01:10:10.225756,2025-02-22 01:10:38.030800,,243.09,,2025-02-22 01:10:38.030800,10000.00,SHORT,0.00,closed
3794,3,2,COIN,243.00,242.55,2025-02-22 01:10:15.485151,2025-02-22 01:10:22.998214,,242.55,,2025-02-22 01:10:22.998214,10000.00,LONG,-0.45,closed
3795,6,1,TSLA,338.26,338.35,2025-02-22 01:10:16.237885,2025-02-22 01:13:05.528945,,338.35,,2025-02-22 01:13:05.528945,10000.00,SHORT,-0.09,closed
3796,1,1,COIN,243.00,242.55,2025-02-22 01:10:15.485151,2025-02-22 01:10:24.751132,,242.55,,2025-02-22 01:10:24.751132,10000.00,LONG,-0.45,closed
3797,3,2,COIN,242.57,242.36,2025-02-22 01:10:23.499779,2025-02-22 01:11:47.149775,,242.36,,2025-02-22 01:11:47.149775,10000.00,LONG,-0.21,closed
3798,1,1,COIN,242.56,242.50,2025-02-22 01:10:25.254096,2025-02-22 01:11:21.110233,,242.50,,2025-02-22 01:11:21.110233,10000.00,LONG,-0.06,closed
3799,2,1,COIN,242.79,242.75,2025-02-22 01:10:42.288049,2025-02-22 01:12:30.722045,,242.75,,2025-02-22 01:12:30.722045,10000.00,SHORT,0.04,closed
3800,1,1,COIN,242.53,242.34,2025-02-22 01:11:21.608007,2025-02-22 01:11:56.413007,,242.34,,2025-02-22 01:11:56.413007,10000.00,LONG,-0.19,closed
3801,3,2,COIN,242.50,243.28,2025-02-22 01:11:47.647204,2025-02-22 01:14:24.544199,,243.28,,2025-02-22 01:14:24.544199,10000.00,LONG,0.78,closed
3802,1,1,COIN,242.43,243.28,2025-02-22 01:11:57.665917,2025-02-22 01:14:24.544199,,243.28,,2025-02-22 01:14:24.544199,10000.00,LONG,0.85,closed
3803,2,1,COIN,242.51,243.00,2025-02-22 01:12:43.746433,2025-02-22 01:13:04.031852,,243.00,,2025-02-22 01:13:04.031852,10000.00,SHORT,-0.49,closed
3804,5,1,TSLA,338.35,338.19,2025-02-22 01:13:05.528945,2025-02-22 01:16:44.032371,,338.19,,2025-02-22 01:16:44.032371,10000.00,LONG,-4.73,closed
3805,2,1,COIN,242.83,243.33,2025-02-22 01:13:46.595248,2025-02-22 01:14:06.262481,,243.33,,2025-02-22 01:14:06.262481,10000.00,SHORT,-0.50,closed
3806,1,1,COIN,243.28,243.19,2025-02-22 01:14:24.544199,2025-02-22 01:14:40.571372,,243.19,,2025-02-22 01:14:40.571372,10000.00,LONG,-0.09,closed
3807,3,2,COIN,243.28,243.19,2025-02-22 01:14:24.544199,2025-02-22 01:14:40.571372,,243.19,,2025-02-22 01:14:40.571372,10000.00,LONG,-0.09,closed
3808,1,1,COIN,243.19,242.96,2025-02-22 01:14:40.571372,2025-02-22 01:16:11.977641,,242.96,,2025-02-22 01:16:11.977641,10000.00,LONG,-0.23,closed
3809,3,2,COIN,243.19,242.88,2025-02-22 01:14:40.571372,2025-02-22 01:16:12.475706,,242.88,,2025-02-22 01:16:12.475706,10000.00,LONG,-0.31,closed
3810,4,2,COIN,242.96,242.13,2025-02-22 01:16:11.977641,2025-02-22 01:20:06.638626,,242.13,,2025-02-22 01:20:06.638626,10000.00,SHORT,0.83,closed
3811,2,1,COIN,242.96,242.11,2025-02-22 01:16:11.977641,2025-02-22 01:20:08.390894,,242.11,,2025-02-22 01:20:08.390894,10000.00,SHORT,0.85,closed
3812,1,1,COIN,242.95,242.51,2025-02-22 01:16:12.980352,2025-02-22 01:17:49.398604,,242.51,,2025-02-22 01:17:49.398604,10000.00,LONG,-0.44,closed
3813,6,1,TSLA,338.42,336.15,2025-02-22 01:16:13.227806,2025-02-22 01:30:22.369861,,336.15,,2025-02-22 01:30:22.369861,10000.00,SHORT,2.27,closed
3814,3,2,COIN,242.95,242.60,2025-02-22 01:16:12.980352,2025-02-22 01:17:44.887810,,242.60,,2025-02-22 01:17:44.887810,10000.00,LONG,-0.35,closed
3815,3,2,COIN,242.79,242.29,2025-02-22 01:17:45.393872,2025-02-22 01:19:14.039497,,242.29,,2025-02-22 01:19:14.039497,10000.00,LONG,-0.50,closed
3816,1,1,COIN,242.59,242.28,2025-02-22 01:17:49.892790,2025-02-22 01:19:13.539496,,242.28,,2025-02-22 01:19:13.539496,10000.00,LONG,-0.31,closed
3817,1,1,COIN,242.30,241.91,2025-02-22 01:19:14.539824,2025-02-22 01:19:49.608320,,241.91,,2025-02-22 01:19:49.608320,10000.00,LONG,-0.39,closed
3818,3,2,COIN,242.34,241.88,2025-02-22 01:19:15.039958,2025-02-22 01:19:49.354561,,241.88,,2025-02-22 01:19:49.354561,10000.00,LONG,-0.46,closed
3819,3,2,COIN,242.20,241.58,2025-02-22 01:19:50.357415,2025-02-22 01:19:58.623381,,241.58,,2025-02-22 01:19:58.623381,10000.00,LONG,-0.62,closed
3820,1,1,COIN,242.20,241.61,2025-02-22 01:19:50.357415,2025-02-22 01:19:58.871698,,241.61,,2025-02-22 01:19:58.871698,10000.00,LONG,-0.59,closed
3821,3,2,COIN,241.58,241.58,2025-02-22 01:19:59.370021,2025-02-22 01:20:16.401706,,241.58,,2025-02-22 01:20:16.401706,10000.00,LONG,0.00,closed
3822,1,1,COIN,241.94,241.54,2025-02-22 01:19:59.878639,2025-02-22 01:20:15.908043,,241.54,,2025-02-22 01:20:15.908043,10000.00,LONG,-0.40,closed
3823,4,2,COIN,241.88,241.53,2025-02-22 01:20:07.387362,2025-02-22 01:20:58.232719,,241.53,,2025-02-22 01:20:58.232719,10000.00,SHORT,0.35,closed
3824,2,1,COIN,241.71,241.53,2025-02-22 01:20:09.643253,2025-02-22 01:20:58.232719,,241.53,,2025-02-22 01:20:58.232719,10000.00,SHORT,0.18,closed
3825,1,1,COIN,241.58,241.21,2025-02-22 01:20:16.401706,2025-02-22 01:20:31.431155,,241.21,,2025-02-22 01:20:31.431155,10000.00,LONG,-0.37,closed
3826,3,2,COIN,241.86,241.19,2025-02-22 01:20:17.404874,2025-02-22 01:20:29.932264,,241.19,,2025-02-22 01:20:29.932264,10000.00,LONG,-0.67,closed
3827,3,2,COIN,241.29,241.04,2025-02-22 01:20:30.428351,2025-02-22 01:21:16.265509,,241.04,,2025-02-22 01:21:16.265509,10000.00,LONG,-0.25,closed
3828,1,1,COIN,241.28,240.85,2025-02-22 01:20:32.239491,2025-02-22 01:21:17.013114,,240.85,,2025-02-22 01:21:17.013114,10000.00,LONG,-0.43,closed
3829,4,2,COIN,241.10,240.82,2025-02-22 01:21:04.491186,2025-02-22 01:23:15.963508,,240.82,,2025-02-22 01:23:15.963508,10000.00,SHORT,0.28,closed
3830,2,1,COIN,241.10,240.83,2025-02-22 01:21:04.491186,2025-02-22 01:23:13.715673,,240.83,,2025-02-22 01:23:13.715673,10000.00,SHORT,0.27,closed
3831,3,2,COIN,241.03,240.54,2025-02-22 01:21:17.519432,2025-02-22 01:22:00.592471,,240.54,,2025-02-22 01:22:00.592471,10000.00,LONG,-0.49,closed
3832,1,1,COIN,240.92,240.54,2025-02-22 01:21:18.014140,2025-02-22 01:22:00.592471,,240.54,,2025-02-22 01:22:00.592471,10000.00,LONG,-0.38,closed
3833,1,1,COIN,240.73,240.37,2025-02-22 01:22:01.337125,2025-02-22 01:22:51.670477,,240.37,,2025-02-22 01:22:51.670477,10000.00,LONG,-0.36,closed
3834,3,2,COIN,240.88,240.40,2025-02-22 01:22:01.592754,2025-02-22 01:22:44.413140,,240.40,,2025-02-22 01:22:44.413140,10000.00,LONG,-0.48,closed
3835,3,2,COIN,240.47,240.33,2025-02-22 01:22:45.408757,2025-02-22 01:23:23.978001,,240.33,,2025-02-22 01:23:23.978001,10000.00,LONG,-0.14,closed
3836,1,1,COIN,240.42,240.19,2025-02-22 01:22:52.921065,2025-02-22 01:23:27.731058,,240.19,,2025-02-22 01:23:27.731058,10000.00,LONG,-0.23,closed
3837,2,1,COIN,240.33,240.17,2025-02-22 01:23:23.978001,2025-02-22 01:24:09.193368,,240.17,,2025-02-22 01:24:09.193368,10000.00,SHORT,0.16,closed
3838,4,2,COIN,240.33,240.05,2025-02-22 01:23:23.978001,2025-02-22 01:24:11.440151,,240.05,,2025-02-22 01:24:11.440151,10000.00,SHORT,0.28,closed
3839,3,2,COIN,240.33,239.95,2025-02-22 01:23:23.978001,2025-02-22 01:23:44.149425,,239.95,,2025-02-22 01:23:44.149425,10000.00,LONG,-0.38,closed
3840,1,1,COIN,240.31,239.59,2025-02-22 01:23:28.488331,2025-02-22 01:23:44.648304,,239.59,,2025-02-22 01:23:44.648304,10000.00,LONG,-0.72,closed
3841,3,2,COIN,239.77,239.61,2025-02-22 01:23:45.145787,2025-02-22 01:24:13.192264,,239.61,,2025-02-22 01:24:13.192264,10000.00,LONG,-0.16,closed
3842,1,1,COIN,239.77,239.44,2025-02-22 01:23:45.145787,2025-02-22 01:24:44.496552,,239.44,,2025-02-22 01:24:44.496552,10000.00,LONG,-0.33,closed
3843,2,1,COIN,239.61,240.00,2025-02-22 01:24:13.192264,2025-02-22 01:24:55.266205,,240.00,,2025-02-22 01:24:55.266205,10000.00,SHORT,-0.39,closed
3844,4,2,COIN,239.61,240.00,2025-02-22 01:24:13.192264,2025-02-22 01:24:55.266205,,240.00,,2025-02-22 01:24:55.266205,10000.00,SHORT,-0.39,closed
3845,3,2,COIN,239.61,239.48,2025-02-22 01:24:14.442208,2025-02-22 01:24:44.993966,,239.48,,2025-02-22 01:24:44.993966,10000.00,LONG,-0.13,closed
3846,1,1,COIN,239.48,239.50,2025-02-22 01:24:44.993966,2025-02-22 01:25:15.545433,,239.50,,2025-02-22 01:25:15.545433,10000.00,LONG,0.02,closed
3847,3,2,COIN,239.45,239.50,2025-02-22 01:24:46.247880,2025-02-22 01:25:15.545433,,239.50,,2025-02-22 01:25:15.545433,10000.00,LONG,0.05,closed
3848,2,1,COIN,239.72,239.47,2025-02-22 01:25:11.036886,2025-02-22 01:25:45.601144,,239.47,,2025-02-22 01:25:45.601144,10000.00,SHORT,0.25,closed
3849,4,2,COIN,239.72,239.47,2025-02-22 01:25:11.036886,2025-02-22 01:25:45.601144,,239.47,,2025-02-22 01:25:45.601144,10000.00,SHORT,0.25,closed
3850,1,1,COIN,239.50,239.25,2025-02-22 01:25:15.545433,2025-02-22 01:25:27.062890,,239.25,,2025-02-22 01:25:27.062890,10000.00,LONG,-0.25,closed
3851,3,2,COIN,239.50,239.25,2025-02-22 01:25:15.545433,2025-02-22 01:25:27.062890,,239.25,,2025-02-22 01:25:27.062890,10000.00,LONG,-0.25,closed
3852,1,1,COIN,239.55,239.11,2025-02-22 01:25:27.566371,2025-02-22 01:25:39.585640,,239.11,,2025-02-22 01:25:39.585640,10000.00,LONG,-0.44,closed
3853,3,2,COIN,239.55,239.11,2025-02-22 01:25:27.566371,2025-02-22 01:25:39.585640,,239.11,,2025-02-22 01:25:39.585640,10000.00,LONG,-0.44,closed
3854,1,1,COIN,239.26,238.95,2025-02-22 01:25:41.086109,2025-02-22 01:25:52.612272,,238.95,,2025-02-22 01:25:52.612272,10000.00,LONG,-0.31,closed
3855,3,2,COIN,239.26,238.95,2025-02-22 01:25:41.086109,2025-02-22 01:25:52.612272,,238.95,,2025-02-22 01:25:52.612272,10000.00,LONG,-0.31,closed
3856,2,1,COIN,238.95,239.56,2025-02-22 01:25:46.598862,2025-02-22 01:25:48.349152,,239.56,,2025-02-22 01:25:48.349152,10000.00,SHORT,-0.61,closed
3857,4,2,COIN,239.26,239.60,2025-02-22 01:25:46.846485,2025-02-22 01:26:07.890826,,239.60,,2025-02-22 01:26:07.890826,10000.00,SHORT,-0.34,closed
3858,2,1,COIN,239.50,239.60,2025-02-22 01:25:50.362234,2025-02-22 01:26:07.890826,,239.60,,2025-02-22 01:26:07.890826,10000.00,SHORT,-0.10,closed
3859,1,1,COIN,239.13,239.04,2025-02-22 01:25:54.110752,2025-02-22 01:27:00.230118,,239.04,,2025-02-22 01:27:00.230118,10000.00,LONG,-0.09,closed
3860,3,2,COIN,239.13,239.04,2025-02-22 01:25:54.110752,2025-02-22 01:27:00.230118,,239.04,,2025-02-22 01:27:00.230118,10000.00,LONG,-0.09,closed
3861,2,1,COIN,239.37,239.43,2025-02-22 01:26:23.162947,2025-02-22 01:27:32.101791,,239.43,,2025-02-22 01:27:32.101791,10000.00,SHORT,-0.06,closed
3862,4,2,COIN,239.25,239.43,2025-02-22 01:26:24.164094,2025-02-22 01:27:32.101791,,239.43,,2025-02-22 01:27:32.101791,10000.00,SHORT,-0.18,closed
3863,3,2,COIN,239.04,239.46,2025-02-22 01:27:00.230118,2025-02-22 01:28:12.619425,,239.46,,2025-02-22 01:28:12.619425,10000.00,LONG,0.42,closed
3864,1,1,COIN,238.90,239.46,2025-02-22 01:27:01.985848,2025-02-22 01:28:12.619425,,239.46,,2025-02-22 01:28:12.619425,10000.00,LONG,0.56,closed
3865,1,1,COIN,239.45,239.45,2025-02-22 01:28:13.121039,2025-02-22 01:28:36.157702,,239.45,,2025-02-22 01:28:36.157702,10000.00,LONG,0.00,closed
3866,3,2,COIN,239.45,239.45,2025-02-22 01:28:13.121039,2025-02-22 01:28:36.157702,,239.45,,2025-02-22 01:28:36.157702,10000.00,LONG,0.00,closed
3867,2,1,COIN,239.45,239.07,2025-02-22 01:28:36.157702,2025-02-22 01:29:54.564673,,239.07,,2025-02-22 01:29:54.564673,10000.00,SHORT,0.38,closed
3868,1,1,COIN,239.86,239.35,2025-02-22 01:28:37.166531,2025-02-22 01:28:38.417462,,239.35,,2025-02-22 01:28:38.417462,10000.00,LONG,-0.51,closed
3869,3,2,COIN,239.86,239.35,2025-02-22 01:28:37.166531,2025-02-22 01:28:38.417462,,239.35,,2025-02-22 01:28:38.417462,10000.00,LONG,-0.51,closed
3870,1,1,COIN,239.46,239.00,2025-02-22 01:28:39.915471,2025-02-22 01:29:00.217719,,239.00,,2025-02-22 01:29:00.217719,10000.00,LONG,-0.46,closed
3871,3,2,COIN,239.46,239.00,2025-02-22 01:28:39.915471,2025-02-22 01:29:00.217719,,239.00,,2025-02-22 01:29:00.217719,10000.00,LONG,-0.46,closed
3872,4,2,COIN,239.21,239.19,2025-02-22 01:28:53.706318,2025-02-22 01:29:54.415779,,239.19,,2025-02-22 01:29:54.415779,10000.00,SHORT,0.02,closed
3873,1,1,COIN,239.00,238.88,2025-02-22 01:29:00.217719,2025-02-22 01:29:11.494752,,238.88,,2025-02-22 01:29:11.494752,10000.00,LONG,-0.12,closed
3874,3,2,COIN,239.00,238.88,2025-02-22 01:29:00.217719,2025-02-22 01:29:11.494752,,238.88,,2025-02-22 01:29:11.494752,10000.00,LONG,-0.12,closed
3875,1,1,COIN,239.00,240.35,2025-02-22 01:29:12.491779,2025-02-22 01:30:56.923220,,240.35,,2025-02-22 01:30:56.923220,10000.00,LONG,1.35,closed
3876,3,2,COIN,239.00,240.25,2025-02-22 01:29:12.491779,2025-02-22 01:30:57.423975,,240.25,,2025-02-22 01:30:57.423975,10000.00,LONG,1.25,closed
3877,4,2,COIN,238.90,239.46,2025-02-22 01:29:55.565019,2025-02-22 01:30:06.839297,,239.46,,2025-02-22 01:30:06.839297,10000.00,SHORT,-0.56,closed
3878,2,1,COIN,238.90,239.46,2025-02-22 01:29:55.565019,2025-02-22 01:30:06.839297,,239.46,,2025-02-22 01:30:06.839297,10000.00,SHORT,-0.56,closed
3879,2,1,COIN,239.19,239.74,2025-02-22 01:30:09.591445,2025-02-22 01:30:13.099065,,239.74,,2025-02-22 01:30:13.099065,10000.00,SHORT,-0.55,closed
3880,5,1,TSLA,336.15,335.81,2025-02-22 01:30:22.864313,2025-02-22 01:32:13.310336,,335.81,,2025-02-22 01:32:13.310336,10000.00,LONG,-10.11,closed
3881,1,1,COIN,240.25,239.60,2025-02-22 01:30:57.423975,2025-02-22 01:31:20.717487,,239.60,,2025-02-22 01:31:20.717487,10000.00,LONG,-0.65,closed
3882,3,2,COIN,240.21,239.60,2025-02-22 01:30:58.428805,2025-02-22 01:31:20.717487,,239.60,,2025-02-22 01:31:20.717487,10000.00,LONG,-0.61,closed
3883,3,2,COIN,239.61,239.65,2025-02-22 01:31:21.222459,2025-02-22 01:31:35.994497,,239.65,,2025-02-22 01:31:35.994497,10000.00,LONG,0.04,closed
3884,1,1,COIN,239.61,239.65,2025-02-22 01:31:21.222459,2025-02-22 01:31:35.994497,,239.65,,2025-02-22 01:31:35.994497,10000.00,LONG,0.04,closed
3885,2,1,COIN,239.61,240.20,2025-02-22 01:31:27.233834,2025-02-22 01:31:34.994085,,240.20,,2025-02-22 01:31:34.994085,10000.00,SHORT,-0.59,closed
3886,6,1,TSLA,336.30,336.20,2025-02-22 01:31:29.237433,2025-02-22 01:33:25.680920,,336.20,,2025-02-22 01:33:25.680920,10000.00,SHORT,0.10,closed
3887,4,2,COIN,239.62,239.75,2025-02-22 01:31:32.492102,2025-02-22 01:32:39.351074,,239.75,,2025-02-22 01:32:39.351074,10000.00,SHORT,-0.13,closed
3888,3,2,COIN,239.75,239.40,2025-02-22 01:31:36.746251,2025-02-22 01:32:19.316656,,239.40,,2025-02-22 01:32:19.316656,10000.00,LONG,-0.35,closed
3889,1,1,COIN,239.75,239.28,2025-02-22 01:31:36.746251,2025-02-22 01:32:22.820673,,239.28,,2025-02-22 01:32:22.820673,10000.00,LONG,-0.47,closed
3890,2,1,COIN,239.99,239.78,2025-02-22 01:31:49.016360,2025-02-22 01:32:35.848143,,239.78,,2025-02-22 01:32:35.848143,10000.00,SHORT,0.21,closed
3891,3,2,COIN,239.54,239.30,2025-02-22 01:32:20.319629,2025-02-22 01:32:46.863478,,239.30,,2025-02-22 01:32:46.863478,10000.00,LONG,-0.24,closed
3892,1,1,COIN,239.28,239.26,2025-02-22 01:32:22.820673,2025-02-22 01:32:40.106059,,239.26,,2025-02-22 01:32:40.106059,10000.00,LONG,-0.02,closed
3893,1,1,COIN,239.73,239.36,2025-02-22 01:32:40.353987,2025-02-22 01:33:13.156051,,239.36,,2025-02-22 01:33:13.156051,10000.00,LONG,-0.37,closed
3894,4,2,COIN,239.50,239.84,2025-02-22 01:32:41.360049,2025-02-22 01:32:49.369466,,239.84,,2025-02-22 01:32:49.369466,10000.00,SHORT,-0.34,closed
3895,2,1,COIN,239.50,239.84,2025-02-22 01:32:41.360049,2025-02-22 01:32:49.369466,,239.84,,2025-02-22 01:32:49.369466,10000.00,SHORT,-0.34,closed
3896,3,2,COIN,239.30,239.36,2025-02-22 01:32:46.863478,2025-02-22 01:33:13.156051,,239.36,,2025-02-22 01:33:13.156051,10000.00,LONG,0.06,closed
3897,2,1,COIN,239.59,239.86,2025-02-22 01:32:51.120272,2025-02-22 01:33:07.401875,,239.86,,2025-02-22 01:33:07.401875,10000.00,SHORT,-0.27,closed
3898,4,2,COIN,239.65,239.86,2025-02-22 01:32:54.623974,2025-02-22 01:33:07.401875,,239.86,,2025-02-22 01:33:07.401875,10000.00,SHORT,-0.21,closed
3899,4,2,COIN,239.49,239.84,2025-02-22 01:33:09.658491,2025-02-22 01:33:25.184103,,239.84,,2025-02-22 01:33:25.184103,10000.00,SHORT,-0.35,closed
3900,2,1,COIN,239.49,239.84,2025-02-22 01:33:09.658491,2025-02-22 01:33:25.184103,,239.84,,2025-02-22 01:33:25.184103,10000.00,SHORT,-0.35,closed
3901,3,2,COIN,239.66,239.30,2025-02-22 01:33:14.162338,2025-02-22 01:34:02.491225,,239.30,,2025-02-22 01:34:02.491225,10000.00,LONG,-0.36,closed
3902,1,1,COIN,239.66,239.30,2025-02-22 01:33:14.162338,2025-02-22 01:34:02.491225,,239.30,,2025-02-22 01:34:02.491225,10000.00,LONG,-0.36,closed
3903,5,1,TSLA,336.23,335.81,2025-02-22 01:33:23.422789,2025-02-22 01:34:05.746507,,335.81,,2025-02-22 01:34:05.746507,10000.00,LONG,-12.49,closed
3904,2,1,COIN,239.52,239.54,2025-02-22 01:33:59.733935,2025-02-22 01:34:30.537350,,239.54,,2025-02-22 01:34:30.537350,10000.00,SHORT,-0.02,closed
3905,4,2,COIN,239.30,239.61,2025-02-22 01:34:02.491225,2025-02-22 01:34:27.534281,,239.61,,2025-02-22 01:34:27.534281,10000.00,SHORT,-0.31,closed
3906,3,2,COIN,239.58,239.09,2025-02-22 01:34:03.744241,2025-02-22 01:34:11.000788,,239.09,,2025-02-22 01:34:11.000788,10000.00,LONG,-0.49,closed
3907,1,1,COIN,239.57,239.09,2025-02-22 01:34:03.992636,2025-02-22 01:34:11.000788,,239.09,,2025-02-22 01:34:11.000788,10000.00,LONG,-0.48,closed
3908,6,1,TSLA,335.82,335.84,2025-02-22 01:34:08.251107,2025-02-22 01:36:16.710922,,335.84,,2025-02-22 01:36:16.710922,10000.00,SHORT,-0.02,closed
3909,3,2,COIN,239.33,239.01,2025-02-22 01:34:12.009022,2025-02-22 01:34:45.561667,,239.01,,2025-02-22 01:34:45.561667,10000.00,LONG,-0.32,closed
3910,1,1,COIN,239.33,239.01,2025-02-22 01:34:12.009022,2025-02-22 01:34:45.561667,,239.01,,2025-02-22 01:34:45.561667,10000.00,LONG,-0.32,closed
3911,4,2,COIN,239.21,239.50,2025-02-22 01:34:28.283939,2025-02-22 01:35:09.349798,,239.50,,2025-02-22 01:35:09.349798,10000.00,SHORT,-0.29,closed
3912,2,1,COIN,239.34,239.50,2025-02-22 01:34:35.039435,2025-02-22 01:35:09.349798,,239.50,,2025-02-22 01:35:09.349798,10000.00,SHORT,-0.16,closed
3913,1,1,COIN,239.15,239.28,2025-02-22 01:34:46.557489,2025-02-22 01:36:31.482161,,239.28,,2025-02-22 01:36:31.482161,10000.00,LONG,0.13,closed
3914,3,2,COIN,239.01,239.28,2025-02-22 01:34:47.060103,2025-02-22 01:36:31.482161,,239.28,,2025-02-22 01:36:31.482161,10000.00,LONG,0.27,closed
3915,2,1,COIN,239.24,239.76,2025-02-22 01:35:23.618250,2025-02-22 01:36:19.211221,,239.76,,2025-02-22 01:36:19.211221,10000.00,SHORT,-0.52,closed
3916,5,1,TSLA,336.16,335.51,2025-02-22 01:36:28.727154,2025-02-22 01:36:56.027556,,335.51,,2025-02-22 01:36:56.027556,10000.00,LONG,-19.34,closed
3917,2,1,COIN,239.28,239.77,2025-02-22 01:36:31.482161,2025-02-22 01:36:45.507771,,239.77,,2025-02-22 01:36:45.507771,10000.00,SHORT,-0.49,closed
3918,3,2,COIN,239.58,239.27,2025-02-22 01:36:32.486890,2025-02-22 01:36:46.259366,,239.27,,2025-02-22 01:36:46.259366,10000.00,LONG,-0.31,closed
3919,1,1,COIN,239.58,239.28,2025-02-22 01:36:32.486890,2025-02-22 01:36:49.511324,,239.28,,2025-02-22 01:36:49.511324,10000.00,LONG,-0.30,closed
3920,2,1,COIN,239.27,239.77,2025-02-22 01:36:46.259366,2025-02-22 01:36:47.259411,,239.77,,2025-02-22 01:36:47.259411,10000.00,SHORT,-0.50,closed
3921,3,2,COIN,239.77,239.28,2025-02-22 01:36:47.259411,2025-02-22 01:36:49.511324,,239.28,,2025-02-22 01:36:49.511324,10000.00,LONG,-0.49,closed
3922,2,1,COIN,239.28,239.43,2025-02-22 01:36:49.511324,2025-02-22 01:37:49.365295,,239.43,,2025-02-22 01:37:49.365295,10000.00,SHORT,-0.15,closed
3923,3,2,COIN,239.28,239.02,2025-02-22 01:36:49.511324,2025-02-22 01:37:01.532877,,239.02,,2025-02-22 01:37:01.532877,10000.00,LONG,-0.26,closed
3924,1,1,COIN,239.75,239.24,2025-02-22 01:36:51.016775,2025-02-22 01:37:00.030169,,239.24,,2025-02-22 01:37:00.030169,10000.00,LONG,-0.51,closed
3925,1,1,COIN,239.13,238.91,2025-02-22 01:37:01.030835,2025-02-22 01:37:21.566899,,238.91,,2025-02-22 01:37:21.566899,10000.00,LONG,-0.22,closed
3926,4,2,COIN,239.02,239.51,2025-02-22 01:37:01.532877,2025-02-22 01:37:03.534080,,239.51,,2025-02-22 01:37:03.534080,10000.00,SHORT,-0.49,closed
3927,3,2,COIN,239.46,238.91,2025-02-22 01:37:02.299333,2025-02-22 01:37:21.566899,,238.91,,2025-02-22 01:37:21.566899,10000.00,LONG,-0.55,closed
3928,4,2,COIN,239.13,239.57,2025-02-22 01:37:08.042764,2025-02-22 01:37:50.114758,,239.57,,2025-02-22 01:37:50.114758,10000.00,SHORT,-0.44,closed
3929,6,1,TSLA,335.33,335.13,2025-02-22 01:37:12.299914,2025-02-22 01:40:58.187336,,335.13,,2025-02-22 01:40:58.187336,10000.00,SHORT,0.20,closed
3930,1,1,COIN,238.91,239.05,2025-02-22 01:37:21.566899,2025-02-22 01:37:57.631118,,239.05,,2025-02-22 01:37:57.631118,10000.00,LONG,0.14,closed
3931,3,2,COIN,238.97,239.05,2025-02-22 01:37:22.816643,2025-02-22 01:37:57.631118,,239.05,,2025-02-22 01:37:57.631118,10000.00,LONG,0.08,closed
3932,1,1,COIN,239.05,239.07,2025-02-22 01:37:57.631118,2025-02-22 01:38:11.403172,,239.07,,2025-02-22 01:38:11.403172,10000.00,LONG,0.02,closed
3933,3,2,COIN,239.05,239.07,2025-02-22 01:37:57.631118,2025-02-22 01:38:11.403172,,239.07,,2025-02-22 01:38:11.403172,10000.00,LONG,0.02,closed
3934,2,1,COIN,239.21,239.32,2025-02-22 01:38:03.644722,2025-02-22 01:39:24.276074,,239.32,,2025-02-22 01:39:24.276074,10000.00,SHORT,-0.11,closed
3935,4,2,COIN,239.07,239.32,2025-02-22 01:38:11.403172,2025-02-22 01:39:24.276074,,239.32,,2025-02-22 01:39:24.276074,10000.00,SHORT,-0.25,closed
3936,3,2,COIN,239.30,238.79,2025-02-22 01:38:12.402770,2025-02-22 01:38:31.687094,,238.79,,2025-02-22 01:38:31.687094,10000.00,LONG,-0.51,closed
3937,1,1,COIN,239.30,238.68,2025-02-22 01:38:12.402770,2025-02-22 01:38:31.437480,,238.68,,2025-02-22 01:38:31.437480,10000.00,LONG,-0.62,closed
3938,1,1,COIN,238.96,238.79,2025-02-22 01:38:32.248636,2025-02-22 01:39:37.049008,,238.79,,2025-02-22 01:39:37.049008,10000.00,LONG,-0.17,closed
3939,3,2,COIN,238.74,238.80,2025-02-22 01:38:32.688263,2025-02-22 01:39:35.546771,,238.80,,2025-02-22 01:39:35.546771,10000.00,LONG,0.06,closed
3940,3,2,COIN,238.89,238.67,2025-02-22 01:39:36.551026,2025-02-22 01:40:25.128485,,238.67,,2025-02-22 01:40:25.128485,10000.00,LONG,-0.22,closed
3941,1,1,COIN,238.68,238.64,2025-02-22 01:39:38.052839,2025-02-22 01:40:35.649561,,238.64,,2025-02-22 01:40:35.649561,10000.00,LONG,-0.04,closed
3942,2,1,COIN,238.73,238.83,2025-02-22 01:39:38.550418,2025-02-22 01:40:47.419935,,238.83,,2025-02-22 01:40:47.419935,10000.00,SHORT,-0.10,closed
3943,4,2,COIN,238.89,238.83,2025-02-22 01:40:14.612072,2025-02-22 01:40:53.925387,,238.83,,2025-02-22 01:40:53.925387,10000.00,SHORT,0.06,closed
3944,3,2,COIN,238.98,238.43,2025-02-22 01:40:25.385055,2025-02-22 01:40:36.147124,,238.43,,2025-02-22 01:40:36.147124,10000.00,LONG,-0.55,closed
3945,1,1,COIN,238.41,238.32,2025-02-22 01:40:36.648086,2025-02-22 01:40:54.679195,,238.32,,2025-02-22 01:40:54.679195,10000.00,LONG,-0.09,closed
3946,3,2,COIN,238.41,238.32,2025-02-22 01:40:36.648086,2025-02-22 01:40:54.679195,,238.32,,2025-02-22 01:40:54.679195,10000.00,LONG,-0.09,closed
3947,2,1,COIN,238.63,238.63,2025-02-22 01:40:48.167700,2025-02-22 01:41:53.779505,,238.63,,2025-02-22 01:41:53.779505,10000.00,SHORT,0.00,closed
3948,4,2,COIN,238.32,238.67,2025-02-22 01:40:54.679195,2025-02-22 01:41:15.467710,,238.67,,2025-02-22 01:41:15.467710,10000.00,SHORT,-0.35,closed
3949,1,1,COIN,238.33,238.22,2025-02-22 01:40:55.937696,2025-02-22 01:41:08.960144,,238.22,,2025-02-22 01:41:08.960144,10000.00,LONG,-0.11,closed
3950,3,2,COIN,238.33,238.14,2025-02-22 01:40:55.937696,2025-02-22 01:41:09.457736,,238.14,,2025-02-22 01:41:09.457736,10000.00,LONG,-0.19,closed
3951,5,1,TSLA,335.18,334.76,2025-02-22 01:41:01.444252,2025-02-22 01:44:17.710894,,334.76,,2025-02-22 01:44:17.710894,10000.00,LONG,-12.53,closed
3952,6,1,TSLA,334.74,335.43,2025-02-22 01:41:08.203157,2025-02-22 01:43:48.230912,,335.43,,2025-02-22 01:43:48.230912,10000.00,SHORT,-0.69,closed
3953,1,1,COIN,238.14,238.08,2025-02-22 01:41:09.457736,2025-02-22 01:41:21.228736,,238.08,,2025-02-22 01:41:21.228736,10000.00,LONG,-0.06,closed
3954,3,2,COIN,238.16,238.15,2025-02-22 01:41:10.458048,2025-02-22 01:41:59.538799,,238.15,,2025-02-22 01:41:59.538799,10000.00,LONG,-0.01,closed
3955,4,2,COIN,238.56,238.63,2025-02-22 01:41:15.718634,2025-02-22 01:41:53.779505,,238.63,,2025-02-22 01:41:53.779505,10000.00,SHORT,-0.07,closed
3956,1,1,COIN,238.48,238.15,2025-02-22 01:41:22.284728,2025-02-22 01:41:59.538799,,238.15,,2025-02-22 01:41:59.538799,10000.00,LONG,-0.33,closed
3957,4,2,COIN,238.16,238.08,2025-02-22 01:41:55.028799,2025-02-22 01:43:06.660827,,238.08,,2025-02-22 01:43:06.660827,10000.00,SHORT,0.08,closed
3958,2,1,COIN,238.16,238.08,2025-02-22 01:41:55.028799,2025-02-22 01:43:06.660827,,238.08,,2025-02-22 01:43:06.660827,10000.00,SHORT,0.08,closed
3959,1,1,COIN,238.29,238.02,2025-02-22 01:42:00.537591,2025-02-22 01:42:29.841184,,238.02,,2025-02-22 01:42:29.841184,10000.00,LONG,-0.27,closed
3960,3,2,COIN,238.29,238.01,2025-02-22 01:42:00.537591,2025-02-22 01:42:29.349249,,238.01,,2025-02-22 01:42:29.349249,10000.00,LONG,-0.28,closed
3961,3,2,COIN,238.02,237.68,2025-02-22 01:42:29.841184,2025-02-22 01:42:39.107706,,237.68,,2025-02-22 01:42:39.107706,10000.00,LONG,-0.34,closed
3962,1,1,COIN,238.26,237.68,2025-02-22 01:42:30.598499,2025-02-22 01:42:39.107706,,237.68,,2025-02-22 01:42:39.107706,10000.00,LONG,-0.58,closed
3963,1,1,COIN,237.97,237.45,2025-02-22 01:42:40.112304,2025-02-22 01:42:59.397473,,237.45,,2025-02-22 01:42:59.397473,10000.00,LONG,-0.52,closed
3964,3,2,COIN,237.74,237.45,2025-02-22 01:42:40.358090,2025-02-22 01:42:59.397473,,237.45,,2025-02-22 01:42:59.397473,10000.00,LONG,-0.29,closed
3965,1,1,COIN,237.58,237.85,2025-02-22 01:42:59.898093,2025-02-22 01:43:16.672236,,237.85,,2025-02-22 01:43:16.672236,10000.00,LONG,0.27,closed
3966,3,2,COIN,237.58,237.85,2025-02-22 01:42:59.898093,2025-02-22 01:43:16.672236,,237.85,,2025-02-22 01:43:16.672236,10000.00,LONG,0.27,closed
3967,1,1,COIN,237.90,238.01,2025-02-22 01:43:17.676550,2025-02-22 01:44:10.270341,,238.01,,2025-02-22 01:44:10.270341,10000.00,LONG,0.11,closed
3968,3,2,COIN,237.92,238.01,2025-02-22 01:43:17.925936,2025-02-22 01:44:10.270341,,238.01,,2025-02-22 01:44:10.270341,10000.00,LONG,0.09,closed
3969,2,1,COIN,237.97,238.49,2025-02-22 01:43:28.451043,2025-02-22 01:43:59.001282,,238.49,,2025-02-22 01:43:59.001282,10000.00,SHORT,-0.52,closed
3970,1,1,COIN,238.21,237.92,2025-02-22 01:44:11.270735,2025-02-22 01:44:14.281403,,237.92,,2025-02-22 01:44:14.281403,10000.00,LONG,-0.29,closed
3971,6,1,TSLA,335.04,335.34,2025-02-22 01:44:11.524425,2025-02-22 01:44:35.891932,,335.34,,2025-02-22 01:44:35.891932,10000.00,SHORT,-0.30,closed
3972,3,2,COIN,238.21,238.31,2025-02-22 01:44:11.270735,2025-02-22 01:45:35.242120,,238.31,,2025-02-22 01:45:35.242120,10000.00,LONG,0.10,closed
3973,2,1,COIN,237.93,238.46,2025-02-22 01:44:13.779579,2025-02-22 01:44:33.237263,,238.46,,2025-02-22 01:44:33.237263,10000.00,SHORT,-0.53,closed
3974,1,1,COIN,237.93,238.28,2025-02-22 01:44:15.033657,2025-02-22 01:45:32.302371,,238.28,,2025-02-22 01:45:32.302371,10000.00,LONG,0.35,closed
3975,4,2,COIN,237.87,238.46,2025-02-22 01:44:20.712336,2025-02-22 01:44:33.237263,,238.46,,2025-02-22 01:44:33.237263,10000.00,SHORT,-0.59,closed
3976,2,1,COIN,238.29,238.89,2025-02-22 01:44:58.428360,2025-02-22 01:45:09.198032,,238.89,,2025-02-22 01:45:09.198032,10000.00,SHORT,-0.60,closed
3977,5,1,TSLA,335.75,335.11,2025-02-22 01:45:05.694914,2025-02-22 01:46:08.296784,,335.11,,2025-02-22 01:46:08.296784,10000.00,LONG,-19.06,closed
3978,1,1,COIN,238.68,238.31,2025-02-22 01:45:32.486183,2025-02-22 01:45:35.242120,,238.31,,2025-02-22 01:45:35.242120,10000.00,LONG,-0.37,closed
3979,1,1,COIN,238.39,238.32,2025-02-22 01:45:35.744247,2025-02-22 01:45:51.269088,,238.32,,2025-02-22 01:45:51.269088,10000.00,LONG,-0.07,closed
3980,3,2,COIN,238.39,238.32,2025-02-22 01:45:35.744247,2025-02-22 01:45:51.269088,,238.32,,2025-02-22 01:45:51.269088,10000.00,LONG,-0.07,closed
3981,6,1,TSLA,335.50,335.84,2025-02-22 01:45:43.755843,2025-02-22 01:46:31.336671,,335.84,,2025-02-22 01:46:31.336671,10000.00,SHORT,-0.34,closed
3982,2,1,COIN,238.31,238.80,2025-02-22 01:45:45.006113,2025-02-22 01:45:57.029749,,238.80,,2025-02-22 01:45:57.029749,10000.00,SHORT,-0.49,closed
3983,1,1,COIN,238.32,238.19,2025-02-22 01:45:52.016870,2025-02-22 01:46:04.042002,,238.19,,2025-02-22 01:46:04.042002,10000.00,LONG,-0.13,closed
3984,3,2,COIN,238.33,238.19,2025-02-22 01:45:52.773442,2025-02-22 01:46:04.042002,,238.19,,2025-02-22 01:46:04.042002,10000.00,LONG,-0.14,closed
3985,2,1,COIN,238.19,238.84,2025-02-22 01:46:04.042002,2025-02-22 01:46:13.312084,,238.84,,2025-02-22 01:46:13.312084,10000.00,SHORT,-0.65,closed
3986,4,2,COIN,238.19,239.00,2025-02-22 01:46:04.042002,2025-02-22 01:46:16.061268,,239.00,,2025-02-22 01:46:16.061268,10000.00,SHORT,-0.81,closed
3987,1,1,COIN,238.19,238.85,2025-02-22 01:46:04.042002,2025-02-22 01:47:11.403156,,238.85,,2025-02-22 01:47:11.403156,10000.00,LONG,0.66,closed
3988,3,2,COIN,238.19,238.52,2025-02-22 01:46:04.042002,2025-02-22 01:46:43.113103,,238.52,,2025-02-22 01:46:43.113103,10000.00,LONG,0.33,closed
3989,2,1,COIN,238.45,239.00,2025-02-22 01:46:14.308468,2025-02-22 01:46:59.388142,,239.00,,2025-02-22 01:46:59.388142,10000.00,SHORT,-0.55,closed
3990,3,2,COIN,238.71,238.85,2025-02-22 01:46:43.607528,2025-02-22 01:47:11.403156,,238.85,,2025-02-22 01:47:11.403156,10000.00,LONG,0.14,closed
3991,5,1,TSLA,335.80,337.07,2025-02-22 01:47:06.145078,2025-02-22 01:54:13.883818,,337.07,,2025-02-22 01:54:13.883818,10000.00,LONG,37.82,closed
3992,1,1,COIN,238.85,238.74,2025-02-22 01:47:11.403156,2025-02-22 01:47:19.674213,,238.74,,2025-02-22 01:47:19.674213,10000.00,LONG,-0.11,closed
3993,3,2,COIN,238.85,238.74,2025-02-22 01:47:11.403156,2025-02-22 01:47:19.674213,,238.74,,2025-02-22 01:47:19.674213,10000.00,LONG,-0.11,closed
3994,2,1,COIN,238.99,239.22,2025-02-22 01:47:18.416878,2025-02-22 01:47:29.688998,,239.22,,2025-02-22 01:47:29.688998,10000.00,SHORT,-0.23,closed
3995,4,2,COIN,238.74,239.22,2025-02-22 01:47:19.674213,2025-02-22 01:47:29.688998,,239.22,,2025-02-22 01:47:29.688998,10000.00,SHORT,-0.48,closed
3996,1,1,COIN,239.06,239.10,2025-02-22 01:47:20.171432,2025-02-22 01:47:56.985493,,239.10,,2025-02-22 01:47:56.985493,10000.00,LONG,0.04,closed
3997,3,2,COIN,239.06,239.10,2025-02-22 01:47:20.171432,2025-02-22 01:47:56.985493,,239.10,,2025-02-22 01:47:56.985493,10000.00,LONG,0.04,closed
3998,6,1,TSLA,335.53,336.06,2025-02-22 01:47:20.923845,2025-02-22 01:48:39.808522,,336.06,,2025-02-22 01:48:39.808522,10000.00,SHORT,-0.53,closed
3999,1,1,COIN,239.10,238.53,2025-02-22 01:47:56.985493,2025-02-22 01:48:10.256124,,238.53,,2025-02-22 01:48:10.256124,10000.00,LONG,-0.57,closed
4000,3,2,COIN,239.04,238.53,2025-02-22 01:47:58.234732,2025-02-22 01:48:10.256124,,238.53,,2025-02-22 01:48:10.256124,10000.00,LONG,-0.51,closed
4001,2,1,COIN,238.80,239.04,2025-02-22 01:48:00.244588,2025-02-22 01:49:12.364244,,239.04,,2025-02-22 01:49:12.364244,10000.00,SHORT,-0.24,closed
4002,4,2,COIN,238.81,239.01,2025-02-22 01:48:03.498183,2025-02-22 01:48:21.027067,,239.01,,2025-02-22 01:48:21.027067,10000.00,SHORT,-0.20,closed
4003,1,1,COIN,238.79,238.58,2025-02-22 01:48:11.006684,2025-02-22 01:48:32.351823,,238.58,,2025-02-22 01:48:32.351823,10000.00,LONG,-0.21,closed
4004,3,2,COIN,238.79,238.58,2025-02-22 01:48:11.006684,2025-02-22 01:48:32.351823,,238.58,,2025-02-22 01:48:32.351823,10000.00,LONG,-0.21,closed
4005,4,2,COIN,238.58,239.25,2025-02-22 01:48:32.351823,2025-02-22 01:49:13.114543,,239.25,,2025-02-22 01:49:13.114543,10000.00,SHORT,-0.67,closed
4006,1,1,COIN,238.58,238.65,2025-02-22 01:48:32.351823,2025-02-22 01:49:23.127057,,238.65,,2025-02-22 01:49:23.127057,10000.00,LONG,0.07,closed
4007,3,2,COIN,238.58,238.65,2025-02-22 01:48:32.351823,2025-02-22 01:49:23.127057,,238.65,,2025-02-22 01:49:23.127057,10000.00,LONG,0.07,closed
4008,2,1,COIN,238.79,238.43,2025-02-22 01:49:20.125461,2025-02-22 01:50:17.478163,,238.43,,2025-02-22 01:50:17.478163,10000.00,SHORT,0.36,closed
4009,4,2,COIN,238.64,238.43,2025-02-22 01:49:21.122948,2025-02-22 01:50:17.478163,,238.43,,2025-02-22 01:50:17.478163,10000.00,SHORT,0.21,closed
4010,3,2,COIN,238.78,238.20,2025-02-22 01:49:23.628455,2025-02-22 01:49:26.886886,,238.20,,2025-02-22 01:49:26.886886,10000.00,LONG,-0.58,closed
4011,1,1,COIN,238.78,238.22,2025-02-22 01:49:23.628455,2025-02-22 01:49:26.136153,,238.22,,2025-02-22 01:49:26.136153,10000.00,LONG,-0.56,closed
4012,1,1,COIN,238.20,238.07,2025-02-22 01:49:26.886886,2025-02-22 01:50:11.715498,,238.07,,2025-02-22 01:50:11.715498,10000.00,LONG,-0.13,closed
4013,3,2,COIN,238.20,237.90,2025-02-22 01:49:26.886886,2025-02-22 01:50:14.471364,,237.90,,2025-02-22 01:50:14.471364,10000.00,LONG,-0.30,closed
4014,6,1,TSLA,336.04,336.68,2025-02-22 01:49:40.657961,2025-02-22 01:50:37.758938,,336.68,,2025-02-22 01:50:37.758938,10000.00,SHORT,-0.64,closed
4015,1,1,COIN,238.22,239.51,2025-02-22 01:50:12.270156,2025-02-22 01:51:58.648344,,239.51,,2025-02-22 01:51:58.648344,10000.00,LONG,1.29,closed
4016,3,2,COIN,238.07,239.44,2025-02-22 01:50:15.719034,2025-02-22 01:52:12.420782,,239.44,,2025-02-22 01:52:12.420782,10000.00,LONG,1.37,closed
4017,4,2,COIN,238.31,238.55,2025-02-22 01:50:18.472586,2025-02-22 01:50:20.733699,,238.55,,2025-02-22 01:50:20.733699,10000.00,SHORT,-0.24,closed
4018,2,1,COIN,238.31,238.60,2025-02-22 01:50:18.472586,2025-02-22 01:50:20.981207,,238.60,,2025-02-22 01:50:20.981207,10000.00,SHORT,-0.29,closed
4019,2,1,COIN,238.41,238.96,2025-02-22 01:50:21.979067,2025-02-22 01:50:29.745666,,238.96,,2025-02-22 01:50:29.745666,10000.00,SHORT,-0.55,closed
4020,1,1,COIN,239.86,239.33,2025-02-22 01:51:59.405577,2025-02-22 01:52:20.191039,,239.33,,2025-02-22 01:52:20.191039,10000.00,LONG,-0.53,closed
4021,4,2,COIN,239.44,239.69,2025-02-22 01:52:12.420782,2025-02-22 01:52:41.223153,,239.69,,2025-02-22 01:52:41.223153,10000.00,SHORT,-0.25,closed
4022,2,1,COIN,239.44,239.68,2025-02-22 01:52:12.420782,2025-02-22 01:52:32.960651,,239.68,,2025-02-22 01:52:32.960651,10000.00,SHORT,-0.24,closed
4023,3,2,COIN,239.54,239.32,2025-02-22 01:52:13.177983,2025-02-22 01:53:00.757507,,239.32,,2025-02-22 01:53:00.757507,10000.00,LONG,-0.22,closed
4024,1,1,COIN,239.50,239.32,2025-02-22 01:52:21.439121,2025-02-22 01:53:00.757507,,239.32,,2025-02-22 01:53:00.757507,10000.00,LONG,-0.18,closed
4025,2,1,COIN,239.34,239.85,2025-02-22 01:52:38.718755,2025-02-22 01:52:40.971906,,239.85,,2025-02-22 01:52:40.971906,10000.00,SHORT,-0.51,closed
4026,4,2,COIN,239.60,239.85,2025-02-22 01:52:56.750279,2025-02-22 01:53:22.348727,,239.85,,2025-02-22 01:53:22.348727,10000.00,SHORT,-0.25,closed
4027,2,1,COIN,239.61,239.85,2025-02-22 01:52:57.254389,2025-02-22 01:53:14.282859,,239.85,,2025-02-22 01:53:14.282859,10000.00,SHORT,-0.24,closed
4028,1,1,COIN,239.54,239.35,2025-02-22 01:53:01.755556,2025-02-22 01:53:46.087504,,239.35,,2025-02-22 01:53:46.087504,10000.00,LONG,-0.19,closed
4029,3,2,COIN,239.33,239.35,2025-02-22 01:53:02.012922,2025-02-22 01:53:46.087504,,239.35,,2025-02-22 01:53:46.087504,10000.00,LONG,0.02,closed
4030,6,1,TSLA,337.61,337.31,2025-02-22 01:53:35.570693,2025-02-22 01:55:31.264749,,337.31,,2025-02-22 01:55:31.264749,10000.00,SHORT,0.30,closed
4031,2,1,COIN,239.41,239.54,2025-02-22 01:53:39.574968,2025-02-22 01:54:21.401029,,239.54,,2025-02-22 01:54:21.401029,10000.00,SHORT,-0.13,closed
4032,4,2,COIN,239.35,239.54,2025-02-22 01:53:46.087504,2025-02-22 01:54:21.401029,,239.54,,2025-02-22 01:54:21.401029,10000.00,SHORT,-0.19,closed
4033,1,1,COIN,239.35,239.06,2025-02-22 01:53:46.087504,2025-02-22 01:54:18.395749,,239.06,,2025-02-22 01:54:18.395749,10000.00,LONG,-0.29,closed
4034,3,2,COIN,239.68,239.06,2025-02-22 01:53:47.594703,2025-02-22 01:54:18.891900,,239.06,,2025-02-22 01:54:18.891900,10000.00,LONG,-0.62,closed
4035,1,1,COIN,239.20,239.01,2025-02-22 01:54:19.646295,2025-02-22 01:54:23.654862,,239.01,,2025-02-22 01:54:23.654862,10000.00,LONG,-0.19,closed
4036,3,2,COIN,239.20,238.93,2025-02-22 01:54:19.646295,2025-02-22 01:54:26.656537,,238.93,,2025-02-22 01:54:26.656537,10000.00,LONG,-0.27,closed
4037,2,1,COIN,239.00,239.42,2025-02-22 01:54:23.150086,2025-02-22 01:55:03.471850,,239.42,,2025-02-22 01:55:03.471850,10000.00,SHORT,-0.42,closed
4038,4,2,COIN,239.35,239.42,2025-02-22 01:54:23.902578,2025-02-22 01:55:00.213527,,239.42,,2025-02-22 01:55:00.213527,10000.00,SHORT,-0.07,closed
4039,1,1,COIN,239.35,239.35,2025-02-22 01:54:23.902578,2025-02-22 01:57:19.690890,,239.35,,2025-02-22 01:57:19.690890,10000.00,LONG,0.00,closed
4040,3,2,COIN,238.93,239.08,2025-02-22 01:54:27.157660,2025-02-22 01:55:19.490153,,239.08,,2025-02-22 01:55:19.490153,10000.00,LONG,0.15,closed
4041,4,2,COIN,239.01,239.63,2025-02-22 01:55:00.710906,2025-02-22 01:55:06.222558,,239.63,,2025-02-22 01:55:06.222558,10000.00,SHORT,-0.62,closed
4042,2,1,COIN,239.26,239.54,2025-02-22 01:55:11.236363,2025-02-22 01:55:31.016157,,239.54,,2025-02-22 01:55:31.016157,10000.00,SHORT,-0.28,closed
4043,3,2,COIN,239.40,239.35,2025-02-22 01:55:20.242338,2025-02-22 01:57:19.690890,,239.35,,2025-02-22 01:57:19.690890,10000.00,LONG,-0.05,closed
4044,5,1,TSLA,337.32,337.03,2025-02-22 01:55:42.784628,2025-02-22 01:59:29.910954,,337.03,,2025-02-22 01:59:29.910954,10000.00,LONG,-8.60,closed
4045,2,1,COIN,239.19,239.69,2025-02-22 01:55:49.793577,2025-02-22 01:56:44.135265,,239.69,,2025-02-22 01:56:44.135265,10000.00,SHORT,-0.50,closed
4046,6,1,TSLA,337.32,337.77,2025-02-22 01:56:53.145085,2025-02-22 01:58:38.320999,,337.77,,2025-02-22 01:58:38.320999,10000.00,SHORT,-0.45,closed
4047,1,1,COIN,239.35,239.36,2025-02-22 01:57:19.690890,2025-02-22 01:58:39.576564,,239.36,,2025-02-22 01:58:39.576564,10000.00,LONG,0.01,closed
4048,3,2,COIN,239.35,239.40,2025-02-22 01:57:19.690890,2025-02-22 01:58:10.527191,,239.40,,2025-02-22 01:58:10.527191,10000.00,LONG,0.05,closed
4049,2,1,COIN,239.48,239.94,2025-02-22 01:57:31.455207,2025-02-22 01:57:39.221917,,239.94,,2025-02-22 01:57:39.221917,10000.00,SHORT,-0.46,closed
4050,2,1,COIN,239.60,239.33,2025-02-22 01:57:54.588411,2025-02-22 02:00:37.527507,,239.33,,2025-02-22 02:00:37.527507,10000.00,SHORT,0.27,closed
4051,4,2,COIN,239.54,239.11,2025-02-22 01:58:03.010146,2025-02-22 02:00:32.321626,,239.11,,2025-02-22 02:00:32.321626,10000.00,SHORT,0.43,closed
4052,3,2,COIN,239.54,239.03,2025-02-22 01:58:10.771637,2025-02-22 01:59:07.119504,,239.03,,2025-02-22 01:59:07.119504,10000.00,LONG,-0.51,closed
4053,1,1,COIN,239.40,239.03,2025-02-22 01:58:40.072275,2025-02-22 01:59:07.119504,,239.03,,2025-02-22 01:59:07.119504,10000.00,LONG,-0.37,closed
4054,1,1,COIN,239.03,238.74,2025-02-22 01:59:07.119504,2025-02-22 01:59:19.143323,,238.74,,2025-02-22 01:59:19.143323,10000.00,LONG,-0.29,closed
4055,3,2,COIN,239.03,238.74,2025-02-22 01:59:07.119504,2025-02-22 01:59:19.143323,,238.74,,2025-02-22 01:59:19.143323,10000.00,LONG,-0.29,closed
4056,6,1,TSLA,337.32,337.55,2025-02-22 01:59:19.889904,2025-02-22 02:00:32.763234,,337.55,,2025-02-22 02:00:32.763234,10000.00,SHORT,-0.23,closed
4057,1,1,COIN,238.74,238.72,2025-02-22 01:59:19.143323,2025-02-22 02:00:20.241872,,238.72,,2025-02-22 02:00:20.241872,10000.00,LONG,-0.02,closed
4058,3,2,COIN,238.74,238.56,2025-02-22 01:59:19.143323,2025-02-22 02:00:26.003191,,238.56,,2025-02-22 02:00:26.003191,10000.00,LONG,-0.18,closed
4059,1,1,COIN,238.95,,2025-02-22 02:00:21.495188,,,,,,10000.00,LONG,,open
4060,3,2,COIN,238.71,,2025-02-22 02:00:26.251328,,,,,,10000.00,LONG,,open
4061,5,1,TSLA,337.55,,2025-02-22 02:00:35.769574,,,,,,10000.00,LONG,,open
4062,2,1,COIN,240.44,,2025-02-22 02:05:16.575713,,,,,,10000.00,SHORT,,open
4063,4,2,COIN,240.36,,2025-02-22 02:05:19.087374,,,,,,10000.00,SHORT,,open
4064,7,2,TSLA,338.75,,2025-02-22 02:06:15.929696,,,337.50,,2025-02-22 02:13:42.600822,10000.00,LONG,,pending_exit
4065,7,2,TSLA,337.05,336.37,2025-02-22 02:18:21.080989,2025-02-22 02:19:27.691675,,336.37,,2025-02-22 02:19:27.691675,10000.00,LONG,-0.20,pending_exit
4066,7,2,TSLA,336.70,336.27,2025-02-22 02:21:49.422617,2025-02-22 02:26:13.587065,,336.27,,2025-02-22 02:26:13.587065,10000.00,LONG,-0.13,pending_exit
4067,7,2,TSLA,336.36,335.95,2025-02-22 02:29:21.697874,2025-02-22 02:30:23.815106,,335.95,,2025-02-22 02:30:23.815106,10000.00,LONG,-0.12,pending_exit
4068,7,2,TSLA,336.34,336.29,2025-02-22 02:32:59.779280,2025-02-22 02:34:57.224786,,336.29,,2025-02-22 02:34:57.224786,10000.00,LONG,-0.01,pending_exit
4069,7,2,TSLA,336.73,336.14,2025-02-22 02:35:53.577528,2025-02-22 02:40:21.518160,,336.14,,2025-02-22 02:40:21.518160,10000.00,LONG,-0.18,pending_exit
4070,7,2,TSLA,336.37,336.65,2025-02-22 02:43:07.802088,2025-02-22 02:44:40.960157,,336.65,,2025-02-22 02:44:40.960157,10000.00,LONG,0.08,pending_exit
4071,7,2,TSLA,335.58,335.97,2025-02-22 02:49:54.463078,2025-02-22 02:52:29.541238,,335.97,,2025-02-22 02:52:29.541238,10000.00,LONG,0.12,pending_exit
4072,7,2,TSLA,336.92,337.52,2025-02-22 02:53:09.862304,2025-02-22 02:57:11.724425,,337.52,,2025-02-22 02:57:11.724425,10000.00,LONG,0.18,pending_exit
4073,7,2,TSLA,337.99,337.38,2025-02-22 02:57:47.757346,2025-02-22 02:59:34.229299,,337.38,,2025-02-22 02:59:34.229299,10000.00,LONG,-0.18,pending_exit
4074,7,2,TSLA,337.79,337.11,2025-02-22 03:00:26.012128,2025-02-22 03:00:58.898965,,337.11,,2025-02-22 03:00:58.898965,10000.00,LONG,-0.20,pending_exit
4075,7,2,TSLA,338.06,337.45,2025-02-22 03:01:17.538982,2025-02-22 03:01:38.612020,,337.45,,2025-02-22 03:01:38.612020,10000.00,LONG,-0.18,pending_exit
4076,7,2,TSLA,337.51,337.32,2025-02-22 03:01:58.734538,2025-02-22 03:26:57.993596,,337.32,,2025-02-22 03:26:57.993596,10000.00,LONG,-0.06,pending_exit
